timestamp,price,market_cap,volume_24h,circulating_supply,price_change_24h,bullish_sentiment,bearish_sentiment
2025-10-27 05:46:46,"$115,297.75",$2.29T,$59.4B,19.94M BTC,2.66% (24h),82%,18%
2025-10-27 05:59:56,"$115,262.37",$2.29T,$58.29B,19.94M BTC,2.48% (24h),82%,18%
2025-10-27 06:34:21,"$115,437.80",$2.3T,$59.48B,19.94M BTC,2.82% (24h),82%,18%
2025-10-27 06:54:40,"$115,471.61",$2.3T,$59.51B,19.94M BTC,2.63% (24h),82%,18%
2025-10-27 07:22:31,"$115,234.11",$2.29T,$59.57B,19.94M BTC,2.33% (24h),82%,18%
2025-10-27 07:42:34,"$115,500.30",$2.3T,$58.37B,19.94M BTC,2.25% (24h),82%,18%
2025-10-27 07:59:24,"$115,415.52",$2.3T,$58.56B,19.94M BTC,1.88% (24h),82%,18%
2025-10-27 08:59:14,"$115,063.46",$2.29T,$57.49B,19.94M BTC,1.28% (24h),82%,18%
2025-10-27 09:39:47,"$114,763.91",$2.28T,$56.92B,19.94M BTC,1.03% (24h),82%,18%
2025-10-27 09:56:14,"$115,308.33",$2.29T,$58.13B,19.94M BTC,1.48% (24h),82%,18%
2025-10-27 10:27:48,"$114,874.72",$2.29T,$58.68B,19.94M BTC,1.05% (24h),82%,18%
2025-10-27 10:47:13,"$114,840.14",$2.28T,$58.14B,19.94M BTC,0.89% (24h),82%,18%
2025-10-27 10:59:45,"$114,798.95",$2.28T,$58.17B,19.94M BTC,1.07% (24h),82%,18%
2025-10-27 11:30:19,"$115,061.51",$2.29T,$60.07B,19.94M BTC,1.38% (24h),82%,18%
2025-10-27 11:46:35,"$114,981.25",$2.29T,$60.08B,19.94M BTC,1.31% (24h),82%,18%
2025-10-27 11:59:46,"$114,936.07",$2.29T,$60.15B,19.94M BTC,1.09% (24h),82%,18%
2025-10-27 12:37:44,"$115,475.61",$2.3T,$60.36B,19.94M BTC,1.79% (24h),82%,18%
2025-10-27 12:56:48,"$115,553.85",$2.3T,$60.8B,19.94M BTC,1.62% (24h),82%,18%
2025-10-27 13:23:04,"$115,417.81",$2.3T,$61.11B,19.94M BTC,1.51% (24h),82%,18%
2025-10-27 13:43:40,"$115,637.94",$2.3T,$62.27B,19.94M BTC,1.8% (24h),82%,18%
2025-10-27 13:59:34,"$115,665.45",$2.3T,$62.15B,19.94M BTC,1.94% (24h),82%,18%
2025-10-27 14:40:16,"$115,463.94",$2.3T,$61.69B,19.94M BTC,1.53% (24h),82%,18%
2025-10-27 14:56:15,"$115,380.98",$2.3T,$62.72B,19.94M BTC,1.5% (24h),82%,18%
2025-10-27 15:20:49,"$115,079.57",$2.29T,$62.07B,19.94M BTC,1.34% (24h),82%,18%
2025-10-27 15:33:59,"$114,827.22",$2.28T,$63.16B,19.94M BTC,1.03% (24h),82%,18%
2025-10-27 15:49:32,"$114,976.26",$2.29T,$63.41B,19.94M BTC,1.21% (24h),82%,18%
2025-10-27 16:02:18,"$114,813.17",$2.28T,$62.83B,19.94M BTC,1.1% (24h),82%,18%
2025-10-27 16:30:23,"$114,718.16",$2.28T,$63.35B,19.94M BTC,1.17% (24h),82%,18%
2025-10-27 16:46:06,"$114,656.32",$2.28T,$64.44B,19.94M BTC,1.04% (24h),82%,18%
2025-10-27 16:59:36,"$114,526.75",$2.28T,$63.68B,19.94M BTC,0.97% (24h),82%,18%
2025-10-27 17:25:28,"$114,234.46",$2.27T,$64.13B,19.94M BTC,0.78% (24h),82%,18%
2025-10-27 17:41:23,"$114,350.42",$2.28T,$63.72B,19.94M BTC,0.83% (24h),82%,18%
2025-10-27 17:54:03,"$114,535.50",$2.28T,$65.11B,19.94M BTC,0.92% (24h),82%,18%
2025-10-27 18:23:21,"$114,572.01",$2.28T,$61.26B,19.94M BTC,0.18% (24h),82%,18%
2025-10-27 18:44:14,"$114,275.33",$2.27T,$62.07B,19.94M BTC,0.2% (24h),82%,18%
2025-10-27 18:58:59,"$114,113.44",$2.27T,$60.95B,19.94M BTC,0.56% (24h),82%,18%
2025-10-27 19:25:59,"$113,989.21",$2.27T,$60.77B,19.94M BTC,0.48% (24h),82%,18%
2025-10-27 19:41:17,"$114,132.63",$2.27T,$61.81B,19.94M BTC,0.45% (24h),82%,18%
2025-10-27 19:53:33,"$114,140.35",$2.27T,$60.86B,19.94M BTC,0.34% (24h),82%,18%
2025-10-27 21:52:15,"$114,420.29",$2.28T,$58.75B,19.94M BTC,0.79% (24h),82%,18%
2025-10-27 23:12:49,"$113,888.05",$2.27T,$58.79B,19.94M BTC,0.95% (24h),82%,18%
2025-10-27 23:51:39,"$113,815.46",$2.26T,$59.02B,19.94M BTC,1.05% (24h),82%,18%
2025-10-28 00:16:10,"$113,902.22",$2.27T,$57.65B,19.94M BTC,1.1% (24h),82%,18%
2025-10-28 00:41:57,"$113,932.46",$2.27T,$58.96B,19.94M BTC,1.09% (24h),82%,18%
2025-10-28 00:59:10,"$113,977.27",$2.27T,$58.94B,19.94M BTC,1.09% (24h),82%,18%
2025-10-28 01:30:04,"$113,965.10",$2.27T,$57.66B,19.94M BTC,1.35% (24h),82%,18%
2025-10-28 01:47:11,"$113,670.65",$2.26T,$57.1B,19.94M BTC,1.62% (24h),82%,18%
2025-10-28 01:59:33,"$113,650.86",$2.26T,$57.41B,19.94M BTC,1.66% (24h),82%,18%
2025-10-28 02:42:50,"$114,017.13",$2.27T,$56.72B,19.94M BTC,1.47% (24h),82%,18%
2025-10-28 03:01:18,"$114,147.60",$2.27T,$55.64B,19.94M BTC,1.57% (24h),82%,18%
2025-10-28 03:29:20,"$114,252.95",$2.27T,$53.9B,19.94M BTC,1.45% (24h),82%,18%
2025-10-28 03:44:21,"$114,185.13",$2.27T,$54.03B,19.94M BTC,1.2% (24h),82%,18%
2025-10-28 03:59:06,"$114,215.25",$2.27T,$53.13B,19.94M BTC,1.18% (24h),82%,18%
2025-10-28 04:38:10,"$114,402.28",$2.28T,$51.07B,19.94M BTC,0.79% (24h),82%,18%
2025-10-28 04:56:53,"$114,386.36",$2.28T,$50.47B,19.94M BTC,0.48% (24h),82%,18%
2025-10-28 05:28:01,"$114,214.31",$2.27T,$50.1B,19.94M BTC,0.83% (24h),82%,18%
2025-10-28 05:46:14,"$114,489.09",$2.28T,$49.53B,19.94M BTC,0.69% (24h),82%,18%
2025-10-28 05:59:27,"$114,517.87",$2.28T,$48.51B,19.94M BTC,0.64% (24h),82%,18%
2025-10-28 06:32:56,"$114,497.16",$2.28T,$47.98B,19.94M BTC,0.81% (24h),82%,18%
2025-10-28 06:53:39,"$114,529.49",$2.28T,$48.78B,19.94M BTC,0.83% (24h),82%,18%
2025-10-28 07:21:37,"$114,587.04",$2.28T,$47.87B,19.94M BTC,0.57% (24h),82%,18%
2025-10-28 07:36:02,"$114,570.11",$2.28T,$47.84B,19.94M BTC,0.7% (24h),82%,18%
2025-10-28 07:49:49,"$114,412.75",$2.28T,$48.86B,19.94M BTC,0.84% (24h),82%,18%
2025-10-28 08:01:49,"$114,361.04",$2.28T,$48.81B,19.94M BTC,0.84% (24h),82%,18%
2025-10-28 08:58:54,"$114,460.92",$2.28T,$47.37B,19.94M BTC,0.52% (24h),82%,18%
2025-10-28 09:38:29,"$115,019.79",$2.29T,$48.85B,19.94M BTC,0.13% (24h),82%,18%
2025-10-28 09:54:16,"$115,424.64",$2.3T,$48.67B,19.94M BTC,0.08% (24h),82%,18%
2025-10-28 10:27:10,"$115,730.39",$2.3T,$50.51B,19.94M BTC,0.75% (24h),82%,18%
2025-10-28 10:49:32,"$114,824.49",$2.28T,$50.49B,19.94M BTC,0% (24h),82%,18%
2025-10-28 11:01:20,"$115,092.63",$2.29T,$51.76B,19.94M BTC,0.23% (24h),82%,18%
2025-10-28 11:33:14,"$114,958.21",$2.29T,$51.3B,19.94M BTC,0.09% (24h),82%,18%
2025-10-28 11:52:51,"$114,834.28",$2.28T,$51.88B,19.94M BTC,0.17% (24h),82%,18%
2025-10-28 12:34:45,"$115,142.70",$2.29T,$52.28B,19.94M BTC,0.24% (24h),82%,18%
2025-10-28 12:57:18,"$115,359.18",$2.3T,$53.08B,19.94M BTC,0.18% (24h),82%,18%
2025-10-28 13:24:47,"$115,554.94",$2.3T,$53.68B,19.94M BTC,0.15% (24h),82%,18%
2025-10-28 13:45:31,"$115,528.55",$2.3T,$54.98B,19.94M BTC,0.08% (24h),82%,18%
2025-10-28 13:59:36,"$115,315.76",$2.29T,$55.26B,19.94M BTC,0.3% (24h),82%,18%
2025-10-28 14:42:09,"$114,765.49",$2.28T,$54.91B,19.94M BTC,0.56% (24h),82%,18%
2025-10-28 15:01:41,"$114,999.67",$2.29T,$55.16B,19.94M BTC,0.28% (24h),82%,18%
2025-10-28 15:25:07,"$113,865.17",$2.27T,$56.04B,19.94M BTC,1.05% (24h),82%,18%
2025-10-28 15:41:35,"$113,925.59",$2.27T,$54.84B,19.94M BTC,0.91% (24h),82%,18%
2025-10-28 15:54:19,"$113,796.83",$2.26T,$55.64B,19.94M BTC,0.92% (24h),82%,18%
2025-10-28 16:29:24,"$112,515.17",$2.24T,$59.77B,19.94M BTC,1.96% (24h),82%,18%
2025-10-28 16:47:31,"$112,662.06",$2.24T,$60.13B,19.94M BTC,1.73% (24h),82%,18%
2025-10-28 17:00:11,"$112,780.25",$2.24T,$60.89B,19.94M BTC,1.49% (24h),82%,18%
2025-10-28 17:27:12,"$112,631.08",$2.24T,$62.21B,19.94M BTC,1.39% (24h),82%,18%
2025-10-28 17:42:21,"$112,987.90",$2.25T,$63.13B,19.94M BTC,1.18% (24h),82%,18%
2025-10-28 17:59:36,"$113,079.26",$2.25T,$61.3B,19.94M BTC,1.19% (24h),82%,18%
2025-10-28 18:28:42,"$113,073.11",$2.25T,$63.74B,19.94M BTC,1.24% (24h),82%,18%
2025-10-28 18:45:43,"$113,265.32",$2.25T,$63.96B,19.94M BTC,0.86% (24h),82%,18%
2025-10-28 18:59:34,"$113,243.79",$2.25T,$63.34B,19.94M BTC,0.76% (24h),82%,18%
2025-10-28 19:26:45,"$112,927.70",$2.25T,$63.4B,19.94M BTC,0.92% (24h),82%,18%
2025-10-28 19:42:25,"$113,015.30",$2.25T,$64.24B,19.94M BTC,0.99% (24h),82%,18%
2025-10-28 19:59:21,"$112,920.23",$2.25T,$63.68B,19.94M BTC,1.05% (24h),82%,18%
2025-10-28 22:10:41,"$112,504.41",$2.24T,$65.97B,19.94M BTC,1.64% (24h),82%,18%
2025-10-28 23:32:58,"$112,555.10",$2.24T,$65.99B,19.94M BTC,1.13% (24h),82%,18%
2025-10-29 00:04:13,"$112,639.57",$2.24T,$65.72B,19.94M BTC,1.09% (24h),82%,18%
2025-10-29 00:40:36,"$112,772.65",$2.24T,$64.85B,19.94M BTC,1% (24h),82%,18%
2025-10-29 00:56:36,"$112,842.69",$2.25T,$65.68B,19.94M BTC,1.01% (24h),82%,18%
2025-10-29 01:26:50,"$113,029.06",$2.25T,$65.07B,19.94M BTC,0.75% (24h),82%,18%
2025-10-29 01:46:47,"$113,126.16",$2.25T,$65.24B,19.94M BTC,0.45% (24h),82%,18%
2025-10-29 01:59:19,"$113,093.61",$2.25T,$65.19B,19.94M BTC,0.46% (24h),82%,18%
2025-10-29 02:43:03,"$113,056.09",$2.25T,$64.81B,19.94M BTC,0.84% (24h),82%,18%
2025-10-29 03:01:14,"$113,275.54",$2.25T,$63.2B,19.94M BTC,0.76% (24h),82%,18%
2025-10-29 03:29:48,"$113,431.77",$2.26T,$64.38B,19.94M BTC,0.71% (24h),82%,18%
2025-10-29 03:45:20,"$113,342.01",$2.26T,$65.34B,19.94M BTC,0.76% (24h),82%,18%
2025-10-29 03:59:31,"$113,570.34",$2.26T,$64.73B,19.94M BTC,0.56% (24h),82%,18%
2025-10-29 04:38:36,"$113,138.95",$2.25T,$64.75B,19.94M BTC,1.11% (24h),82%,18%
2025-10-29 04:57:04,"$113,054.16",$2.25T,$65.17B,19.94M BTC,1.15% (24h),82%,18%
2025-10-29 05:27:42,"$113,012.81",$2.25T,$65.21B,19.94M BTC,1.1% (24h),82%,18%
2025-10-29 05:45:11,"$112,951.08",$2.25T,$65.33B,19.94M BTC,1.33% (24h),82%,18%
2025-10-29 05:59:05,"$113,024.09",$2.25T,$66.5B,19.94M BTC,1.3% (24h),82%,18%
2025-10-29 06:32:54,"$113,050.74",$2.25T,$66.92B,19.94M BTC,1.25% (24h),82%,18%
2025-10-29 06:53:05,"$112,819.48",$2.24T,$65.69B,19.94M BTC,1.49% (24h),82%,18%
2025-10-29 07:22:49,"$113,129.14",$2.25T,$66.6B,19.94M BTC,1.27% (24h),82%,18%
2025-10-29 07:42:21,"$113,133.55",$2.25T,$66.8B,19.94M BTC,1.18% (24h),82%,18%
2025-10-29 07:58:58,"$113,180.79",$2.25T,$66.43B,19.94M BTC,1.01% (24h),82%,18%
2025-10-29 09:00:01,"$113,184.64",$2.25T,$65.31B,19.94M BTC,1.12% (24h),82%,18%
2025-10-29 09:41:41,"$113,095.62",$2.25T,$62.69B,19.94M BTC,1.65% (24h),82%,18%
2025-10-29 09:58:04,"$112,997.05",$2.25T,$63.41B,19.94M BTC,2.1% (24h),82%,18%
2025-10-29 10:29:04,"$112,330.99",$2.24T,$62.74B,19.94M BTC,3.04% (24h),82%,18%
2025-10-29 10:50:39,"$112,533.70",$2.24T,$62.29B,19.94M BTC,1.97% (24h),82%,18%
2025-10-29 11:12:22,"$112,337.71",$2.24T,$60.83B,19.94M BTC,2.57% (24h),82%,18%
2025-10-29 11:42:02,"$111,901.31",$2.23T,$61.01B,19.94M BTC,2.5% (24h),82%,18%
2025-10-29 11:58:00,"$111,490.14",$2.22T,$61.82B,19.94M BTC,2.73% (24h),82%,18%
2025-10-29 12:36:01,"$111,194.62",$2.21T,$62.79B,19.94M BTC,3.41% (24h),82%,18%
2025-10-29 12:59:04,"$111,172.67",$2.21T,$63.17B,19.94M BTC,3.63% (24h),82%,18%
2025-10-29 13:27:20,"$111,170.69",$2.21T,$62.78B,19.94M BTC,3.75% (24h),82%,18%
2025-10-29 13:46:54,"$111,685.98",$2.22T,$62B,19.94M BTC,3.3% (24h),82%,18%
2025-10-29 14:01:11,"$111,760.68",$2.22T,$63B,19.94M BTC,3.05% (24h),82%,18%
2025-10-29 14:41:25,"$109,723.90",$2.18T,$64.5B,19.94M BTC,4.36% (24h),82%,18%
2025-10-29 14:58:50,"$110,940.59",$2.21T,$67.18B,19.94M BTC,3.46% (24h),82%,18%
2025-10-29 15:23:41,"$111,117.38",$2.21T,$68.94B,19.94M BTC,2.48% (24h),82%,18%
2025-10-29 15:42:42,"$110,239.46",$2.19T,$68.39B,19.94M BTC,3.24% (24h),82%,18%
2025-10-29 15:56:05,"$110,779.48",$2.2T,$68.02B,19.94M BTC,2.62% (24h),82%,18%
2025-10-29 16:29:17,"$111,290.81",$2.21T,$67.13B,19.94M BTC,1.06% (24h),82%,18%
2025-10-29 16:46:37,"$111,291.88",$2.21T,$66.19B,19.94M BTC,1.24% (24h),82%,18%
2025-10-29 17:00:00,"$111,460.90",$2.22T,$64.13B,19.94M BTC,1.24% (24h),82%,18%
2025-10-29 17:27:05,"$111,552.03",$2.22T,$63.86B,19.94M BTC,0.95% (24h),82%,18%
2025-10-29 17:41:50,"$111,719.53",$2.22T,$64.39B,19.94M BTC,1.1% (24h),82%,18%
2025-10-29 17:59:52,"$111,614.99",$2.22T,$63.85B,19.94M BTC,1.3% (24h),82%,18%
2025-10-29 18:28:40,"$111,261.61",$2.21T,$62.59B,19.94M BTC,1.57% (24h),82%,18%
2025-10-29 18:46:08,"$111,198.66",$2.21T,$62.12B,19.94M BTC,1.81% (24h),82%,18%
2025-10-29 18:59:38,"$111,014.99",$2.21T,$61.77B,19.94M BTC,1.96% (24h),82%,18%
2025-10-29 19:27:16,"$110,513.16",$2.2T,$61.77B,19.94M BTC,2.1% (24h),82%,18%
2025-10-29 19:43:03,"$109,900.12",$2.19T,$61.92B,19.94M BTC,2.79% (24h),82%,18%
2025-10-29 19:58:47,"$110,093.43",$2.19T,$62.09B,19.94M BTC,2.54% (24h),82%,18%
2025-10-29 22:08:27,"$110,451.92",$2.2T,$60.93B,19.94M BTC,1.83% (24h),82%,18%
2025-10-29 23:19:40,"$110,796.62",$2.2T,$60.55B,19.94M BTC,1.53% (24h),82%,18%
2025-10-30 00:29:36,"$108,249.87",$2.15T,$61.74B,19.94M BTC,3.95% (24h),82%,18%
2025-10-30 00:47:51,"$109,150.88",$2.17T,$65.32B,19.94M BTC,3.26% (24h),82%,18%
2025-10-30 01:00:36,"$108,590.31",$2.16T,$66.32B,19.94M BTC,3.75% (24h),82%,18%
2025-10-30 01:30:35,"$109,144.23",$2.17T,$67.8B,19.94M BTC,3.43% (24h),82%,18%
2025-10-30 01:46:20,"$110,003.07",$2.19T,$67.59B,19.94M BTC,2.81% (24h),82%,18%
2025-10-30 01:59:01,"$110,382.53",$2.2T,$67.95B,19.94M BTC,2.39% (24h),82%,18%
2025-10-30 02:40:42,"$110,286.90",$2.19T,$68.78B,19.94M BTC,2.43% (24h),82%,18%
2025-10-30 02:58:09,"$110,809.39",$2.2T,$70.23B,19.94M BTC,2.21% (24h),82%,18%
2025-10-30 03:26:03,"$111,421.79",$2.22T,$69.8B,19.94M BTC,1.77% (24h),82%,18%
2025-10-30 03:42:01,"$111,250.80",$2.21T,$71.04B,19.94M BTC,1.84% (24h),82%,18%
2025-10-30 03:54:32,"$111,322.21",$2.21T,$69.95B,19.94M BTC,1.87% (24h),82%,18%
2025-10-30 04:33:19,"$110,810.83",$2.2T,$71.1B,19.94M BTC,2.19% (24h),82%,18%
2025-10-30 04:55:29,"$110,743.67",$2.2T,$69.73B,19.94M BTC,2.07% (24h),82%,18%
2025-10-30 05:28:29,"$110,350.54",$2.2T,$71.02B,19.94M BTC,2.34% (24h),82%,18%
2025-10-30 05:46:03,"$110,246.72",$2.19T,$69.97B,19.94M BTC,2.39% (24h),82%,18%
2025-10-30 05:59:11,"$110,219.30",$2.19T,$70.41B,19.94M BTC,2.48% (24h),82%,18%
2025-10-30 06:33:05,"$110,102.11",$2.19T,$72.34B,19.94M BTC,2.6% (24h),82%,18%
2025-10-30 06:53:00,"$110,166.86",$2.19T,$72.43B,19.94M BTC,2.44% (24h),82%,18%
2025-10-30 07:22:15,"$109,889.62",$2.19T,$71.47B,19.94M BTC,2.88% (24h),82%,18%
2025-10-30 07:41:49,"$109,858.56",$2.19T,$71.15B,19.94M BTC,2.93% (24h),82%,18%
2025-10-30 07:54:27,"$109,775.95",$2.18T,$70.93B,19.94M BTC,2.96% (24h),82%,18%
2025-10-30 08:52:46,"$108,371.61",$2.16T,$73.3B,19.94M BTC,4.24% (24h),82%,18%
2025-10-30 09:36:20,"$108,267.54",$2.15T,$74.46B,19.94M BTC,4.42% (24h),82%,18%
2025-10-30 09:53:55,"$107,812.01",$2.14T,$76.67B,19.94M BTC,4.53% (24h),82%,18%
2025-10-30 10:26:44,"$107,913.68",$2.15T,$76.59B,19.94M BTC,3.98% (24h),82%,18%
2025-10-30 10:47:46,"$107,997.77",$2.15T,$77.37B,19.94M BTC,4.17% (24h),82%,18%
2025-10-30 11:00:15,"$108,314.16",$2.16T,$76.82B,19.94M BTC,3.71% (24h),82%,18%
2025-10-30 11:33:15,"$107,786.08",$2.14T,$77.43B,19.94M BTC,3.63% (24h),82%,18%
2025-10-30 11:52:54,"$107,612.14",$2.14T,$75.53B,19.94M BTC,3.54% (24h),82%,18%
2025-10-30 12:33:07,"$108,034.91",$2.15T,$73.99B,19.94M BTC,2.81% (24h),82%,18%
2025-10-30 12:57:26,"$108,058.43",$2.15T,$74.25B,19.94M BTC,2.82% (24h),82%,18%
2025-10-30 13:23:24,"$106,977.30",$2.13T,$73.85B,19.94M BTC,3.7% (24h),82%,18%
2025-10-30 13:44:43,"$107,161.98",$2.13T,$74.57B,19.94M BTC,4.05% (24h),82%,18%
2025-10-30 13:59:07,"$107,450.35",$2.14T,$76.02B,19.94M BTC,3.87% (24h),82%,18%
2025-10-30 14:40:37,"$107,004.18",$2.13T,$72.27B,19.94M BTC,2.55% (24h),82%,18%
2025-10-30 14:57:38,"$106,918.04",$2.13T,$68.95B,19.94M BTC,3.68% (24h),82%,18%
2025-10-30 15:22:14,"$106,735.60",$2.12T,$68.89B,19.94M BTC,3.84% (24h),82%,18%
2025-10-30 15:41:33,"$106,494.02",$2.12T,$68.41B,19.94M BTC,3.46% (24h),82%,18%
2025-10-30 15:54:07,"$106,970.60",$2.13T,$68.33B,19.94M BTC,3.35% (24h),82%,18%
2025-10-30 16:27:47,"$107,141.09",$2.13T,$68.65B,19.94M BTC,3.71% (24h),82%,18%
2025-10-30 16:45:23,"$107,216.42",$2.13T,$69.08B,19.94M BTC,3.67% (24h),82%,18%
2025-10-30 17:00:08,"$107,515.31",$2.14T,$69.64B,19.94M BTC,3.54% (24h),82%,18%
2025-10-30 17:26:49,"$107,667.22",$2.14T,$69.61B,19.94M BTC,3.47% (24h),82%,18%
2025-10-30 17:42:54,"$107,806.28",$2.14T,$70.17B,19.94M BTC,3.46% (24h),82%,18%
2025-10-30 17:58:50,"$107,853.69",$2.15T,$70B,19.94M BTC,3.32% (24h),82%,18%
2025-10-30 18:28:09,"$107,666.53",$2.14T,$70.21B,19.94M BTC,3.29% (24h),82%,18%
2025-10-30 18:43:44,"$107,628.02",$2.14T,$70.84B,19.94M BTC,3.24% (24h),82%,18%
2025-10-30 18:59:06,"$107,880.90",$2.15T,$70.13B,19.94M BTC,2.84% (24h),82%,18%
2025-10-30 19:25:43,"$107,685.18",$2.14T,$70.24B,19.94M BTC,2.54% (24h),82%,18%
2025-10-30 19:41:16,"$108,057.14",$2.15T,$69.08B,19.94M BTC,1.74% (24h),82%,18%
2025-10-30 21:55:49,"$109,670.40",$2.18T,$71.51B,19.94M BTC,0.89% (24h),82%,18%
2025-10-30 23:16:12,"$108,996.25",$2.17T,$73.01B,19.94M BTC,1.63% (24h),82%,18%
2025-10-30 23:53:28,"$109,198.98",$2.17T,$72.29B,19.94M BTC,1.31% (24h),82%,18%
2025-10-31 00:30:34,"$109,778.18",$2.18T,$70.45B,19.94M BTC,1.29% (24h),82%,18%
2025-10-31 00:50:11,"$109,980.62",$2.19T,$68.82B,19.94M BTC,0.98% (24h),82%,18%
2025-10-31 01:02:35,"$109,790.20",$2.18T,$68.45B,19.94M BTC,1.11% (24h),82%,18%
2025-10-31 01:34:16,"$109,981.70",$2.19T,$68.56B,19.94M BTC,0.65% (24h),82%,18%
2025-10-31 01:49:34,"$109,919.46",$2.19T,$67.82B,19.94M BTC,0.2% (24h),82%,18%
2025-10-31 02:01:29,"$109,873.53",$2.19T,$68.44B,19.94M BTC,0.38% (24h),82%,18%
2025-10-31 02:42:07,"$109,574.89",$2.18T,$67.5B,19.94M BTC,0.86% (24h),82%,18%
2025-10-31 03:00:44,"$109,651.00",$2.18T,$66.95B,19.94M BTC,1.01% (24h),82%,18%
2025-10-31 03:27:17,"$109,618.33",$2.18T,$66.43B,19.94M BTC,1.58% (24h),82%,18%
2025-10-31 03:42:55,"$109,539.59",$2.18T,$65.72B,19.94M BTC,1.54% (24h),82%,18%
2025-10-31 03:59:16,"$109,453.27",$2.18T,$64.74B,19.94M BTC,1.7% (24h),82%,18%
2025-10-31 04:37:01,"$109,655.77",$2.18T,$64.75B,19.94M BTC,1.06% (24h),82%,18%
2025-10-31 04:55:24,"$109,955.65",$2.19T,$64.9B,19.94M BTC,0.74% (24h),82%,18%
2025-10-31 05:28:00,"$109,972.57",$2.19T,$65.97B,19.94M BTC,0.3% (24h),82%,18%
2025-10-31 05:44:59,"$109,922.33",$2.19T,$65.89B,19.94M BTC,0.23% (24h),82%,18%
2025-10-31 05:59:22,"$109,793.14",$2.18T,$66.99B,19.94M BTC,0.39% (24h),82%,18%
2025-10-31 06:31:24,"$109,802.53",$2.18T,$66.65B,19.94M BTC,0.24% (24h),82%,18%
2025-10-31 06:48:31,"$109,967.23",$2.19T,$65.84B,19.94M BTC,0.02% (24h),82%,18%
2025-10-31 07:00:26,"$109,783.81",$2.18T,$65.57B,19.94M BTC,0.29% (24h),82%,18%
2025-10-31 07:25:04,"$109,548.56",$2.18T,$65.72B,19.94M BTC,0.33% (24h),82%,18%
2025-10-31 07:41:33,"$109,504.35",$2.18T,$64.3B,19.94M BTC,0.33% (24h),82%,18%
2025-10-31 07:54:06,"$110,249.90",$2.19T,$64.49B,19.94M BTC,0.39% (24h),82%,18%
2025-10-31 08:51:36,"$109,677.14",$2.18T,$64.94B,19.94M BTC,1.04% (24h),82%,18%
2025-10-31 09:35:09,"$109,582.81",$2.18T,$63.42B,19.94M BTC,1.06% (24h),82%,18%
2025-10-31 09:53:25,"$109,926.26",$2.19T,$61.92B,19.94M BTC,1.83% (24h),82%,18%
2025-10-31 10:26:08,"$109,913.50",$2.19T,$61.8B,19.94M BTC,1.88% (24h),82%,18%
2025-10-31 10:47:58,"$109,964.41",$2.19T,$61.01B,19.94M BTC,1.74% (24h),82%,18%
2025-10-31 10:59:56,"$110,751.16",$2.2T,$60.78B,19.94M BTC,2.24% (24h),82%,18%
2025-10-31 11:29:33,"$110,430.17",$2.2T,$64.38B,19.94M BTC,2.35% (24h),82%,18%
2025-10-31 11:45:49,"$110,364.40",$2.2T,$64.61B,19.94M BTC,2.49% (24h),82%,18%
2025-10-31 11:59:22,"$110,155.30",$2.19T,$64.66B,19.94M BTC,2.23% (24h),82%,18%
2025-10-31 12:36:14,"$109,879.21",$2.19T,$64.62B,19.94M BTC,1.68% (24h),82%,18%
2025-10-31 12:55:33,"$109,122.93",$2.17T,$65.69B,19.94M BTC,1% (24h),82%,18%
2025-10-31 13:23:22,"$108,769.03",$2.16T,$66.13B,19.94M BTC,1.65% (24h),82%,18%
2025-10-31 13:43:15,"$109,188.51",$2.17T,$66.47B,19.94M BTC,2.1% (24h),82%,18%
2025-10-31 13:59:23,"$109,238.55",$2.17T,$65.12B,19.94M BTC,1.66% (24h),82%,18%
2025-10-31 14:40:32,"$109,502.45",$2.18T,$65.65B,19.94M BTC,2.35% (24h),82%,18%
2025-10-31 14:57:03,"$109,287.35",$2.17T,$66.3B,19.94M BTC,2.2% (24h),82%,18%
2025-10-31 15:19:46,"$109,449.87",$2.18T,$65.09B,19.94M BTC,2.48% (24h),82%,18%
2025-10-31 15:31:27,"$109,753.05",$2.18T,$63.68B,19.94M BTC,2.5% (24h),82%,18%
2025-10-31 15:43:59,"$109,858.52",$2.19T,$65.1B,19.94M BTC,3.02% (24h),82%,18%
2025-10-31 15:59:05,"$109,818.26",$2.19T,$64.26B,19.94M BTC,3.16% (24h),82%,18%
2025-10-31 16:31:10,"$109,620.72",$2.18T,$64.02B,19.94M BTC,2.5% (24h),82%,18%
2025-10-31 16:45:14,"$109,467.96",$2.18T,$62.79B,19.94M BTC,2.02% (24h),82%,18%
2025-10-31 16:59:01,"$109,425.61",$2.18T,$62.35B,19.94M BTC,1.8% (24h),82%,18%
2025-10-31 17:23:33,"$109,554.38",$2.18T,$62.76B,19.94M BTC,1.83% (24h),82%,18%
2025-10-31 17:40:57,"$109,662.38",$2.18T,$62.47B,19.94M BTC,2.03% (24h),82%,18%
2025-10-31 17:53:41,"$109,602.29",$2.18T,$62.34B,19.94M BTC,1.6% (24h),82%,18%
2025-10-31 18:23:57,"$109,691.68",$2.18T,$62B,19.94M BTC,1.79% (24h),82%,18%
2025-10-31 18:44:03,"$109,625.88",$2.18T,$60.94B,19.94M BTC,1.85% (24h),82%,18%
2025-10-31 18:59:22,"$109,578.36",$2.18T,$61.71B,19.94M BTC,1.57% (24h),82%,18%
2025-10-31 19:26:14,"$109,557.74",$2.18T,$61.2B,19.94M BTC,1.74% (24h),82%,18%
2025-10-31 19:40:02,"$109,537.65",$2.18T,$61.16B,19.94M BTC,1.28% (24h),82%,18%
2025-10-31 19:51:23,"$109,596.06",$2.18T,$60.41B,19.94M BTC,1.3% (24h),82%,18%
2025-10-31 21:58:48,"$109,722.48",$2.18T,$55.83B,19.94M BTC,0.18% (24h),82%,18%
2025-10-31 23:18:19,"$109,895.11",$2.19T,$53.31B,19.94M BTC,0.78% (24h),82%,18%
2025-10-31 23:52:53,"$110,121.38",$2.19T,$52.86B,19.94M BTC,0.81% (24h),82%,18%
2025-11-01 00:28:24,"$110,276.06",$2.19T,$53.22B,19.94M BTC,0.44% (24h),82%,18%
2025-11-01 00:45:06,"$110,201.76",$2.19T,$52.76B,19.94M BTC,0.15% (24h),82%,18%
2025-11-01 00:59:46,"$110,246.69",$2.19T,$52.34B,19.94M BTC,0.1% (24h),82%,18%
2025-11-01 01:27:40,"$110,062.89",$2.19T,$51.44B,19.94M BTC,0.25% (24h),82%,18%
2025-11-01 01:43:47,"$110,243.61",$2.19T,$51.3B,19.94M BTC,0.33% (24h),82%,18%
2025-11-01 01:59:59,"$110,073.31",$2.19T,$51.18B,19.94M BTC,0.17% (24h),82%,18%
2025-11-01 02:37:58,"$110,076.39",$2.19T,$50.71B,19.94M BTC,0.43% (24h),82%,18%
2025-11-01 02:52:51,"$109,914.73",$2.19T,$50.36B,19.94M BTC,0.32% (24h),82%,18%
2025-11-01 03:21:17,"$110,079.13",$2.19T,$49.96B,19.94M BTC,0.32% (24h),82%,18%
2025-11-01 03:35:11,"$110,139.11",$2.19T,$49.08B,19.94M BTC,0.39% (24h),82%,18%
2025-11-01 03:49:11,"$110,030.13",$2.19T,$49.36B,19.94M BTC,0.51% (24h),82%,18%
2025-11-01 04:01:34,"$110,096.16",$2.19T,$49.06B,19.94M BTC,0.63% (24h),82%,18%
2025-11-01 04:34:11,"$110,168.68",$2.19T,$48.05B,19.94M BTC,0.44% (24h),82%,18%
2025-11-01 04:51:47,"$110,148.11",$2.19T,$48.12B,19.94M BTC,0.21% (24h),82%,18%
2025-11-01 05:13:24,"$110,159.50",$2.19T,$47.3B,19.94M BTC,0.02% (24h),82%,18%
2025-11-01 05:32:53,"$110,076.46",$2.19T,$46.98B,19.94M BTC,0.06% (24h),82%,18%
2025-11-01 05:49:42,"$110,003.72",$2.19T,$46.72B,19.94M BTC,0.03% (24h),82%,18%
2025-11-01 06:02:06,"$109,983.86",$2.19T,$46.7B,19.94M BTC,0.1% (24h),82%,18%
2025-11-01 06:33:33,"$109,966.89",$2.19T,$46.09B,19.94M BTC,0.21% (24h),82%,18%
2025-11-01 06:49:42,"$110,015.56",$2.19T,$46.73B,19.94M BTC,0.04% (24h),82%,18%
2025-11-01 07:01:59,"$110,129.97",$2.19T,$46.75B,19.94M BTC,0.29% (24h),82%,18%
2025-11-01 07:25:07,"$110,071.13",$2.19T,$46.38B,19.94M BTC,0.47% (24h),82%,18%
2025-11-01 07:40:55,"$110,001.15",$2.19T,$45.4B,19.94M BTC,0.49% (24h),82%,18%
2025-11-01 07:53:19,"$110,107.62",$2.19T,$46.11B,19.94M BTC,0.08% (24h),82%,18%
2025-11-01 08:45:27,"$110,085.37",$2.19T,$44.23B,19.94M BTC,0.33% (24h),82%,18%
2025-11-01 09:15:32,"$109,928.74",$2.19T,$43.72B,19.94M BTC,0.07% (24h),82%,18%
2025-11-01 09:36:55,"$109,962.14",$2.19T,$42.9B,19.94M BTC,0.24% (24h),82%,18%
2025-11-01 09:49:45,"$109,851.41",$2.19T,$41.64B,19.94M BTC,0.08% (24h),82%,18%
2025-11-01 10:02:12,"$109,936.04",$2.19T,$41.62B,19.94M BTC,0.06% (24h),82%,18%
2025-11-01 10:26:56,"$109,798.83",$2.18T,$40.6B,19.94M BTC,0.11% (24h),82%,18%
2025-11-01 10:42:43,"$109,845.91",$2.19T,$39.75B,19.94M BTC,0.11% (24h),82%,18%
2025-11-01 10:59:20,"$109,882.06",$2.19T,$37.38B,19.94M BTC,0.82% (24h),82%,18%
2025-11-01 11:24:55,"$110,063.68",$2.19T,$35.3B,19.94M BTC,0.42% (24h),82%,18%
2025-11-01 11:39:47,"$110,080.76",$2.19T,$34.69B,19.94M BTC,0.11% (24h),82%,18%
2025-11-01 11:51:59,"$110,142.66",$2.19T,$34B,19.94M BTC,0.15% (24h),82%,18%
2025-11-01 12:27:18,"$110,310.22",$2.19T,$33.65B,19.94M BTC,0.23% (24h),82%,18%
2025-11-01 12:44:29,"$110,470.63",$2.2T,$33.54B,19.94M BTC,0.72% (24h),82%,18%
2025-11-01 12:58:52,"$110,513.25",$2.2T,$32.53B,19.94M BTC,1.6% (24h),82%,18%
2025-11-01 13:22:36,"$110,307.56",$2.19T,$31.32B,19.94M BTC,1.33% (24h),82%,18%
2025-11-01 13:40:35,"$110,382.36",$2.2T,$30.06B,19.94M BTC,1.15% (24h),82%,18%
2025-11-01 13:52:45,"$110,396.30",$2.2T,$31.2B,19.94M BTC,1.01% (24h),82%,18%
2025-11-01 14:31:43,"$110,356.33",$2.2T,$30.57B,19.94M BTC,1.08% (24h),82%,18%
2025-11-01 14:48:09,"$110,331.69",$2.2T,$29.67B,19.94M BTC,0.84% (24h),82%,18%
2025-11-01 15:00:28,"$110,398.97",$2.2T,$29.17B,19.94M BTC,0.91% (24h),82%,18%
2025-11-01 15:20:51,"$110,371.12",$2.2T,$28.89B,19.94M BTC,0.83% (24h),82%,18%
2025-11-01 15:33:29,"$110,313.41",$2.19T,$27.59B,19.94M BTC,0.47% (24h),82%,18%
2025-11-01 15:49:34,"$110,336.74",$2.2T,$28.14B,19.94M BTC,0.24% (24h),82%,18%
2025-11-01 16:01:53,"$110,378.47",$2.2T,$27.27B,19.94M BTC,0.62% (24h),82%,18%
2025-11-01 16:28:32,"$110,473.16",$2.2T,$25.97B,19.94M BTC,0.79% (24h),82%,18%
2025-11-01 16:42:39,"$110,520.64",$2.2T,$26.62B,19.94M BTC,0.94% (24h),82%,18%
2025-11-01 16:59:14,"$110,496.76",$2.2T,$26.62B,19.94M BTC,0.97% (24h),82%,18%
2025-11-01 17:23:12,"$110,286.31",$2.19T,$26.43B,19.94M BTC,0.66% (24h),82%,18%
2025-11-01 17:40:27,"$110,147.03",$2.19T,$26.21B,19.94M BTC,0.42% (24h),82%,18%
2025-11-01 18:21:51,"$109,944.31",$2.19T,$25.43B,19.94M BTC,0.18% (24h),82%,18%
2025-11-01 18:38:24,"$110,005.65",$2.19T,$26.12B,19.94M BTC,0.32% (24h),82%,18%
2025-11-01 18:50:22,"$110,011.56",$2.19T,$26.02B,19.94M BTC,0.43% (24h),82%,18%
2025-11-01 19:09:39,"$109,999.55",$2.19T,$25.86B,19.94M BTC,0.44% (24h),82%,18%
2025-11-01 19:29:48,"$110,035.10",$2.19T,$25.95B,19.94M BTC,0.43% (24h),82%,18%
2025-11-01 19:42:35,"$109,989.33",$2.19T,$25.91B,19.94M BTC,0.38% (24h),82%,18%
2025-11-01 19:59:11,"$110,066.86",$2.19T,$25.87B,19.94M BTC,0.46% (24h),82%,18%
2025-11-01 22:12:25,"$109,906.41",$2.19T,$25.32B,19.94M BTC,0.36% (24h),82%,18%
2025-11-01 23:33:02,"$109,962.97",$2.19T,$24.76B,19.94M BTC,0.01% (24h),82%,18%
2025-11-02 00:02:00,"$109,989.25",$2.19T,$24.42B,19.94M BTC,0.17% (24h),82%,18%
2025-11-02 00:36:08,"$110,110.07",$2.19T,$23.96B,19.94M BTC,0.14% (24h),82%,18%
2025-11-02 00:51:26,"$110,473.01",$2.2T,$24.4B,19.94M BTC,0.25% (24h),82%,18%
2025-11-02 01:13:32,"$110,426.37",$2.2T,$25.25B,19.94M BTC,0.34% (24h),82%,18%
2025-11-02 01:37:00,"$110,361.88",$2.2T,$26.46B,19.94M BTC,0.2% (24h),82%,18%
2025-11-02 01:50:07,"$110,389.76",$2.2T,$26.85B,19.94M BTC,0.2% (24h),82%,18%
2025-11-02 01:01:41,"$110,431.35",$2.2T,$27.26B,19.94M BTC,0.32% (24h),82%,18%
2025-11-02 01:42:22,"$110,370.28",$2.2T,$27.76B,19.94M BTC,0.36% (24h),82%,18%
2025-11-02 01:59:22,"$110,635.48",$2.2T,$27.36B,19.94M BTC,0.62% (24h),82%,18%
2025-11-02 02:25:25,"$110,424.42",$2.2T,$28.29B,19.94M BTC,0.28% (24h),82%,18%
2025-11-02 02:40:29,"$110,573.27",$2.2T,$28.27B,19.94M BTC,0.4% (24h),82%,18%
2025-11-02 02:52:29,"$110,816.98",$2.21T,$28.32B,19.94M BTC,0.72% (24h),82%,18%
2025-11-02 03:28:41,"$110,748.50",$2.2T,$29.19B,19.94M BTC,0.55% (24h),82%,18%
2025-11-02 03:45:22,"$110,774.99",$2.2T,$29.34B,19.94M BTC,0.59% (24h),82%,18%
2025-11-02 03:59:40,"$110,784.87",$2.2T,$29.36B,19.94M BTC,0.55% (24h),82%,18%
2025-11-02 04:25:57,"$110,973.35",$2.21T,$29.63B,19.94M BTC,0.76% (24h),82%,18%
2025-11-02 04:40:42,"$110,717.76",$2.2T,$28.9B,19.94M BTC,0.63% (24h),82%,18%
2025-11-02 04:53:01,"$110,594.56",$2.2T,$29.05B,19.94M BTC,0.56% (24h),82%,18%
2025-11-02 05:24:01,"$110,644.95",$2.2T,$30.17B,19.94M BTC,0.67% (24h),82%,18%
2025-11-02 05:42:59,"$110,388.60",$2.2T,$30.43B,19.94M BTC,0.39% (24h),82%,18%
2025-11-02 05:59:00,"$110,399.05",$2.2T,$30.67B,19.94M BTC,0.3% (24h),82%,18%
2025-11-02 06:21:01,"$110,762.76",$2.2T,$29.99B,19.94M BTC,0.56% (24h),82%,18%
2025-11-02 06:34:34,"$110,784.92",$2.2T,$30.06B,19.94M BTC,0.74% (24h),82%,18%
2025-11-02 06:49:35,"$110,923.38",$2.21T,$31.17B,19.94M BTC,0.81% (24h),82%,18%
2025-11-02 07:01:43,"$111,125.15",$2.21T,$30.55B,19.94M BTC,0.94% (24h),82%,18%
2025-11-02 07:53:24,"$110,774.69",$2.2T,$31.28B,19.94M BTC,0.7% (24h),82%,18%
2025-11-02 08:28:09,"$110,276.30",$2.19T,$31.68B,19.94M BTC,0.28% (24h),82%,18%
2025-11-02 08:42:04,"$110,292.20",$2.19T,$32.59B,19.94M BTC,0.39% (24h),82%,18%
2025-11-02 08:59:05,"$110,529.63",$2.2T,$32.41B,19.94M BTC,0.55% (24h),82%,18%
2025-11-02 09:24:40,"$110,389.92",$2.2T,$31.75B,19.94M BTC,0.51% (24h),82%,18%
2025-11-02 09:41:19,"$110,394.02",$2.2T,$32.65B,19.94M BTC,0.5% (24h),82%,18%
2025-11-02 09:54:45,"$110,438.51",$2.2T,$32.77B,19.94M BTC,0.53% (24h),82%,18%
2025-11-02 10:23:12,"$110,492.41",$2.2T,$32.72B,19.94M BTC,0.31% (24h),82%,18%
2025-11-02 10:41:13,"$110,346.19",$2.2T,$32.62B,19.94M BTC,0.26% (24h),82%,18%
2025-11-02 10:53:49,"$110,237.06",$2.19T,$32.66B,19.94M BTC,0.11% (24h),82%,18%
2025-11-02 11:27:58,"$110,019.80",$2.19T,$33.05B,19.94M BTC,0.27% (24h),82%,18%
2025-11-02 11:46:27,"$109,980.17",$2.19T,$33.2B,19.94M BTC,0.47% (24h),82%,18%
2025-11-02 11:59:31,"$110,110.93",$2.19T,$33.11B,19.94M BTC,0.36% (24h),82%,18%
2025-11-02 12:24:22,"$110,211.30",$2.19T,$33.01B,19.94M BTC,0.13% (24h),82%,18%
2025-11-02 12:40:45,"$110,064.22",$2.19T,$32.88B,19.94M BTC,0.29% (24h),82%,18%
2025-11-02 12:53:05,"$110,022.82",$2.19T,$33.02B,19.94M BTC,0.36% (24h),82%,18%
2025-11-02 13:31:04,"$110,236.14",$2.19T,$32.06B,19.94M BTC,0.08% (24h),82%,18%
2025-11-02 13:47:52,"$110,280.17",$2.19T,$32.85B,19.94M BTC,0.04% (24h),82%,18%
2025-11-02 13:59:50,"$110,318.94",$2.2T,$32.89B,19.94M BTC,0.08% (24h),82%,18%
2025-11-02 14:20:45,"$110,162.62",$2.19T,$32.15B,19.94M BTC,0.13% (24h),82%,18%
2025-11-02 14:33:23,"$110,042.25",$2.19T,$32.29B,19.94M BTC,0.26% (24h),82%,18%
2025-11-02 14:49:26,"$110,054.44",$2.19T,$32.53B,19.94M BTC,0.25% (24h),82%,18%
2025-11-02 15:02:09,"$110,153.73",$2.19T,$32.54B,19.94M BTC,0.19% (24h),82%,18%
2025-11-02 15:29:38,"$109,923.36",$2.19T,$33.43B,19.94M BTC,0.52% (24h),82%,18%
2025-11-02 15:43:36,"$110,049.75",$2.19T,$31.3B,19.94M BTC,0.42% (24h),82%,18%
2025-11-02 16:23:39,"$110,014.15",$2.19T,$33.32B,19.94M BTC,0.25% (24h),82%,18%
2025-11-02 16:40:26,"$110,021.33",$2.19T,$33.4B,19.94M BTC,0.13% (24h),82%,18%
2025-11-02 16:52:48,"$110,072.06",$2.19T,$33.42B,19.94M BTC,0.01% (24h),82%,18%
2025-11-02 17:22:10,"$109,972.94",$2.19T,$33.2B,19.94M BTC,0.02% (24h),82%,18%
2025-11-02 17:42:10,"$109,624.93",$2.18T,$32.59B,19.94M BTC,0.34% (24h),82%,18%
2025-11-02 17:58:42,"$109,770.07",$2.18T,$32.94B,19.94M BTC,0.25% (24h),82%,18%
2025-11-02 18:25:23,"$110,189.79",$2.19T,$33.55B,19.94M BTC,0.14% (24h),82%,18%
2025-11-02 18:40:54,"$110,385.35",$2.2T,$33.57B,19.94M BTC,0.37% (24h),82%,18%
2025-11-02 18:53:28,"$110,527.99",$2.2T,$34.18B,19.94M BTC,0.49% (24h),82%,18%
2025-11-02 21:00:22,"$109,680.10",$2.18T,$37.24B,19.94M BTC,0.23% (24h),82%,18%
2025-11-02 22:24:17,"$108,173.42",$2.15T,$39.44B,19.94M BTC,1.62% (24h),82%,18%
2025-11-02 23:04:20,"$107,849.41",$2.15T,$41.81B,19.94M BTC,1.97% (24h),82%,18%
2025-11-02 23:41:55,"$107,862.15",$2.15T,$43.17B,19.94M BTC,2.07% (24h),82%,18%
2025-11-02 23:57:54,"$107,863.19",$2.15T,$42.9B,19.94M BTC,2.53% (24h),82%,18%
2025-11-03 00:28:49,"$107,923.38",$2.15T,$42.6B,19.94M BTC,2.22% (24h),82%,18%
2025-11-03 00:46:31,"$107,551.72",$2.14T,$42.63B,19.94M BTC,2.65% (24h),82%,18%
2025-11-03 00:59:49,"$107,579.46",$2.14T,$41.82B,19.94M BTC,2.63% (24h),82%,18%
2025-11-03 01:44:39,"$107,364.44",$2.14T,$42.27B,19.94M BTC,2.77% (24h),82%,18%
2025-11-03 02:01:58,"$107,407.80",$2.14T,$42.93B,19.94M BTC,2.92% (24h),82%,18%
2025-11-03 02:29:43,"$107,647.18",$2.14T,$43.3B,19.94M BTC,2.54% (24h),82%,18%
2025-11-03 02:45:00,"$107,475.12",$2.14T,$43.62B,19.94M BTC,2.85% (24h),82%,18%
2025-11-03 02:59:15,"$107,514.55",$2.14T,$43.78B,19.94M BTC,3.04% (24h),82%,18%
2025-11-03 03:39:25,"$107,175.81",$2.13T,$43.85B,19.94M BTC,3.21% (24h),82%,18%
2025-11-03 03:57:58,"$107,475.74",$2.14T,$45.07B,19.94M BTC,2.96% (24h),82%,18%
2025-11-03 04:33:44,"$107,381.96",$2.14T,$45.96B,19.94M BTC,3.08% (24h),82%,18%
2025-11-03 05:30:11,"$107,572.53",$2.14T,$44.87B,19.94M BTC,2.7% (24h),82%,18%
2025-11-03 05:50:42,"$107,261.26",$2.13T,$45.11B,19.94M BTC,2.83% (24h),82%,18%
2025-11-03 06:10:53,"$107,479.57",$2.14T,$46.93B,19.94M BTC,2.84% (24h),82%,18%
2025-11-03 06:29:12,"$107,612.70",$2.14T,$47.12B,19.94M BTC,2.92% (24h),82%,18%
2025-11-03 06:42:46,"$107,710.11",$2.14T,$47.3B,19.94M BTC,2.87% (24h),82%,18%
2025-11-03 06:58:38,"$107,759.21",$2.14T,$46.21B,19.94M BTC,2.99% (24h),82%,18%
2025-11-03 07:58:47,"$107,752.65",$2.14T,$46.4B,19.94M BTC,2.73% (24h),82%,18%
2025-11-03 08:38:48,"$107,940.96",$2.15T,$47.01B,19.94M BTC,2.15% (24h),82%,18%
2025-11-03 08:53:41,"$107,840.40",$2.15T,$47.27B,19.94M BTC,2.34% (24h),82%,18%
2025-11-03 09:26:19,"$107,629.20",$2.14T,$47.54B,19.94M BTC,2.47% (24h),82%,18%
2025-11-03 09:48:16,"$107,795.16",$2.14T,$47.98B,19.94M BTC,2.2% (24h),82%,18%
2025-11-03 10:00:18,"$108,038.03",$2.15T,$47.39B,19.94M BTC,2.13% (24h),82%,18%
2025-11-03 10:30:57,"$106,042.84",$2.11T,$51.2B,19.94M BTC,4.04% (24h),82%,18%
2025-11-03 10:48:15,"$105,890.89",$2.11T,$53.1B,19.94M BTC,4.01% (24h),82%,18%
2025-11-03 10:59:41,"$105,756.71",$2.1T,$55.19B,19.94M BTC,3.96% (24h),82%,18%
2025-11-03 11:36:47,"$106,365.07",$2.12T,$57.89B,19.94M BTC,3.31% (24h),82%,18%
2025-11-03 11:55:49,"$106,526.81",$2.12T,$59.14B,19.94M BTC,3.22% (24h),82%,18%
2025-11-03 12:23:47,"$107,393.17",$2.14T,$61.07B,19.94M BTC,2.51% (24h),82%,18%
2025-11-03 12:44:30,"$107,460.20",$2.14T,$62.71B,19.94M BTC,2.34% (24h),82%,18%
2025-11-03 12:59:26,"$107,480.47",$2.14T,$63.83B,19.94M BTC,2.43% (24h),82%,18%
2025-11-03 13:38:09,"$107,342.57",$2.14T,$66.39B,19.94M BTC,2.65% (24h),82%,18%
2025-11-03 13:54:36,"$107,070.28",$2.13T,$66.53B,19.94M BTC,2.91% (24h),82%,18%
2025-11-03 14:20:37,"$106,967.96",$2.13T,$68.2B,19.94M BTC,2.92% (24h),82%,18%
2025-11-03 14:33:16,"$106,995.05",$2.13T,$68.46B,19.94M BTC,2.77% (24h),82%,18%
2025-11-03 14:49:31,"$107,184.85",$2.13T,$68.13B,19.94M BTC,2.62% (24h),82%,18%
2025-11-03 15:02:06,"$107,108.94",$2.13T,$68.29B,19.94M BTC,2.76% (24h),82%,18%
2025-11-03 15:34:39,"$106,897.97",$2.13T,$69.38B,19.94M BTC,2.8% (24h),82%,18%
2025-11-03 15:51:11,"$106,540.98",$2.12T,$70.38B,19.94M BTC,3.17% (24h),82%,18%
2025-11-03 16:12:13,"$106,607.67",$2.12T,$70.78B,19.94M BTC,3.08% (24h),82%,18%
2025-11-03 16:33:42,"$106,718.03",$2.12T,$71.96B,19.94M BTC,2.99% (24h),82%,18%
2025-11-03 16:49:33,"$106,911.23",$2.13T,$72.41B,19.94M BTC,2.84% (24h),82%,18%
2025-11-03 17:01:27,"$106,790.90",$2.12T,$72.65B,19.94M BTC,2.91% (24h),82%,18%
2025-11-03 17:30:37,"$105,955.78",$2.11T,$72.69B,19.94M BTC,3.66% (24h),82%,18%
2025-11-03 17:46:25,"$106,410.37",$2.12T,$73.64B,19.94M BTC,2.94% (24h),82%,18%
2025-11-03 17:59:27,"$106,412.99",$2.12T,$73.77B,19.94M BTC,3.08% (24h),82%,18%
2025-11-03 18:26:48,"$106,471.71",$2.12T,$73.51B,19.94M BTC,3.36% (24h),82%,18%
2025-11-03 18:42:38,"$106,656.59",$2.12T,$72.57B,19.94M BTC,3.39% (24h),82%,18%
2025-11-03 21:06:54,"$106,731.54",$2.12T,$74.08B,19.94M BTC,2.59% (24h),82%,18%
2025-11-03 22:19:02,"$106,930.56",$2.13T,$73.92B,19.94M BTC,1.27% (24h),82%,18%
2025-11-03 22:52:32,"$107,033.47",$2.13T,$72.23B,19.94M BTC,0.97% (24h),82%,18%
2025-11-03 23:29:52,"$106,920.62",$2.13T,$71.35B,19.94M BTC,0.88% (24h),82%,18%
2025-11-03 23:48:31,"$106,767.82",$2.12T,$71.3B,19.94M BTC,0.93% (24h),82%,18%
2025-11-04 00:01:08,"$106,620.87",$2.12T,$71.26B,19.94M BTC,1.18% (24h),82%,18%
2025-11-04 00:31:08,"$105,544.51",$2.1T,$71.5B,19.94M BTC,2.23% (24h),82%,18%
2025-11-04 00:47:10,"$104,891.23",$2.09T,$73.43B,19.94M BTC,2.46% (24h),82%,18%
2025-11-04 00:59:15,"$104,213.84",$2.07T,$73.74B,19.94M BTC,3.12% (24h),82%,18%
2025-11-04 01:42:24,"$104,555.60",$2.08T,$76.47B,19.94M BTC,2.62% (24h),82%,18%
2025-11-04 02:01:09,"$104,721.38",$2.08T,$77.91B,19.94M BTC,2.49% (24h),82%,18%
2025-11-04 02:30:06,"$104,360.73",$2.08T,$77.35B,19.94M BTC,3.03% (24h),82%,18%
2025-11-04 02:45:07,"$104,337.09",$2.08T,$78.03B,19.94M BTC,2.92% (24h),82%,18%
2025-11-04 02:59:14,"$104,485.68",$2.08T,$78.94B,19.94M BTC,2.85% (24h),82%,18%
2025-11-04 03:39:13,"$104,506.21",$2.08T,$80.37B,19.94M BTC,2.49% (24h),82%,18%
2025-11-04 03:58:59,"$104,040.17",$2.07T,$80.26B,19.94M BTC,3.2% (24h),82%,18%
2025-11-04 04:32:59,"$104,010.71",$2.07T,$80.63B,19.94M BTC,3.15% (24h),82%,18%
2025-11-04 04:52:53,"$103,791.58",$2.07T,$81.92B,19.94M BTC,3.13% (24h),82%,18%
2025-11-04 05:29:58,"$103,695.71",$2.06T,$81.9B,19.94M BTC,3.61% (24h),82%,18%
2025-11-04 05:51:55,"$103,618.99",$2.06T,$82.31B,19.94M BTC,3.38% (24h),82%,18%
2025-11-04 06:12:53,"$104,120.50",$2.07T,$81.95B,19.94M BTC,3.14% (24h),82%,18%
2025-11-04 06:34:12,"$104,422.82",$2.08T,$82.93B,19.94M BTC,2.98% (24h),82%,18%
2025-11-04 06:50:13,"$104,491.62",$2.08T,$82.58B,19.94M BTC,3.13% (24h),82%,18%
2025-11-04 07:02:51,"$104,517.01",$2.08T,$82.45B,19.94M BTC,3.03% (24h),82%,18%
2025-11-04 08:04:57,"$103,885.86",$2.07T,$82.09B,19.94M BTC,3.59% (24h),82%,18%
2025-11-04 08:46:17,"$104,031.42",$2.07T,$84.5B,19.94M BTC,3.53% (24h),82%,18%
2025-11-04 09:00:08,"$103,883.96",$2.07T,$84.64B,19.94M BTC,3.71% (24h),82%,18%
2025-11-04 09:33:09,"$103,472.80",$2.06T,$83.85B,19.94M BTC,3.75% (24h),82%,18%
2025-11-04 09:54:39,"$104,480.94",$2.08T,$86.83B,19.94M BTC,3.2% (24h),82%,18%
2025-11-04 10:29:19,"$104,474.63",$2.08T,$87.4B,19.94M BTC,1.6% (24h),82%,18%
2025-11-04 10:48:04,"$103,768.82",$2.06T,$85B,19.94M BTC,1.98% (24h),82%,18%
2025-11-04 11:00:26,"$103,243.13",$2.05T,$84.46B,19.94M BTC,2.34% (24h),82%,18%
2025-11-04 11:36:11,"$102,657.11",$2.04T,$83.53B,19.94M BTC,3.39% (24h),82%,18%
2025-11-04 11:56:13,"$102,464.81",$2.04T,$83.68B,19.94M BTC,3.8% (24h),82%,18%
2025-11-04 12:21:43,"$101,088.90",$2.01T,$85.96B,19.94M BTC,5.64% (24h),82%,18%
2025-11-04 12:39:56,"$101,668.96",$2.02T,$87.71B,19.94M BTC,5.45% (24h),82%,18%
2025-11-04 12:51:52,"$101,271.53",$2.01T,$87.88B,19.94M BTC,5.83% (24h),82%,18%
2025-11-04 13:20:04,"$100,318.68",$2T,$88.99B,19.94M BTC,6.52% (24h),82%,18%
2025-11-04 13:48:15,"$100,835.14",$2.01T,$91.81B,19.94M BTC,5.65% (24h),82%,18%
2025-11-04 14:00:01,"$101,307.84",$2.02T,$92.19B,19.94M BTC,5.28% (24h),82%,18%
2025-11-04 14:24:23,"$101,513.85",$2.02T,$93.68B,19.94M BTC,5.03% (24h),82%,18%
2025-11-04 14:41:08,"$100,931.16",$2.01T,$93.56B,19.94M BTC,5.95% (24h),82%,18%
2025-11-04 14:53:27,"$100,686.90",$2T,$95B,19.94M BTC,5.94% (24h),82%,18%
2025-11-04 15:29:22,"$100,527.12",$2T,$97.83B,19.94M BTC,5.81% (24h),82%,18%
2025-11-04 15:47:30,"$100,809.99",$2.01T,$98.35B,19.94M BTC,5.33% (24h),82%,18%
2025-11-04 15:59:50,"$100,714.68",$2T,$101.06B,19.94M BTC,5.35% (24h),82%,18%
2025-11-04 16:27:07,"$99,926.45",$1.99T,$98.28B,19.94M BTC,6.15% (24h),82%,18%
2025-11-04 16:42:14,"$99,051.13",$1.97T,$102.84B,19.94M BTC,7.3% (24h),82%,18%
2025-11-04 16:59:16,"$100,207.27",$1.99T,$104.23B,19.94M BTC,6.18% (24h),82%,18%
2025-11-04 17:28:31,"$101,039.40",$2.01T,$107.81B,19.94M BTC,4.87% (24h),82%,18%
2025-11-04 17:59:44,"$101,146.29",$2.01T,$109.14B,19.94M BTC,4.93% (24h),82%,18%
2025-11-04 18:26:39,"$101,049.47",$2.01T,$109.85B,19.94M BTC,5.09% (24h),82%,18%
2025-11-04 18:42:17,"$101,236.10",$2.01T,$110.26B,19.94M BTC,5.05% (24h),82%,18%
2025-11-04 18:59:00,"$101,590.52",$2.02T,$110.71B,19.94M BTC,4.69% (24h),82%,18%
2025-11-04 21:08:25,"$101,476.92",$2.02T,$113.41B,19.94M BTC,4.99% (24h),82%,18%
2025-11-04 22:20:50,"$101,637.12",$2.02T,$119.57B,19.94M BTC,4.86% (24h),82%,18%
2025-11-04 22:54:55,"$102,150.11",$2.03T,$120.07B,19.94M BTC,4.57% (24h),82%,18%
2025-11-04 23:30:21,"$101,561.23",$2.02T,$122.53B,19.94M BTC,5% (24h),82%,18%
2025-11-04 23:49:10,"$102,090.11",$2.03T,$124.04B,19.94M BTC,4.33% (24h),82%,18%
2025-11-05 00:01:33,"$102,017.59",$2.03T,$123.28B,19.94M BTC,4.31% (24h),82%,18%
2025-11-05 00:32:07,"$101,919.57",$2.03T,$123.83B,19.94M BTC,3.33% (24h),82%,18%
2025-11-05 00:50:11,"$101,660.76",$2.02T,$119.91B,19.94M BTC,2.73% (24h),82%,18%
2025-11-05 01:02:54,"$101,788.15",$2.03T,$118.77B,19.94M BTC,2.42% (24h),82%,18%
2025-11-05 01:46:32,"$101,878.96",$2.03T,$118.79B,19.94M BTC,2.55% (24h),82%,18%
2025-11-05 02:00:29,"$102,124.07",$2.03T,$117.57B,19.94M BTC,2.49% (24h),82%,18%
2025-11-05 02:28:55,"$101,843.13",$2.03T,$116.51B,19.94M BTC,2.51% (24h),82%,18%
2025-11-05 02:44:03,"$101,865.11",$2.03T,$116.59B,19.94M BTC,2.37% (24h),82%,18%
2025-11-05 02:59:30,"$102,049.79",$2.03T,$115.24B,19.94M BTC,2.34% (24h),82%,18%
2025-11-05 03:39:13,"$101,690.33",$2.02T,$113.44B,19.94M BTC,2.7% (24h),82%,18%
2025-11-05 03:58:52,"$101,695.46",$2.02T,$113.92B,19.94M BTC,2.21% (24h),82%,18%
2025-11-05 04:32:50,"$101,891.00",$2.03T,$114.08B,19.94M BTC,1.97% (24h),82%,18%
2025-11-05 04:52:51,"$101,956.33",$2.03T,$113.66B,19.94M BTC,1.75% (24h),82%,18%
2025-11-05 05:29:33,"$101,795.76",$2.03T,$112.23B,19.94M BTC,1.81% (24h),82%,18%
2025-11-05 05:49:58,"$101,491.92",$2.02T,$111.73B,19.94M BTC,2.18% (24h),82%,18%
2025-11-05 06:01:55,"$101,436.10",$2.02T,$111.4B,19.94M BTC,2.26% (24h),82%,18%
2025-11-05 06:29:02,"$101,575.82",$2.02T,$111.12B,19.94M BTC,2.61% (24h),82%,18%
2025-11-05 06:44:21,"$101,761.61",$2.02T,$110.57B,19.94M BTC,2.64% (24h),82%,18%
2025-11-05 06:58:57,"$102,018.19",$2.03T,$111.74B,19.94M BTC,2.38% (24h),82%,18%
2025-11-05 07:58:46,"$102,637.83",$2.04T,$111.19B,19.94M BTC,1.25% (24h),82%,18%
2025-11-05 08:40:34,"$102,683.25",$2.04T,$111.06B,19.94M BTC,1.33% (24h),82%,18%
2025-11-05 08:56:14,"$103,160.87",$2.05T,$110.46B,19.94M BTC,0.78% (24h),82%,18%
2025-11-05 09:26:56,"$102,574.99",$2.04T,$111.76B,19.94M BTC,1.18% (24h),82%,18%
2025-11-05 09:48:44,"$103,145.89",$2.05T,$111B,19.94M BTC,0.78% (24h),82%,18%
2025-11-05 10:00:54,"$103,132.86",$2.05T,$110.15B,19.94M BTC,1.27% (24h),82%,18%
2025-11-05 10:29:41,"$103,440.26",$2.06T,$109.33B,19.94M BTC,0.99% (24h),82%,18%
2025-11-05 10:48:37,"$103,711.18",$2.06T,$109.73B,19.94M BTC,0.1% (24h),82%,18%
2025-11-05 11:01:03,"$103,705.57",$2.06T,$109.41B,19.94M BTC,0.29% (24h),82%,18%
2025-11-05 11:39:00,"$103,763.11",$2.06T,$107.41B,19.94M BTC,0.99% (24h),82%,18%
2025-11-05 11:58:52,"$103,907.81",$2.07T,$106.8B,19.94M BTC,1.63% (24h),82%,18%
2025-11-05 12:28:25,"$103,961.07",$2.07T,$102.3B,19.94M BTC,2.58% (24h),82%,18%
2025-11-05 12:44:26,"$103,934.50",$2.07T,$102.21B,19.94M BTC,2.57% (24h),82%,18%
2025-11-05 12:59:36,"$103,871.86",$2.07T,$101.78B,19.94M BTC,2.75% (24h),82%,18%
2025-11-05 13:40:23,"$104,266.50",$2.07T,$98.61B,19.94M BTC,3.87% (24h),82%,18%
2025-11-05 13:57:56,"$104,346.06",$2.08T,$97.3B,19.94M BTC,3.24% (24h),82%,18%
2025-11-05 14:24:02,"$104,246.32",$2.07T,$95.82B,19.94M BTC,2.87% (24h),82%,18%
2025-11-05 14:41:39,"$104,431.20",$2.08T,$95.37B,19.94M BTC,3.43% (24h),82%,18%
2025-11-05 14:54:08,"$104,076.25",$2.07T,$94.9B,19.94M BTC,3.39% (24h),82%,18%
2025-11-05 15:29:58,"$104,086.58",$2.07T,$91.2B,19.94M BTC,3.59% (24h),82%,18%
2025-11-05 15:47:42,"$103,758.52",$2.06T,$89.66B,19.94M BTC,2.94% (24h),82%,18%
2025-11-05 15:59:57,"$103,874.30",$2.07T,$89.22B,19.94M BTC,3.12% (24h),82%,18%
2025-11-05 16:27:43,"$103,676.76",$2.06T,$86.77B,19.94M BTC,3.75% (24h),82%,18%
2025-11-05 16:41:25,"$103,642.92",$2.06T,$84.34B,19.94M BTC,4.32% (24h),82%,18%
2025-11-05 16:53:58,"$103,713.74",$2.06T,$82.55B,19.94M BTC,4.33% (24h),82%,18%
2025-11-05 17:24:14,"$103,440.31",$2.06T,$80.61B,19.94M BTC,2.41% (24h),82%,18%
2025-11-05 17:44:33,"$103,571.95",$2.06T,$79.41B,19.94M BTC,2.3% (24h),82%,18%
2025-11-05 17:59:17,"$103,747.53",$2.06T,$79.5B,19.94M BTC,2.6% (24h),82%,18%
2025-11-05 18:27:40,"$103,946.53",$2.07T,$78.4B,19.94M BTC,2.82% (24h),82%,18%
2025-11-05 18:59:36,"$103,895.72",$2.07T,$77.64B,19.94M BTC,2.28% (24h),82%,18%
2025-11-05 21:08:35,"$103,323.01",$2.06T,$71.71B,19.94M BTC,1.8% (24h),82%,18%
2025-11-05 22:22:59,"$103,752.18",$2.06T,$64.81B,19.94M BTC,1.99% (24h),82%,18%
2025-11-05 23:00:54,"$103,664.75",$2.06T,$63.83B,19.94M BTC,1.53% (24h),82%,18%
2025-11-05 23:37:30,"$103,712.43",$2.06T,$61.9B,19.94M BTC,1.88% (24h),82%,18%
2025-11-05 23:55:15,"$103,967.89",$2.07T,$61.5B,19.94M BTC,2.01% (24h),82%,18%
2025-11-06 00:26:51,"$103,639.32",$2.06T,$61.01B,19.94M BTC,1.82% (24h),82%,18%
2025-11-06 00:45:30,"$103,282.05",$2.05T,$60.83B,19.94M BTC,1.45% (24h),82%,18%
2025-11-06 00:59:22,"$103,110.73",$2.05T,$60.71B,19.94M BTC,1.3% (24h),82%,18%
2025-11-06 01:42:34,"$103,352.80",$2.06T,$60.17B,19.94M BTC,1.55% (24h),82%,18%
2025-11-06 02:01:09,"$103,336.67",$2.06T,$59.98B,19.94M BTC,1.22% (24h),82%,18%
2025-11-06 02:29:10,"$103,418.81",$2.06T,$60.04B,19.94M BTC,1.54% (24h),82%,18%
2025-11-06 02:43:43,"$103,144.71",$2.05T,$59.72B,19.94M BTC,1.21% (24h),82%,18%
2025-11-06 02:58:57,"$103,243.70",$2.05T,$60.3B,19.94M BTC,1.16% (24h),82%,18%
2025-11-06 03:38:09,"$103,209.42",$2.05T,$59.89B,19.94M BTC,1.48% (24h),82%,18%
2025-11-06 03:57:37,"$103,248.97",$2.05T,$59.22B,19.94M BTC,1.45% (24h),82%,18%
2025-11-06 04:29:30,"$102,992.05",$2.05T,$58.93B,19.94M BTC,1.04% (24h),82%,18%
2025-11-06 04:47:45,"$102,992.30",$2.05T,$59.48B,19.94M BTC,1.07% (24h),82%,18%
2025-11-06 05:00:45,"$102,848.90",$2.05T,$58.54B,19.94M BTC,0.86% (24h),82%,18%
2025-11-06 05:34:39,"$103,126.54",$2.05T,$59.45B,19.94M BTC,1.36% (24h),82%,18%
2025-11-06 05:53:38,"$103,114.97",$2.05T,$59.33B,19.94M BTC,1.66% (24h),82%,18%
2025-11-06 06:22:30,"$103,113.27",$2.05T,$60.06B,19.94M BTC,1.56% (24h),82%,18%
2025-11-06 06:42:49,"$103,205.25",$2.05T,$59.94B,19.94M BTC,1.41% (24h),82%,18%
2025-11-06 06:59:16,"$103,194.76",$2.05T,$58.81B,19.94M BTC,1.17% (24h),82%,18%
2025-11-06 07:59:00,"$102,536.68",$2.04T,$58.56B,19.94M BTC,0.11% (24h),82%,18%
2025-11-06 08:39:24,"$103,157.45",$2.05T,$58.44B,19.94M BTC,0.55% (24h),82%,18%
2025-11-06 08:55:50,"$103,388.91",$2.06T,$58B,19.94M BTC,0.17% (24h),82%,18%
2025-11-06 09:27:08,"$102,791.14",$2.05T,$57.44B,19.94M BTC,0.19% (24h),82%,18%
2025-11-06 09:48:41,"$102,824.08",$2.05T,$58.01B,19.94M BTC,0.24% (24h),82%,18%
2025-11-06 10:01:12,"$101,965.53",$2.03T,$55.79B,19.94M BTC,1.08% (24h),82%,18%
2025-11-06 10:34:01,"$102,275.87",$2.03T,$58.2B,19.94M BTC,0.99% (24h),82%,18%
2025-11-06 10:53:39,"$101,961.20",$2.03T,$58.57B,19.94M BTC,1.57% (24h),82%,18%
2025-11-06 11:34:48,"$101,454.66",$2.02T,$59.4B,19.94M BTC,2.05% (24h),82%,18%
2025-11-06 11:58:28,"$100,736.98",$2T,$59.15B,19.94M BTC,3.05% (24h),82%,18%
2025-11-06 12:27:47,"$101,147.27",$2.01T,$60.94B,19.94M BTC,2.65% (24h),82%,18%
2025-11-06 12:45:46,"$101,362.18",$2.02T,$61.12B,19.94M BTC,2.46% (24h),82%,18%
2025-11-06 12:59:54,"$101,756.14",$2.02T,$61.09B,19.94M BTC,1.99% (24h),82%,18%
2025-11-06 13:42:33,"$101,643.70",$2.02T,$60.69B,19.94M BTC,2.47% (24h),82%,18%
2025-11-06 14:01:48,"$101,667.71",$2.02T,$60.99B,19.94M BTC,2.52% (24h),82%,18%
2025-11-06 14:25:06,"$101,739.93",$2.02T,$60.08B,19.94M BTC,2.4% (24h),82%,18%
2025-11-06 14:41:51,"$101,425.09",$2.02T,$61.04B,19.94M BTC,2.87% (24h),82%,18%
2025-11-06 14:54:22,"$101,251.38",$2.01T,$61.15B,19.94M BTC,2.71% (24h),82%,18%
2025-11-06 15:29:05,"$101,210.74",$2.01T,$61.88B,19.94M BTC,2.81% (24h),82%,18%
2025-11-06 15:47:16,"$100,685.33",$2T,$60.92B,19.94M BTC,3% (24h),82%,18%
2025-11-06 15:59:52,"$100,860.67",$2.01T,$61.23B,19.94M BTC,2.87% (24h),82%,18%
2025-11-06 16:26:33,"$100,598.13",$2T,$61.26B,19.94M BTC,3.01% (24h),82%,18%
2025-11-06 16:42:44,"$101,045.40",$2.01T,$61.37B,19.94M BTC,2.52% (24h),82%,18%
2025-11-06 16:59:37,"$101,075.79",$2.01T,$60.02B,19.94M BTC,2.5% (24h),82%,18%
2025-11-06 17:28:34,"$101,101.27",$2.01T,$61.74B,19.94M BTC,2.25% (24h),82%,18%
2025-11-06 17:45:57,"$101,169.62",$2.01T,$62.68B,19.94M BTC,2.3% (24h),82%,18%
2025-11-06 17:59:53,"$101,318.26",$2.01T,$62.55B,19.94M BTC,2.32% (24h),82%,18%
2025-11-06 18:26:26,"$101,417.33",$2.02T,$63.23B,19.94M BTC,2.43% (24h),82%,18%
2025-11-06 18:42:35,"$101,182.97",$2.01T,$63.83B,19.94M BTC,2.67% (24h),82%,18%
2025-11-06 18:54:41,"$101,325.83",$2.02T,$63.97B,19.94M BTC,2.49% (24h),82%,18%
2025-11-06 20:56:10,"$101,175.82",$2.01T,$62.69B,19.94M BTC,2.19% (24h),82%,18%
2025-11-06 22:16:19,"$102,188.39",$2.03T,$66.07B,19.94M BTC,1.32% (24h),82%,18%
2025-11-06 22:52:58,"$101,977.99",$2.03T,$66.54B,19.94M BTC,1.63% (24h),82%,18%
2025-11-06 23:30:01,"$101,958.42",$2.03T,$67.76B,19.94M BTC,1.73% (24h),82%,18%
2025-11-06 23:48:27,"$101,762.71",$2.02T,$68.74B,19.94M BTC,2.24% (24h),82%,18%
2025-11-07 00:00:36,"$101,992.74",$2.03T,$68.01B,19.94M BTC,1.93% (24h),82%,18%
2025-11-07 00:30:25,"$102,349.33",$2.04T,$68.44B,19.94M BTC,1.12% (24h),82%,18%
2025-11-07 00:46:36,"$102,250.05",$2.03T,$69.43B,19.94M BTC,1% (24h),82%,18%
2025-11-07 00:59:03,"$102,368.59",$2.04T,$68.44B,19.94M BTC,0.71% (24h),82%,18%
2025-11-07 01:42:13,"$102,045.59",$2.03T,$68.92B,19.94M BTC,1.25% (24h),82%,18%
2025-11-07 02:00:59,"$101,840.93",$2.03T,$69.02B,19.94M BTC,1.45% (24h),82%,18%
2025-11-07 02:28:39,"$101,737.21",$2.02T,$69.63B,19.94M BTC,1.62% (24h),82%,18%
2025-11-07 02:44:08,"$101,769.52",$2.02T,$69.89B,19.94M BTC,1.33% (24h),82%,18%
2025-11-07 02:59:14,"$101,972.50",$2.03T,$70.59B,19.94M BTC,1.22% (24h),82%,18%
2025-11-07 03:38:04,"$101,616.99",$2.02T,$71.39B,19.94M BTC,1.55% (24h),82%,18%
2025-11-07 03:56:58,"$101,468.69",$2.02T,$70.67B,19.94M BTC,1.67% (24h),82%,18%
2025-11-07 04:27:33,"$100,970.25",$2.01T,$70.88B,19.94M BTC,1.99% (24h),82%,18%
2025-11-07 04:44:19,"$100,896.45",$2.01T,$71.63B,19.94M BTC,2.02% (24h),82%,18%
2025-11-07 04:59:13,"$100,887.10",$2.01T,$72.33B,19.94M BTC,1.96% (24h),82%,18%
2025-11-07 05:32:02,"$100,609.39",$2T,$72.41B,19.94M BTC,2.37% (24h),82%,18%
2025-11-07 05:52:24,"$100,693.21",$2T,$72.99B,19.94M BTC,2.35% (24h),82%,18%
2025-11-07 06:22:01,"$100,087.17",$1.99T,$74.62B,19.94M BTC,2.89% (24h),82%,18%
2025-11-07 06:37:06,"$99,951.37",$1.99T,$76.17B,19.94M BTC,3.1% (24h),82%,18%
2025-11-07 06:49:56,"$100,153.75",$1.99T,$76.97B,19.94M BTC,2.98% (24h),82%,18%
2025-11-07 07:01:51,"$100,386.69",$2T,$78.65B,19.94M BTC,2.72% (24h),82%,18%
2025-11-07 07:58:34,"$99,588.27",$1.98T,$80.3B,19.94M BTC,2.85% (24h),82%,18%
2025-11-07 08:35:49,"$100,130.17",$1.99T,$80.95B,19.94M BTC,3.05% (24h),82%,18%
2025-11-07 08:51:48,"$100,444.78",$2T,$82.32B,19.94M BTC,2.86% (24h),82%,18%
2025-11-07 09:14:08,"$100,410.32",$2T,$82.05B,19.94M BTC,2.49% (24h),82%,18%
2025-11-07 09:40:19,"$99,576.62",$1.98T,$83.5B,19.94M BTC,2.78% (24h),82%,18%
2025-11-07 09:53:33,"$100,580.91",$2T,$83.46B,19.94M BTC,1.61% (24h),82%,18%
2025-11-07 10:26:37,"$100,959.19",$2.01T,$85.36B,19.94M BTC,1.69% (24h),82%,18%
2025-11-07 10:44:21,"$100,490.00",$2T,$85.27B,19.94M BTC,1.49% (24h),82%,18%
2025-11-07 10:59:32,"$100,820.73",$2.01T,$85.41B,19.94M BTC,1.1% (24h),82%,18%
2025-11-07 11:33:05,"$101,306.04",$2.02T,$85.51B,19.94M BTC,0.17% (24h),82%,18%
2025-11-07 11:54:23,"$101,317.30",$2.02T,$85.15B,19.94M BTC,0.32% (24h),82%,18%
2025-11-07 12:22:56,"$101,848.05",$2.03T,$85.18B,19.94M BTC,0.99% (24h),82%,18%
2025-11-07 12:44:14,"$102,084.59",$2.03T,$85.26B,19.94M BTC,0.75% (24h),82%,18%
2025-11-07 12:59:18,"$102,315.09",$2.04T,$86.96B,19.94M BTC,0.59% (24h),82%,18%
2025-11-07 13:38:32,"$102,608.95",$2.04T,$88.28B,19.94M BTC,0.9% (24h),82%,18%
2025-11-07 13:53:28,"$102,383.58",$2.04T,$89.13B,19.94M BTC,0.29% (24h),82%,18%
2025-11-07 14:21:20,"$102,826.83",$2.05T,$90.3B,19.94M BTC,1.03% (24h),82%,18%
2025-11-07 14:34:25,"$102,818.12",$2.05T,$91.05B,19.94M BTC,1.05% (24h),82%,18%
2025-11-07 14:49:54,"$103,135.62",$2.05T,$91.9B,19.94M BTC,1.8% (24h),82%,18%
2025-11-07 15:01:54,"$103,273.25",$2.05T,$91.11B,19.94M BTC,1.78% (24h),82%,18%
2025-11-07 15:29:31,"$103,253.14",$2.05T,$92.14B,19.94M BTC,2.01% (24h),82%,18%
2025-11-07 15:45:14,"$103,804.19",$2.07T,$90.32B,19.94M BTC,3.08% (24h),82%,18%
2025-11-07 15:59:25,"$103,738.38",$2.06T,$90.97B,19.94M BTC,2.77% (24h),82%,18%
2025-11-07 16:22:46,"$103,479.43",$2.06T,$92.29B,19.94M BTC,2.88% (24h),82%,18%
2025-11-07 16:41:09,"$103,398.61",$2.06T,$93.34B,19.94M BTC,2.46% (24h),82%,18%
2025-11-07 16:53:41,"$103,548.21",$2.06T,$90.53B,19.94M BTC,2.38% (24h),82%,18%
2025-11-07 17:23:36,"$103,953.99",$2.07T,$92.58B,19.94M BTC,2.67% (24h),82%,18%
2025-11-07 17:43:37,"$103,708.15",$2.06T,$93.22B,19.94M BTC,2.56% (24h),82%,18%
2025-11-07 17:59:37,"$103,635.31",$2.06T,$93.22B,19.94M BTC,2.2% (24h),82%,18%
2025-11-07 18:25:49,"$103,505.94",$2.06T,$92.83B,19.94M BTC,2.09% (24h),82%,18%
2025-11-07 18:42:05,"$103,568.97",$2.06T,$92.87B,19.94M BTC,2.36% (24h),82%,18%
2025-11-07 18:53:50,"$103,412.90",$2.06T,$92.94B,19.94M BTC,2.14% (24h),82%,18%
2025-11-07 20:49:49,"$102,997.36",$2.05T,$89.27B,19.94M BTC,1.98% (24h),82%,18%
2025-11-07 21:57:25,"$102,764.83",$2.04T,$89.45B,19.94M BTC,0.94% (24h),82%,18%
2025-11-07 22:39:22,"$102,950.84",$2.05T,$89.01B,19.94M BTC,0.85% (24h),82%,18%
2025-11-07 23:28:55,"$102,482.70",$2.04T,$87.23B,19.94M BTC,0.5% (24h),82%,18%
2025-11-07 23:46:17,"$102,721.39",$2.04T,$88.69B,19.94M BTC,0.93% (24h),82%,18%
2025-11-08 00:28:11,"$102,472.60",$2.04T,$87.42B,19.94M BTC,0.18% (24h),82%,18%
2025-11-08 00:44:28,"$102,397.83",$2.04T,$83.92B,19.94M BTC,0.11% (24h),82%,18%
2025-11-08 01:37:44,"$102,415.23",$2.04T,$88.41B,19.94M BTC,0.33% (24h),82%,18%
2025-11-08 01:54:15,"$102,297.59",$2.04T,$87.55B,19.94M BTC,0.34% (24h),82%,18%
2025-11-08 02:22:36,"$102,032.55",$2.03T,$86.98B,19.94M BTC,0.07% (24h),82%,18%
2025-11-08 02:40:20,"$102,180.86",$2.03T,$85.44B,19.94M BTC,0.44% (24h),82%,18%
2025-11-08 02:53:30,"$102,315.95",$2.04T,$87.43B,19.94M BTC,0.39% (24h),82%,18%
2025-11-08 03:30:27,"$102,410.14",$2.04T,$85.87B,19.94M BTC,0.59% (24h),82%,18%
2025-11-08 03:49:43,"$102,490.70",$2.04T,$85.81B,19.94M BTC,0.98% (24h),82%,18%
2025-11-08 04:01:06,"$102,345.12",$2.04T,$85.65B,19.94M BTC,0.91% (24h),82%,18%
2025-11-08 04:41:48,"$102,550.64",$2.04T,$84.34B,19.94M BTC,1.66% (24h),82%,18%
2025-11-08 04:53:50,"$102,380.10",$2.04T,$85.14B,19.94M BTC,1.5% (24h),82%,18%
2025-11-08 05:24:53,"$102,374.73",$2.04T,$83.32B,19.94M BTC,1.66% (24h),82%,18%
2025-11-08 05:43:12,"$102,437.33",$2.04T,$83.81B,19.94M BTC,1.66% (24h),82%,18%
2025-11-08 05:59:23,"$102,494.86",$2.04T,$82.29B,19.94M BTC,1.77% (24h),82%,18%
2025-11-08 06:22:09,"$102,570.66",$2.04T,$81.79B,19.94M BTC,2.44% (24h),82%,18%
2025-11-08 06:35:29,"$102,320.87",$2.04T,$81.21B,19.94M BTC,2.37% (24h),82%,18%
2025-11-08 06:48:53,"$101,889.71",$2.03T,$79.19B,19.94M BTC,1.79% (24h),82%,18%
2025-11-08 07:01:34,"$101,830.40",$2.03T,$78.77B,19.94M BTC,1.46% (24h),82%,18%
2025-11-08 07:52:49,"$101,923.76",$2.03T,$77.82B,19.94M BTC,2.5% (24h),82%,18%
2025-11-08 08:28:55,"$102,070.73",$2.03T,$75.72B,19.94M BTC,1.82% (24h),82%,18%
2025-11-08 08:43:08,"$102,128.86",$2.03T,$74.63B,19.94M BTC,2.08% (24h),82%,18%
2025-11-08 08:58:46,"$101,913.94",$2.03T,$74.56B,19.94M BTC,1.59% (24h),82%,18%
2025-11-08 09:25:35,"$101,668.31",$2.02T,$74.16B,19.94M BTC,1.56% (24h),82%,18%
2025-11-08 09:42:27,"$101,998.76",$2.03T,$74.26B,19.94M BTC,2.1% (24h),82%,18%
2025-11-08 09:59:18,"$101,825.60",$2.03T,$73.26B,19.94M BTC,1.1% (24h),82%,18%
2025-11-08 10:25:57,"$101,521.84",$2.02T,$69.01B,19.94M BTC,0.88% (24h),82%,18%
2025-11-08 10:41:29,"$101,615.46",$2.02T,$68.24B,19.94M BTC,1.02% (24h),82%,18%
2025-11-08 10:53:47,"$101,680.73",$2.02T,$67.69B,19.94M BTC,0.7% (24h),82%,18%
2025-11-08 11:28:47,"$101,815.07",$2.03T,$67.03B,19.94M BTC,0.4% (24h),82%,18%
2025-11-08 11:47:11,"$101,712.45",$2.02T,$65.44B,19.94M BTC,0.52% (24h),82%,18%
2025-11-08 11:59:58,"$101,837.27",$2.03T,$65.02B,19.94M BTC,0.85% (24h),82%,18%
2025-11-08 12:25:12,"$101,808.80",$2.03T,$63.73B,19.94M BTC,0.3% (24h),82%,18%
2025-11-08 12:40:46,"$101,883.55",$2.03T,$61.84B,19.94M BTC,0.3% (24h),82%,18%
2025-11-08 12:53:37,"$101,843.61",$2.03T,$59.79B,19.94M BTC,0.06% (24h),82%,18%
2025-11-08 13:34:02,"$101,994.54",$2.03T,$59.94B,19.94M BTC,0.64% (24h),82%,18%
2025-11-08 13:52:51,"$102,100.86",$2.03T,$58.68B,19.94M BTC,0.16% (24h),82%,18%
2025-11-08 14:19:13,"$101,869.73",$2.03T,$58.38B,19.94M BTC,0.92% (24h),82%,18%
2025-11-08 14:31:09,"$101,759.06",$2.02T,$57.31B,19.94M BTC,1.13% (24h),82%,18%
2025-11-08 14:43:38,"$101,957.15",$2.03T,$56.89B,19.94M BTC,1.12% (24h),82%,18%
2025-11-08 14:59:30,"$101,937.06",$2.03T,$57.33B,19.94M BTC,1.26% (24h),82%,18%
2025-11-08 15:27:57,"$102,052.71",$2.03T,$56.43B,19.94M BTC,0.97% (24h),82%,18%
2025-11-08 15:42:30,"$102,079.14",$2.03T,$56.14B,19.94M BTC,1.56% (24h),82%,18%
2025-11-08 15:59:22,"$102,019.47",$2.03T,$54.41B,19.94M BTC,1.66% (24h),82%,18%
2025-11-08 16:23:41,"$102,073.63",$2.03T,$54.64B,19.94M BTC,1.36% (24h),82%,18%
2025-11-08 16:40:24,"$102,247.98",$2.03T,$53.46B,19.94M BTC,1.12% (24h),82%,18%
2025-11-08 16:53:10,"$102,244.25",$2.03T,$53.48B,19.94M BTC,1.24% (24h),82%,18%
2025-11-08 17:21:42,"$102,251.01",$2.03T,$53.51B,19.94M BTC,1.57% (24h),82%,18%
2025-11-08 17:38:26,"$102,256.04",$2.03T,$53.27B,19.94M BTC,1.46% (24h),82%,18%
2025-11-08 17:50:26,"$102,343.42",$2.04T,$52.41B,19.94M BTC,1.38% (24h),82%,18%
2025-11-08 18:09:25,"$102,367.96",$2.04T,$52.01B,19.94M BTC,1.23% (24h),82%,18%
2025-11-08 18:29:08,"$102,404.28",$2.04T,$51.82B,19.94M BTC,1.01% (24h),82%,18%
2025-11-08 18:42:30,"$102,368.17",$2.04T,$52.49B,19.94M BTC,1.15% (24h),82%,18%
2025-11-08 18:59:44,"$102,284.04",$2.04T,$51.45B,19.94M BTC,1.05% (24h),82%,18%
2025-11-08 21:11:31,"$101,852.63",$2.03T,$50.75B,19.94M BTC,1.01% (24h),82%,18%
2025-11-08 22:30:10,"$101,482.50",$2.02T,$49.73B,19.94M BTC,1.56% (24h),82%,18%
2025-11-08 22:58:25,"$101,679.17",$2.02T,$50.49B,19.94M BTC,0.9% (24h),82%,18%
2025-11-08 23:31:56,"$102,042.30",$2.03T,$49.47B,19.94M BTC,0.39% (24h),82%,18%
2025-11-09 00:00:19,"$101,700.92",$2.02T,$50.02B,19.94M BTC,0.79% (24h),82%,18%
2025-11-09 00:28:53,"$101,835.50",$2.03T,$49.84B,19.94M BTC,0.63% (24h),82%,18%
2025-11-09 00:45:04,"$101,816.76",$2.03T,$49.9B,19.94M BTC,0.57% (24h),82%,18%
2025-11-09 00:59:01,"$101,884.94",$2.03T,$49.2B,19.94M BTC,0.38% (24h),82%,18%
2025-11-09 01:54:13,"$101,764.62",$2.02T,$47.65B,19.94M BTC,0.52% (24h),82%,18%
2025-11-09 02:23:20,"$101,751.92",$2.02T,$48.43B,19.94M BTC,0.25% (24h),82%,18%
2025-11-09 02:40:41,"$101,866.42",$2.03T,$48.25B,19.94M BTC,0.3% (24h),82%,18%
2025-11-09 02:53:26,"$101,869.57",$2.03T,$48.22B,19.94M BTC,0.41% (24h),82%,18%
2025-11-09 03:29:52,"$101,913.45",$2.03T,$47.8B,19.94M BTC,0.52% (24h),82%,18%
2025-11-09 03:45:51,"$101,906.19",$2.03T,$48.5B,19.94M BTC,0.65% (24h),82%,18%
2025-11-09 03:58:54,"$101,937.25",$2.03T,$48.25B,19.94M BTC,0.49% (24h),82%,18%
2025-11-09 04:26:02,"$102,063.97",$2.03T,$47.4B,19.94M BTC,0.34% (24h),82%,18%
2025-11-09 04:41:10,"$101,958.34",$2.03T,$47.44B,19.94M BTC,0.55% (24h),82%,18%
2025-11-09 04:53:02,"$101,726.61",$2.02T,$48.17B,19.94M BTC,0.64% (24h),82%,18%
2025-11-09 05:24:36,"$101,645.54",$2.02T,$47.89B,19.94M BTC,0.7% (24h),82%,18%
2025-11-09 05:43:26,"$101,663.36",$2.02T,$48.11B,19.94M BTC,0.75% (24h),82%,18%
2025-11-09 05:58:37,"$101,821.13",$2.03T,$48.22B,19.94M BTC,0.66% (24h),82%,18%
2025-11-09 06:21:41,"$102,271.03",$2.03T,$48.28B,19.94M BTC,0.27% (24h),82%,18%
2025-11-09 06:35:09,"$102,101.46",$2.03T,$49.36B,19.94M BTC,0.22% (24h),82%,18%
2025-11-09 06:49:44,"$102,227.14",$2.03T,$49.08B,19.94M BTC,0.38% (24h),82%,18%
2025-11-09 07:01:41,"$102,200.05",$2.03T,$48.79B,19.94M BTC,0.33% (24h),82%,18%
2025-11-09 07:53:07,"$102,123.99",$2.03T,$49.07B,19.94M BTC,0.2% (24h),82%,18%
2025-11-09 08:28:49,"$102,462.95",$2.04T,$48.83B,19.94M BTC,0.36% (24h),82%,18%
2025-11-09 08:44:00,"$102,735.00",$2.04T,$49.14B,19.94M BTC,0.56% (24h),82%,18%
2025-11-09 08:59:06,"$102,868.34",$2.05T,$48.48B,19.94M BTC,0.92% (24h),82%,18%
2025-11-09 09:24:12,"$103,149.38",$2.05T,$48.34B,19.94M BTC,1.43% (24h),82%,18%
2025-11-09 09:41:25,"$103,351.14",$2.06T,$50.5B,19.94M BTC,1.36% (24h),82%,18%
2025-11-09 09:53:44,"$103,266.05",$2.05T,$50.95B,19.94M BTC,1.25% (24h),82%,18%
2025-11-09 10:23:08,"$103,521.93",$2.06T,$50.94B,19.94M BTC,1.84% (24h),82%,18%
2025-11-09 10:40:59,"$103,714.29",$2.06T,$51.67B,19.94M BTC,2.06% (24h),82%,18%
2025-11-09 10:53:17,"$103,990.22",$2.07T,$52.12B,19.94M BTC,2.27% (24h),82%,18%
2025-11-09 11:28:24,"$103,488.58",$2.06T,$52.22B,19.94M BTC,1.64% (24h),82%,18%
2025-11-09 11:46:10,"$103,509.46",$2.06T,$53.14B,19.94M BTC,1.75% (24h),82%,18%
2025-11-09 11:59:46,"$103,832.65",$2.07T,$52.52B,19.94M BTC,2.01% (24h),82%,18%
2025-11-09 12:23:43,"$103,401.88",$2.06T,$53.32B,19.94M BTC,1.56% (24h),82%,18%
2025-11-09 12:41:19,"$103,648.93",$2.06T,$53.44B,19.94M BTC,1.71% (24h),82%,18%
2025-11-09 12:53:25,"$103,602.94",$2.06T,$51.91B,19.94M BTC,1.74% (24h),82%,18%
2025-11-09 13:32:03,"$103,650.16",$2.06T,$53.35B,19.94M BTC,1.55% (24h),82%,18%
2025-11-09 13:51:01,"$104,358.11",$2.08T,$52.1B,19.94M BTC,2.27% (24h),82%,18%
2025-11-09 14:09:03,"$104,490.16",$2.08T,$53.06B,19.94M BTC,2.31% (24h),82%,18%
2025-11-09 14:25:14,"$104,412.26",$2.08T,$53.53B,19.94M BTC,2.81% (24h),82%,18%
2025-11-09 14:40:30,"$104,771.97",$2.08T,$53.75B,19.94M BTC,2.79% (24h),82%,18%
2025-11-09 14:53:23,"$104,782.96",$2.09T,$53.99B,19.94M BTC,2.81% (24h),82%,18%
2025-11-09 15:25:45,"$104,561.11",$2.08T,$54.96B,19.94M BTC,2.47% (24h),82%,18%
2025-11-09 15:42:16,"$104,565.11",$2.08T,$55.91B,19.94M BTC,2.41% (24h),82%,18%
2025-11-09 15:59:14,"$104,588.47",$2.08T,$54.15B,19.94M BTC,2.51% (24h),82%,18%
2025-11-09 16:23:52,"$104,626.15",$2.08T,$56.46B,19.94M BTC,2.49% (24h),82%,18%
2025-11-09 16:40:34,"$104,741.59",$2.08T,$56.58B,19.94M BTC,2.45% (24h),82%,18%
2025-11-09 16:52:55,"$104,534.67",$2.08T,$56.58B,19.94M BTC,2.22% (24h),82%,18%
2025-11-09 17:22:26,"$104,493.94",$2.08T,$56.8B,19.94M BTC,2.2% (24h),82%,18%
2025-11-09 17:42:47,"$104,261.59",$2.07T,$56.88B,19.94M BTC,1.95% (24h),82%,18%
2025-11-09 17:59:03,"$104,688.77",$2.08T,$57.99B,19.94M BTC,2.25% (24h),82%,18%
2025-11-09 18:25:36,"$104,727.25",$2.08T,$58.66B,19.94M BTC,2.27% (24h),82%,18%
2025-11-09 18:40:58,"$104,642.51",$2.08T,$59.25B,19.94M BTC,2.26% (24h),82%,18%
2025-11-09 18:53:27,"$104,662.72",$2.08T,$59.53B,19.94M BTC,2.31% (24h),82%,18%
2025-11-09 21:01:28,"$105,729.74",$2.1T,$67.22B,19.94M BTC,3.65% (24h),82%,18%
2025-11-09 22:26:42,"$105,924.53",$2.11T,$67.09B,19.94M BTC,4.33% (24h),82%,18%
2025-11-09 23:04:28,"$106,098.77",$2.11T,$68.42B,19.94M BTC,4.38% (24h),82%,18%
2025-11-09 23:39:55,"$105,898.61",$2.11T,$67.84B,19.94M BTC,3.84% (24h),82%,18%
2025-11-09 23:55:31,"$106,232.35",$2.11T,$67.72B,19.94M BTC,4.4% (24h),82%,18%
2025-11-10 00:27:00,"$106,163.44",$2.11T,$68.48B,19.94M BTC,4.27% (24h),82%,18%
2025-11-10 00:44:57,"$106,120.96",$2.11T,$68.04B,19.94M BTC,4.2% (24h),82%,18%
2025-11-10 00:59:00,"$106,072.77",$2.11T,$67.83B,19.94M BTC,4.11% (24h),82%,18%
2025-11-10 01:43:58,"$106,171.55",$2.11T,$68.54B,19.94M BTC,4.18% (24h),82%,18%
2025-11-10 02:02:04,"$106,227.30",$2.11T,$68.59B,19.94M BTC,4.43% (24h),82%,18%
2025-11-10 02:29:19,"$106,331.88",$2.12T,$67.61B,19.94M BTC,4.46% (24h),82%,18%
2025-11-10 02:45:09,"$106,332.47",$2.12T,$68.83B,19.94M BTC,4.39% (24h),82%,18%
2025-11-10 02:59:29,"$106,424.96",$2.12T,$68.51B,19.94M BTC,4.45% (24h),82%,18%
2025-11-10 03:39:36,"$105,950.52",$2.11T,$66.43B,19.94M BTC,3.96% (24h),82%,18%
2025-11-10 03:58:06,"$105,923.77",$2.11T,$68.35B,19.94M BTC,3.91% (24h),82%,18%
2025-11-10 04:33:36,"$106,352.81",$2.12T,$70.23B,19.94M BTC,4.33% (24h),82%,18%
2025-11-10 04:52:43,"$106,527.93",$2.12T,$70.43B,19.94M BTC,4.69% (24h),82%,18%
2025-11-10 05:30:32,"$106,147.11",$2.11T,$70.52B,19.94M BTC,4.32% (24h),82%,18%
2025-11-10 05:50:28,"$106,082.29",$2.11T,$70.35B,19.94M BTC,4.13% (24h),82%,18%
2025-11-10 06:10:05,"$105,994.68",$2.11T,$71.11B,19.94M BTC,3.88% (24h),82%,18%
2025-11-10 06:30:45,"$106,189.33",$2.11T,$68.63B,19.94M BTC,3.96% (24h),82%,18%
2025-11-10 06:44:46,"$106,241.01",$2.11T,$70.96B,19.94M BTC,3.99% (24h),82%,18%
2025-11-10 06:58:56,"$106,187.17",$2.11T,$70.16B,19.94M BTC,3.89% (24h),82%,18%
2025-11-10 08:00:19,"$105,938.98",$2.11T,$71.23B,19.94M BTC,3.79% (24h),82%,18%
2025-11-10 08:39:21,"$106,452.44",$2.12T,$70.77B,19.94M BTC,3.7% (24h),82%,18%
2025-11-10 08:55:22,"$106,435.34",$2.12T,$70.75B,19.94M BTC,3.41% (24h),82%,18%
2025-11-10 09:27:11,"$106,248.19",$2.11T,$70.38B,19.94M BTC,2.69% (24h),82%,18%
2025-11-10 09:47:40,"$105,318.01",$2.1T,$69.19B,19.94M BTC,1.98% (24h),82%,18%
2025-11-10 10:00:24,"$104,815.00",$2.09T,$70.35B,19.94M BTC,1.76% (24h),82%,18%
2025-11-10 10:32:32,"$105,489.78",$2.1T,$72.2B,19.94M BTC,1.9% (24h),82%,18%
2025-11-10 10:52:07,"$104,902.97",$2.09T,$73.55B,19.94M BTC,0.99% (24h),82%,18%
2025-11-10 11:34:28,"$105,272.75",$2.09T,$73.25B,19.94M BTC,1.84% (24h),82%,18%
2025-11-10 11:57:00,"$105,128.12",$2.09T,$74.25B,19.94M BTC,1.27% (24h),82%,18%
2025-11-10 12:24:33,"$105,370.27",$2.1T,$73.74B,19.94M BTC,1.89% (24h),82%,18%
2025-11-10 12:42:49,"$105,692.66",$2.1T,$74.46B,19.94M BTC,2.02% (24h),82%,18%
2025-11-10 12:59:44,"$105,930.32",$2.11T,$74.11B,19.94M BTC,2.24% (24h),82%,18%
2025-11-10 13:40:41,"$105,865.75",$2.11T,$75.32B,19.94M BTC,2.06% (24h),82%,18%
2025-11-10 13:55:21,"$105,772.34",$2.1T,$75B,19.94M BTC,1.36% (24h),82%,18%
2025-11-10 14:21:36,"$105,604.67",$2.1T,$74.29B,19.94M BTC,1.25% (24h),82%,18%
2025-11-10 14:35:27,"$105,515.88",$2.1T,$73.55B,19.94M BTC,0.83% (24h),82%,18%
2025-11-10 14:49:52,"$105,898.98",$2.11T,$72.82B,19.94M BTC,1.1% (24h),82%,18%
2025-11-10 15:01:58,"$105,832.04",$2.11T,$72.49B,19.94M BTC,0.9% (24h),82%,18%
2025-11-10 15:34:33,"$105,984.35",$2.11T,$72.86B,19.94M BTC,1.29% (24h),82%,18%
2025-11-10 15:54:13,"$106,003.75",$2.11T,$71.96B,19.94M BTC,1.37% (24h),82%,18%
2025-11-10 16:24:30,"$105,586.07",$2.1T,$72.18B,19.94M BTC,0.91% (24h),82%,18%
2025-11-10 16:43:37,"$105,457.08",$2.1T,$72.21B,19.94M BTC,0.71% (24h),82%,18%
2025-11-10 16:59:20,"$105,538.20",$2.1T,$72.28B,19.94M BTC,0.97% (24h),82%,18%
2025-11-10 17:29:06,"$105,614.61",$2.1T,$70.99B,19.94M BTC,1.12% (24h),82%,18%
2025-11-10 17:46:59,"$105,642.39",$2.1T,$70.62B,19.94M BTC,1.3% (24h),82%,18%
2025-11-10 18:27:03,"$106,220.26",$2.11T,$69.24B,19.94M BTC,1.4% (24h),82%,18%
2025-11-10 18:43:27,"$106,058.03",$2.11T,$68.83B,19.94M BTC,1.42% (24h),82%,18%
2025-11-10 18:59:58,"$105,989.94",$2.11T,$68.8B,19.94M BTC,1.2% (24h),82%,18%
2025-11-10 21:09:05,"$105,723.76",$2.1T,$63.4B,19.94M BTC,0.04% (24h),82%,18%
2025-11-10 22:22:13,"$106,988.59",$2.13T,$67.96B,19.94M BTC,0.94% (24h),82%,18%
2025-11-10 22:59:41,"$106,455.00",$2.12T,$67.1B,19.94M BTC,0.42% (24h),82%,18%
2025-11-10 23:34:56,"$106,030.16",$2.11T,$67.98B,19.94M BTC,0.14% (24h),82%,18%
2025-11-10 23:52:44,"$105,733.90",$2.1T,$68.28B,19.94M BTC,0.41% (24h),82%,18%
2025-11-11 00:27:18,"$105,421.06",$2.1T,$68.28B,19.94M BTC,0.7% (24h),82%,18%
2025-11-11 00:45:16,"$105,315.55",$2.1T,$68.43B,19.94M BTC,0.78% (24h),82%,18%
2025-11-11 00:59:42,"$105,275.36",$2.09T,$68.87B,19.94M BTC,0.74% (24h),82%,18%
2025-11-11 01:43:24,"$105,031.89",$2.09T,$70.67B,19.94M BTC,1.05% (24h),82%,18%
2025-11-11 02:01:03,"$105,234.83",$2.09T,$70.87B,19.94M BTC,0.93% (24h),82%,18%
2025-11-11 02:30:11,"$105,175.31",$2.09T,$71.56B,19.94M BTC,1.09% (24h),82%,18%
2025-11-11 02:45:47,"$104,922.57",$2.09T,$71.4B,19.94M BTC,1.33% (24h),82%,18%
2025-11-11 02:59:33,"$104,767.86",$2.08T,$70.69B,19.94M BTC,1.55% (24h),82%,18%
2025-11-11 03:38:16,"$104,972.95",$2.09T,$70.23B,19.94M BTC,0.96% (24h),82%,18%
2025-11-11 03:58:13,"$105,119.32",$2.09T,$70.22B,19.94M BTC,0.75% (24h),82%,18%
2025-11-11 04:30:25,"$105,343.61",$2.1T,$69.79B,19.94M BTC,0.96% (24h),82%,18%
2025-11-11 04:47:32,"$105,018.29",$2.09T,$70.38B,19.94M BTC,1.38% (24h),82%,18%
2025-11-11 04:59:52,"$104,958.71",$2.09T,$69.43B,19.94M BTC,1.34% (24h),82%,18%
2025-11-11 05:34:32,"$105,122.75",$2.09T,$68.65B,19.94M BTC,0.92% (24h),82%,18%
2025-11-11 05:53:57,"$105,057.36",$2.09T,$69.92B,19.94M BTC,0.91% (24h),82%,18%
2025-11-11 06:22:54,"$105,261.59",$2.09T,$68.88B,19.94M BTC,0.72% (24h),82%,18%
2025-11-11 06:42:47,"$105,441.04",$2.1T,$69.5B,19.94M BTC,0.72% (24h),82%,18%
2025-11-11 06:59:44,"$105,279.18",$2.09T,$69.23B,19.94M BTC,0.85% (24h),82%,18%
2025-11-11 07:58:49,"$104,497.00",$2.08T,$68.2B,19.94M BTC,1.33% (24h),82%,18%
2025-11-11 08:38:20,"$104,360.54",$2.08T,$71.97B,19.94M BTC,1.96% (24h),82%,18%
2025-11-11 08:53:35,"$104,387.99",$2.08T,$73.47B,19.94M BTC,1.98% (24h),82%,18%
2025-11-11 09:27:23,"$104,513.77",$2.08T,$74.19B,19.94M BTC,1.6% (24h),82%,18%
2025-11-11 09:47:46,"$104,150.03",$2.07T,$74.1B,19.94M BTC,1.18% (24h),82%,18%
2025-11-11 10:00:26,"$104,544.28",$2.08T,$73.45B,19.94M BTC,0.33% (24h),82%,18%
2025-11-11 10:32:23,"$103,645.44",$2.06T,$71.01B,19.94M BTC,1.74% (24h),82%,18%
2025-11-11 10:52:11,"$103,366.91",$2.06T,$72.11B,19.94M BTC,1.52% (24h),82%,18%
2025-11-11 11:33:20,"$103,312.89",$2.06T,$72.61B,19.94M BTC,1.86% (24h),82%,18%
2025-11-11 11:56:35,"$103,465.00",$2.06T,$71.74B,19.94M BTC,1.52% (24h),82%,18%
2025-11-11 12:23:54,"$103,516.67",$2.06T,$72.09B,19.94M BTC,1.8% (24h),82%,18%
2025-11-11 12:44:49,"$102,937.48",$2.05T,$71.19B,19.94M BTC,2.55% (24h),82%,18%
2025-11-11 12:59:24,"$103,350.91",$2.06T,$71.48B,19.94M BTC,2.35% (24h),82%,18%
2025-11-11 13:39:51,"$103,225.88",$2.05T,$72.1B,19.94M BTC,2.49% (24h),82%,18%
2025-11-11 13:57:08,"$103,367.53",$2.06T,$72.02B,19.94M BTC,2.12% (24h),82%,18%
2025-11-11 14:21:44,"$103,266.89",$2.05T,$71.16B,19.94M BTC,2.23% (24h),82%,18%
2025-11-11 14:35:41,"$103,289.76",$2.06T,$71.97B,19.94M BTC,2.11% (24h),82%,18%
2025-11-11 14:50:03,"$103,325.37",$2.06T,$69.59B,19.94M BTC,2.42% (24h),82%,18%
2025-11-11 15:02:34,"$103,027.97",$2.05T,$71.81B,19.94M BTC,2.64% (24h),82%,18%
2025-11-11 15:34:14,"$102,762.94",$2.04T,$70.58B,19.94M BTC,3% (24h),82%,18%
2025-11-11 15:50:42,"$102,852.24",$2.05T,$71.19B,19.94M BTC,3.08% (24h),82%,18%
2025-11-11 16:11:21,"$102,997.66",$2.05T,$70.58B,19.94M BTC,2.54% (24h),82%,18%
2025-11-11 16:31:17,"$102,695.67",$2.04T,$71.4B,19.94M BTC,2.66% (24h),82%,18%
2025-11-11 16:44:46,"$102,500.22",$2.04T,$70.7B,19.94M BTC,2.79% (24h),82%,18%
2025-11-11 16:59:04,"$102,681.22",$2.04T,$71.36B,19.94M BTC,2.67% (24h),82%,18%
2025-11-11 17:28:34,"$102,923.73",$2.05T,$71.02B,19.94M BTC,2.55% (24h),82%,18%
2025-11-11 17:45:15,"$103,036.39",$2.05T,$71.04B,19.94M BTC,2.46% (24h),82%,18%
2025-11-11 17:59:15,"$102,962.01",$2.05T,$70.94B,19.94M BTC,2.83% (24h),82%,18%
2025-11-11 18:26:36,"$103,019.50",$2.05T,$71.54B,19.94M BTC,2.97% (24h),82%,18%
2025-11-11 18:42:27,"$103,014.65",$2.05T,$71.59B,19.94M BTC,2.88% (24h),82%,18%
2025-11-11 18:59:05,"$103,011.43",$2.05T,$71.39B,19.94M BTC,2.81% (24h),82%,18%
2025-11-11 21:07:53,"$103,210.40",$2.05T,$67.62B,19.94M BTC,2.35% (24h),82%,18%
2025-11-11 22:20:55,"$103,277.01",$2.06T,$64.23B,19.94M BTC,3.4% (24h),82%,18%
2025-11-11 22:55:47,"$103,345.61",$2.06T,$63.81B,19.94M BTC,2.93% (24h),82%,18%
2025-11-11 23:31:32,"$103,179.95",$2.05T,$62.85B,19.94M BTC,2.64% (24h),82%,18%
2025-11-11 23:50:35,"$103,146.19",$2.05T,$62.02B,19.94M BTC,2.48% (24h),82%,18%
2025-11-12 00:12:31,"$103,309.05",$2.06T,$62.36B,19.94M BTC,2.09% (24h),82%,18%
2025-11-12 00:40:39,"$103,312.60",$2.06T,$61.7B,19.94M BTC,1.95% (24h),82%,18%
2025-11-12 00:53:38,"$103,414.11",$2.06T,$61.61B,19.94M BTC,1.83% (24h),82%,18%
2025-11-12 01:38:28,"$103,502.53",$2.06T,$60.25B,19.94M BTC,1.47% (24h),82%,18%
2025-11-12 01:58:34,"$103,350.38",$2.06T,$59.97B,19.94M BTC,1.73% (24h),82%,18%
2025-11-12 02:28:32,"$103,466.58",$2.06T,$60.34B,19.94M BTC,1.59% (24h),82%,18%
2025-11-12 02:44:56,"$103,447.66",$2.06T,$60.26B,19.94M BTC,1.43% (24h),82%,18%
2025-11-12 02:59:11,"$103,086.46",$2.05T,$59.4B,19.94M BTC,1.62% (24h),82%,18%
2025-11-12 03:39:00,"$104,179.45",$2.07T,$60.04B,19.94M BTC,0.75% (24h),82%,18%
2025-11-12 03:59:28,"$104,146.02",$2.07T,$60.76B,19.94M BTC,0.93% (24h),82%,18%
2025-11-12 04:32:10,"$104,685.10",$2.08T,$61.94B,19.94M BTC,0.61% (24h),82%,18%
2025-11-12 04:51:33,"$104,555.73",$2.08T,$62.7B,19.94M BTC,0.42% (24h),82%,18%
2025-11-12 05:15:00,"$104,758.33",$2.08T,$60.91B,19.94M BTC,0.38% (24h),82%,18%
2025-11-12 05:44:40,"$104,838.52",$2.09T,$63.6B,19.94M BTC,0.34% (24h),82%,18%
2025-11-12 05:59:19,"$104,884.66",$2.09T,$64.39B,19.94M BTC,0.2% (24h),82%,18%
2025-11-12 06:26:05,"$105,007.42",$2.09T,$64.25B,19.94M BTC,0.29% (24h),82%,18%
2025-11-12 06:42:59,"$104,770.42",$2.08T,$64.46B,19.94M BTC,0.61% (24h),82%,18%
2025-11-12 07:00:26,"$105,006.78",$2.09T,$63.62B,19.94M BTC,0.28% (24h),82%,18%
2025-11-12 08:00:34,"$105,027.78",$2.09T,$64.53B,19.94M BTC,0.5% (24h),82%,18%
2025-11-12 08:41:28,"$105,016.54",$2.09T,$59.13B,19.94M BTC,0.63% (24h),82%,18%
2025-11-12 08:56:46,"$105,020.43",$2.09T,$58.62B,19.94M BTC,0.7% (24h),82%,18%
2025-11-12 09:28:24,"$104,766.76",$2.08T,$57.96B,19.94M BTC,0.25% (24h),82%,18%
2025-11-12 09:49:46,"$103,744.47",$2.06T,$57.48B,19.94M BTC,0.3% (24h),82%,18%
2025-11-12 10:02:10,"$103,925.80",$2.07T,$57.86B,19.94M BTC,0.49% (24h),82%,18%
2025-11-12 10:35:41,"$103,443.42",$2.06T,$58.64B,19.94M BTC,0.09% (24h),82%,18%
2025-11-12 10:54:29,"$102,084.92",$2.03T,$58.2B,19.94M BTC,1.26% (24h),82%,18%
2025-11-12 11:35:22,"$102,038.37",$2.03T,$60.79B,19.94M BTC,1.35% (24h),82%,18%
2025-11-12 11:58:01,"$101,654.09",$2.02T,$60.86B,19.94M BTC,1.73% (24h),82%,18%
2025-11-12 12:27:33,"$101,619.39",$2.02T,$61.18B,19.94M BTC,1.67% (24h),82%,18%
2025-11-12 12:44:16,"$101,872.45",$2.03T,$61.34B,19.94M BTC,1.01% (24h),82%,18%
2025-11-12 12:59:45,"$101,751.70",$2.02T,$61.33B,19.94M BTC,1.55% (24h),82%,18%
2025-11-12 13:38:30,"$101,750.71",$2.02T,$61.96B,19.94M BTC,1.44% (24h),82%,18%
2025-11-12 13:55:39,"$101,539.53",$2.02T,$62.3B,19.94M BTC,1.8% (24h),82%,18%
2025-11-12 14:22:17,"$101,152.51",$2.01T,$61.81B,19.94M BTC,2.02% (24h),82%,18%
2025-11-12 14:42:10,"$101,292.30",$2.02T,$63.41B,19.94M BTC,1.84% (24h),82%,18%
2025-11-12 14:53:38,"$101,322.48",$2.02T,$63.95B,19.94M BTC,1.95% (24h),82%,18%
2025-11-12 15:29:34,"$101,702.70",$2.02T,$63.76B,19.94M BTC,1.22% (24h),82%,18%
2025-11-12 15:46:52,"$101,689.49",$2.02T,$64.68B,19.94M BTC,1.11% (24h),82%,18%
2025-11-12 15:59:18,"$101,519.05",$2.02T,$64.72B,19.94M BTC,1.25% (24h),82%,18%
2025-11-12 16:27:24,"$101,703.35",$2.02T,$64.73B,19.94M BTC,1.04% (24h),82%,18%
2025-11-12 16:43:05,"$101,800.62",$2.03T,$64.13B,19.94M BTC,0.69% (24h),82%,18%
2025-11-12 16:59:53,"$101,885.99",$2.03T,$63.91B,19.94M BTC,0.77% (24h),82%,18%
2025-11-12 17:28:36,"$101,702.68",$2.02T,$63.9B,19.94M BTC,1.16% (24h),82%,18%
2025-11-12 17:44:12,"$101,787.71",$2.03T,$64.2B,19.94M BTC,1.18% (24h),82%,18%
2025-11-12 17:59:09,"$101,962.67",$2.03T,$62.64B,19.94M BTC,0.98% (24h),82%,18%
2025-11-12 18:27:56,"$101,923.61",$2.03T,$65.5B,19.94M BTC,1.04% (24h),82%,18%
2025-11-12 18:44:08,"$101,633.47",$2.02T,$64.42B,19.94M BTC,1.31% (24h),82%,18%
2025-11-12 18:58:56,"$101,642.94",$2.02T,$64.49B,19.94M BTC,1.35% (24h),82%,18%
2025-11-12 21:10:02,"$102,155.22",$2.03T,$66.66B,19.94M BTC,1.08% (24h),82%,18%
2025-11-12 22:32:20,"$102,222.47",$2.03T,$65.43B,19.94M BTC,1.04% (24h),82%,18%
2025-11-12 23:03:58,"$101,930.32",$2.03T,$69.94B,19.94M BTC,1.25% (24h),82%,18%
2025-11-12 23:39:02,"$101,962.19",$2.03T,$72B,19.94M BTC,1.08% (24h),82%,18%
2025-11-12 23:54:43,"$101,983.83",$2.03T,$70.75B,19.94M BTC,1.13% (24h),82%,18%
2025-11-13 00:27:22,"$102,098.25",$2.03T,$72.18B,19.94M BTC,1.22% (24h),82%,18%
2025-11-13 00:46:18,"$102,552.39",$2.04T,$71.86B,19.94M BTC,0.75% (24h),82%,18%
2025-11-13 00:59:10,"$103,238.92",$2.05T,$72.29B,19.94M BTC,0.1% (24h),82%,18%
2025-11-13 01:42:24,"$103,393.52",$2.06T,$73.95B,19.94M BTC,0.04% (24h),82%,18%
2025-11-13 02:01:05,"$103,580.89",$2.06T,$75.07B,19.94M BTC,0.22% (24h),82%,18%
2025-11-13 02:29:52,"$103,936.63",$2.07T,$75.06B,19.94M BTC,0.46% (24h),82%,18%
2025-11-13 02:44:56,"$103,570.38",$2.06T,$76.01B,19.94M BTC,0.1% (24h),82%,18%
2025-11-13 02:59:33,"$103,471.84",$2.06T,$75.51B,19.94M BTC,0.37% (24h),82%,18%
2025-11-13 03:38:36,"$103,648.04",$2.06T,$75.43B,19.94M BTC,0.46% (24h),82%,18%
2025-11-13 03:58:12,"$103,644.83",$2.06T,$74.69B,19.94M BTC,0.44% (24h),82%,18%
2025-11-13 04:31:17,"$102,949.17",$2.05T,$74.56B,19.94M BTC,1.69% (24h),82%,18%
2025-11-13 04:48:31,"$102,952.62",$2.05T,$74.38B,19.94M BTC,1.48% (24h),82%,18%
2025-11-13 05:00:37,"$102,841.78",$2.05T,$74.97B,19.94M BTC,1.59% (24h),82%,18%
2025-11-13 05:36:05,"$103,045.13",$2.05T,$74.04B,19.94M BTC,1.84% (24h),82%,18%
2025-11-13 05:54:26,"$102,989.29",$2.05T,$74.44B,19.94M BTC,1.83% (24h),82%,18%
2025-11-13 06:23:37,"$102,917.95",$2.05T,$73.85B,19.94M BTC,2% (24h),82%,18%
2025-11-13 06:42:48,"$102,863.50",$2.05T,$73.23B,19.94M BTC,1.81% (24h),82%,18%
2025-11-13 06:59:46,"$102,959.28",$2.05T,$74.01B,19.94M BTC,1.95% (24h),82%,18%
2025-11-13 08:00:38,"$103,122.77",$2.05T,$74.48B,19.94M BTC,1.78% (24h),82%,18%
2025-11-13 08:41:49,"$102,572.20",$2.04T,$72.19B,19.94M BTC,2.33% (24h),82%,18%
2025-11-13 08:57:46,"$102,326.45",$2.04T,$75.09B,19.94M BTC,2.57% (24h),82%,18%
2025-11-13 09:27:18,"$102,402.96",$2.04T,$76.02B,19.94M BTC,2.26% (24h),82%,18%
2025-11-13 09:45:00,"$101,837.94",$2.03T,$76.97B,19.94M BTC,2.68% (24h),82%,18%
2025-11-13 10:30:32,"$102,129.28",$2.03T,$79.38B,19.94M BTC,1.32% (24h),82%,18%
2025-11-13 10:47:30,"$101,368.73",$2.02T,$78.73B,19.94M BTC,1.24% (24h),82%,18%
2025-11-13 11:00:43,"$101,379.74",$2.02T,$78.12B,19.94M BTC,0.77% (24h),82%,18%
2025-11-13 11:36:56,"$101,167.85",$2.01T,$79.23B,19.94M BTC,0.82% (24h),82%,18%
2025-11-13 11:57:22,"$100,623.85",$2T,$79.01B,19.94M BTC,1.03% (24h),82%,18%
2025-11-13 12:25:47,"$100,274.48",$2T,$80.33B,19.94M BTC,1.22% (24h),82%,18%
2025-11-13 12:45:49,"$100,004.13",$1.99T,$82.12B,19.94M BTC,1.82% (24h),82%,18%
2025-11-13 12:59:06,"$99,718.58",$1.98T,$82.63B,19.94M BTC,2% (24h),82%,18%
2025-11-13 13:40:45,"$98,295.37",$1.96T,$87.8B,19.94M BTC,3.44% (24h),82%,18%
2025-11-13 13:58:00,"$98,461.92",$1.96T,$90B,19.94M BTC,3.05% (24h),82%,18%
2025-11-13 14:23:24,"$98,732.16",$1.96T,$91.05B,19.94M BTC,2.38% (24h),82%,18%
2025-11-13 14:40:38,"$98,575.82",$1.96T,$92.35B,19.94M BTC,2.55% (24h),82%,18%
2025-11-13 14:53:02,"$98,716.42",$1.96T,$92.54B,19.94M BTC,2.49% (24h),82%,18%
2025-11-13 15:29:24,"$98,411.27",$1.96T,$91.38B,19.94M BTC,3.22% (24h),82%,18%
2025-11-13 15:47:10,"$98,447.19",$1.96T,$96.96B,19.94M BTC,3.15% (24h),82%,18%
2025-11-13 15:59:30,"$98,099.16",$1.95T,$96.62B,19.94M BTC,3.36% (24h),82%,18%
2025-11-13 16:26:56,"$98,206.29",$1.95T,$97.43B,19.94M BTC,3.45% (24h),82%,18%
2025-11-13 16:40:08,"$98,502.06",$1.96T,$98.6B,19.94M BTC,3.27% (24h),82%,18%
2025-11-13 16:53:04,"$98,763.00",$1.97T,$98.71B,19.94M BTC,2.96% (24h),82%,18%
2025-11-13 17:25:36,"$99,400.84",$1.98T,$98.85B,19.94M BTC,2.28% (24h),82%,18%
2025-11-13 17:44:29,"$99,818.17",$1.99T,$100.09B,19.94M BTC,1.94% (24h),82%,18%
2025-11-13 17:58:55,"$99,759.97",$1.99T,$100.54B,19.94M BTC,2.15% (24h),82%,18%
2025-11-13 18:27:53,"$100,242.59",$1.99T,$99.12B,19.94M BTC,1.68% (24h),82%,18%
2025-11-13 18:43:07,"$100,371.13",$2T,$102.04B,19.94M BTC,1.25% (24h),82%,18%
2025-11-13 18:59:59,"$99,679.01",$1.98T,$101.25B,19.94M BTC,1.96% (24h),82%,18%
2025-11-13 21:08:33,"$99,382.74",$1.98T,$104.03B,19.94M BTC,2.69% (24h),82%,18%
2025-11-13 22:21:53,"$99,156.97",$1.97T,$104.12B,19.94M BTC,2.5% (24h),82%,18%
2025-11-13 22:58:26,"$99,069.81",$1.97T,$102.08B,19.94M BTC,3.15% (24h),82%,18%
2025-11-13 23:34:12,"$98,251.60",$1.95T,$101.06B,19.94M BTC,3.84% (24h),82%,18%
2025-11-13 23:52:44,"$97,440.51",$1.94T,$104.93B,19.94M BTC,4.34% (24h),82%,18%
2025-11-14 00:25:37,"$97,613.23",$1.94T,$107.82B,19.94M BTC,4.29% (24h),82%,18%
2025-11-14 00:45:01,"$97,313.34",$1.94T,$108.78B,19.94M BTC,5.04% (24h),82%,18%
2025-11-14 00:59:54,"$97,475.93",$1.94T,$108.68B,19.94M BTC,5.6% (24h),82%,18%
2025-11-14 01:42:33,"$96,837.10",$1.93T,$109.6B,19.94M BTC,6.35% (24h),82%,18%
2025-11-14 02:01:01,"$97,356.05",$1.94T,$110.11B,19.94M BTC,5.99% (24h),82%,18%
2025-11-14 02:29:46,"$97,576.13",$1.94T,$111.98B,19.94M BTC,6.15% (24h),82%,18%
2025-11-14 02:44:22,"$97,096.64",$1.93T,$113.32B,19.94M BTC,6.26% (24h),82%,18%
2025-11-14 02:59:16,"$97,120.58",$1.93T,$113.77B,19.94M BTC,6.11% (24h),82%,18%
2025-11-14 03:37:44,"$97,176.30",$1.93T,$109.98B,19.94M BTC,6.23% (24h),82%,18%
2025-11-14 03:56:36,"$97,267.05",$1.94T,$114.5B,19.94M BTC,6.1% (24h),82%,18%
2025-11-14 04:28:54,"$97,095.20",$1.93T,$114.3B,19.94M BTC,5.8% (24h),82%,18%
2025-11-14 04:46:35,"$97,056.28",$1.93T,$114.13B,19.94M BTC,5.77% (24h),82%,18%
2025-11-14 04:59:00,"$96,832.94",$1.93T,$114.25B,19.94M BTC,5.76% (24h),82%,18%
2025-11-14 05:33:07,"$96,937.14",$1.93T,$114.46B,19.94M BTC,5.9% (24h),82%,18%
2025-11-14 05:52:32,"$97,053.90",$1.93T,$115.65B,19.94M BTC,5.71% (24h),82%,18%
2025-11-14 06:21:59,"$96,438.15",$1.92T,$114.98B,19.94M BTC,6.42% (24h),82%,18%
2025-11-14 06:41:36,"$96,065.51",$1.91T,$115.74B,19.94M BTC,6.61% (24h),82%,18%
2025-11-14 06:54:41,"$95,805.90",$1.91T,$112.54B,19.94M BTC,6.97% (24h),82%,18%
2025-11-14 07:52:21,"$95,283.96",$1.9T,$122.16B,19.94M BTC,7.58% (24h),82%,18%
2025-11-14 08:34:55,"$94,832.95",$1.89T,$126.65B,19.94M BTC,7.44% (24h),82%,18%
2025-11-14 08:52:23,"$95,081.68",$1.89T,$127.26B,19.94M BTC,7.19% (24h),82%,18%
2025-11-14 09:26:35,"$95,549.48",$1.9T,$129.22B,19.94M BTC,6.75% (24h),82%,18%
2025-11-14 09:48:06,"$96,404.45",$1.92T,$129.26B,19.94M BTC,5.36% (24h),82%,18%
2025-11-14 10:00:36,"$96,467.55",$1.92T,$129.53B,19.94M BTC,6.26% (24h),82%,18%
2025-11-14 10:27:45,"$96,304.73",$1.92T,$129.35B,19.94M BTC,5.7% (24h),82%,18%
2025-11-14 10:44:33,"$96,689.27",$1.92T,$127.86B,19.94M BTC,4.9% (24h),82%,18%
2025-11-14 10:59:14,"$96,763.53",$1.93T,$131B,19.94M BTC,4.47% (24h),82%,18%
2025-11-14 11:37:45,"$97,139.81",$1.93T,$128.01B,19.94M BTC,3.99% (24h),82%,18%
2025-11-14 11:56:52,"$97,120.11",$1.93T,$128.68B,19.94M BTC,3.44% (24h),82%,18%
2025-11-14 12:23:57,"$96,924.90",$1.93T,$128.05B,19.94M BTC,3.43% (24h),82%,18%
2025-11-14 12:45:16,"$96,282.39",$1.92T,$127.16B,19.94M BTC,3.71% (24h),82%,18%
2025-11-14 12:59:45,"$95,712.69",$1.9T,$124.47B,19.94M BTC,4.01% (24h),82%,18%
2025-11-14 13:40:26,"$95,541.11",$1.9T,$120.59B,19.94M BTC,2.93% (24h),82%,18%
2025-11-14 13:57:30,"$95,137.39",$1.89T,$118.53B,19.94M BTC,3.34% (24h),82%,18%
2025-11-14 14:22:40,"$95,718.93",$1.9T,$118.65B,19.94M BTC,2.93% (24h),82%,18%
2025-11-14 14:41:01,"$95,412.91",$1.9T,$118.94B,19.94M BTC,3.26% (24h),82%,18%
2025-11-14 14:53:15,"$95,729.04",$1.9T,$118.37B,19.94M BTC,3% (24h),82%,18%
2025-11-14 15:29:30,"$94,893.65",$1.89T,$115.23B,19.94M BTC,3.52% (24h),82%,18%
2025-11-14 15:46:20,"$94,260.93",$1.88T,$115.11B,19.94M BTC,4.24% (24h),82%,18%
2025-11-14 15:59:27,"$94,251.80",$1.88T,$116.07B,19.94M BTC,3.92% (24h),82%,18%
2025-11-14 16:26:41,"$94,858.15",$1.89T,$116.77B,19.94M BTC,3.48% (24h),82%,18%
2025-11-14 16:42:09,"$94,725.51",$1.88T,$115.39B,19.94M BTC,3.97% (24h),82%,18%
2025-11-14 16:59:12,"$95,006.01",$1.89T,$115.43B,19.94M BTC,3.81% (24h),82%,18%
2025-11-14 17:29:02,"$95,166.59",$1.89T,$115.27B,19.94M BTC,4.22% (24h),82%,18%
2025-11-14 17:45:47,"$95,343.60",$1.9T,$115.12B,19.94M BTC,4.46% (24h),82%,18%
2025-11-14 17:59:28,"$95,024.49",$1.89T,$113.47B,19.94M BTC,4.74% (24h),82%,18%
2025-11-14 18:42:43,"$94,568.78",$1.88T,$115.34B,19.94M BTC,5.78% (24h),82%,18%
2025-11-14 18:58:58,"$94,397.78",$1.88T,$113.86B,19.94M BTC,5.35% (24h),82%,18%
2025-11-14 21:03:46,"$95,430.73",$1.9T,$111.75B,19.94M BTC,3.98% (24h),82%,18%
2025-11-14 22:16:34,"$96,424.94",$1.92T,$112.17B,19.94M BTC,2.68% (24h),82%,18%
2025-11-14 22:49:38,"$96,178.65",$1.91T,$112.59B,19.94M BTC,2.85% (24h),82%,18%
2025-11-14 23:01:41,"$96,299.73",$1.92T,$111.76B,19.94M BTC,2.81% (24h),82%,18%
2025-11-14 23:34:04,"$95,995.95",$1.91T,$113.36B,19.94M BTC,2.3% (24h),82%,18%
2025-11-14 23:51:34,"$95,950.27",$1.91T,$108.71B,19.94M BTC,1.54% (24h),82%,18%
2025-11-15 00:13:10,"$95,966.02",$1.91T,$108.06B,19.94M BTC,1.62% (24h),82%,18%
2025-11-15 00:37:56,"$96,004.63",$1.91T,$106.61B,19.94M BTC,1.29% (24h),82%,18%
2025-11-15 00:50:31,"$96,187.40",$1.91T,$106.1B,19.94M BTC,1.35% (24h),82%,18%
2025-11-15 01:14:47,"$96,370.13",$1.92T,$105.7B,19.94M BTC,0.68% (24h),82%,18%
2025-11-15 01:45:38,"$96,005.78",$1.91T,$102.96B,19.94M BTC,0.77% (24h),82%,18%
2025-11-15 01:59:17,"$96,078.30",$1.91T,$102.31B,19.94M BTC,1.2% (24h),82%,18%
2025-11-15 02:24:54,"$96,117.73",$1.91T,$101.06B,19.94M BTC,1.42% (24h),82%,18%
2025-11-15 02:39:57,"$96,130.97",$1.91T,$99.35B,19.94M BTC,0.8% (24h),82%,18%
2025-11-15 02:51:44,"$96,221.81",$1.91T,$98.97B,19.94M BTC,1.33% (24h),82%,18%
2025-11-15 03:30:10,"$95,908.70",$1.91T,$97.16B,19.94M BTC,1% (24h),82%,18%
2025-11-15 03:48:21,"$95,786.01",$1.91T,$94.32B,19.94M BTC,1.21% (24h),82%,18%
2025-11-15 04:00:24,"$95,841.60",$1.91T,$96.49B,19.94M BTC,1.54% (24h),82%,18%
2025-11-15 04:27:32,"$96,001.89",$1.91T,$97.03B,19.94M BTC,1.27% (24h),82%,18%
2025-11-15 04:42:35,"$95,981.59",$1.91T,$97.5B,19.94M BTC,1.15% (24h),82%,18%
2025-11-15 04:58:43,"$95,768.46",$1.91T,$96.17B,19.94M BTC,1.1% (24h),82%,18%
2025-11-15 05:28:21,"$95,805.91",$1.91T,$95.46B,19.94M BTC,1.24% (24h),82%,18%
2025-11-15 05:44:36,"$95,940.99",$1.91T,$96.09B,19.94M BTC,1.23% (24h),82%,18%
2025-11-15 05:59:06,"$95,912.61",$1.91T,$95.06B,19.94M BTC,0.84% (24h),82%,18%
2025-11-15 06:22:17,"$95,726.14",$1.9T,$94.39B,19.94M BTC,0.73% (24h),82%,18%
2025-11-15 06:41:02,"$95,771.71",$1.91T,$94.33B,19.94M BTC,0.39% (24h),82%,18%
2025-11-15 06:53:36,"$95,590.12",$1.9T,$92.63B,19.94M BTC,0.35% (24h),82%,18%
2025-11-15 07:46:07,"$95,611.47",$1.9T,$86.49B,19.94M BTC,0.81% (24h),82%,18%
2025-11-15 08:16:12,"$95,852.75",$1.91T,$83.67B,19.94M BTC,0.8% (24h),82%,18%
2025-11-15 08:40:06,"$96,112.87",$1.91T,$82.34B,19.94M BTC,1.46% (24h),82%,18%
2025-11-15 08:51:24,"$95,949.28",$1.91T,$80.75B,19.94M BTC,1.31% (24h),82%,18%
2025-11-15 09:11:31,"$96,297.77",$1.92T,$79.28B,19.94M BTC,0.87% (24h),82%,18%
2025-11-15 09:33:18,"$96,072.55",$1.91T,$78.45B,19.94M BTC,0.98% (24h),82%,18%
2025-11-15 09:49:45,"$96,069.33",$1.91T,$74.76B,19.94M BTC,0.52% (24h),82%,18%
2025-11-15 10:01:46,"$96,158.55",$1.91T,$75.18B,19.94M BTC,0.16% (24h),82%,18%
2025-11-15 10:27:53,"$96,331.54",$1.92T,$73.07B,19.94M BTC,0.23% (24h),82%,18%
2025-11-15 10:43:04,"$96,153.32",$1.91T,$72.04B,19.94M BTC,0.46% (24h),82%,18%
2025-11-15 10:58:51,"$96,268.33",$1.92T,$70.65B,19.94M BTC,0.53% (24h),82%,18%
2025-11-15 11:32:02,"$95,726.20",$1.9T,$69.99B,19.94M BTC,1.15% (24h),82%,18%
2025-11-15 11:50:43,"$96,042.98",$1.91T,$68.26B,19.94M BTC,0.98% (24h),82%,18%
2025-11-15 12:09:10,"$95,944.02",$1.91T,$68.08B,19.94M BTC,1.07% (24h),82%,18%
2025-11-15 12:29:09,"$95,951.00",$1.91T,$67.99B,19.94M BTC,0.6% (24h),82%,18%
2025-11-15 12:42:14,"$95,931.25",$1.91T,$67.14B,19.94M BTC,0.47% (24h),82%,18%
2025-11-15 12:59:12,"$96,133.65",$1.91T,$66.48B,19.94M BTC,0.23% (24h),82%,18%
2025-11-15 13:35:35,"$96,032.60",$1.91T,$65.28B,19.94M BTC,0.04% (24h),82%,18%
2025-11-15 13:52:39,"$96,044.81",$1.91T,$65.14B,19.94M BTC,0.71% (24h),82%,18%
2025-11-15 14:18:27,"$96,046.18",$1.91T,$62.91B,19.94M BTC,0.67% (24h),82%,18%
2025-11-15 14:30:53,"$95,970.23",$1.91T,$62.65B,19.94M BTC,0.32% (24h),82%,18%
2025-11-15 14:42:22,"$95,949.97",$1.91T,$62.4B,19.94M BTC,0.63% (24h),82%,18%
2025-11-15 14:58:46,"$96,012.02",$1.91T,$62.18B,19.94M BTC,0.41% (24h),82%,18%
2025-11-15 15:28:46,"$95,611.65",$1.9T,$60.96B,19.94M BTC,0.72% (24h),82%,18%
2025-11-15 15:43:44,"$95,511.68",$1.9T,$59.77B,19.94M BTC,1.31% (24h),82%,18%
2025-11-15 15:59:14,"$95,161.04",$1.89T,$58.71B,19.94M BTC,0.95% (24h),82%,18%
2025-11-15 16:23:49,"$95,470.74",$1.9T,$57.94B,19.94M BTC,0.54% (24h),82%,18%
2025-11-15 16:40:42,"$95,314.25",$1.9T,$58.03B,19.94M BTC,0.64% (24h),82%,18%
2025-11-15 16:52:18,"$95,112.00",$1.89T,$57.54B,19.94M BTC,0.23% (24h),82%,18%
2025-11-15 17:21:06,"$95,415.53",$1.9T,$56.63B,19.94M BTC,0.6% (24h),82%,18%
2025-11-15 17:36:52,"$95,391.49",$1.9T,$56.96B,19.94M BTC,0.16% (24h),82%,18%
2025-11-15 17:49:47,"$95,385.05",$1.9T,$56.59B,19.94M BTC,0.06% (24h),82%,18%
2025-11-15 18:01:45,"$95,555.49",$1.9T,$56.67B,19.94M BTC,0.52% (24h),82%,18%
2025-11-15 18:26:59,"$95,583.69",$1.9T,$55.27B,19.94M BTC,1.36% (24h),82%,18%
2025-11-15 18:40:46,"$95,584.10",$1.9T,$54.73B,19.94M BTC,1.09% (24h),82%,18%
2025-11-15 18:53:26,"$95,531.33",$1.9T,$38.68B,19.94M BTC,0.71% (24h),82%,18%
2025-11-15 21:03:36,"$95,131.51",$1.89T,$35.43B,19.94M BTC,0.32% (24h),82%,18%
2025-11-15 22:33:54,"$95,742.73",$1.9T,$50.2B,19.94M BTC,0.73% (24h),82%,18%
2025-11-15 23:04:46,"$95,712.25",$1.9T,$49.7B,19.94M BTC,0.59% (24h),82%,18%
2025-11-15 23:38:50,"$95,642.98",$1.9T,$49.65B,19.94M BTC,0.44% (24h),82%,18%
2025-11-15 23:53:22,"$95,724.11",$1.9T,$49.52B,19.94M BTC,0.24% (24h),82%,18%
2025-11-16 00:25:10,"$95,857.18",$1.91T,$47.92B,19.94M BTC,0.19% (24h),82%,18%
2025-11-16 00:44:26,"$95,877.69",$1.91T,$49.34B,19.94M BTC,0.16% (24h),82%,18%
2025-11-16 00:59:29,"$95,814.69",$1.91T,$49.23B,19.94M BTC,0.46% (24h),82%,18%
2025-11-16 01:40:00,"$95,906.51",$1.91T,$49.35B,19.94M BTC,0.61% (24h),82%,18%
2025-11-16 01:55:37,"$95,901.89",$1.91T,$49.09B,19.94M BTC,0.34% (24h),82%,18%
2025-11-16 02:23:32,"$95,855.80",$1.91T,$48.45B,19.94M BTC,0.13% (24h),82%,18%
2025-11-16 02:40:35,"$95,851.20",$1.91T,$48.27B,19.94M BTC,0.3% (24h),82%,18%
2025-11-16 02:52:44,"$95,957.69",$1.91T,$48.22B,19.94M BTC,0.26% (24h),82%,18%
2025-11-16 03:31:10,"$95,895.34",$1.91T,$48.11B,19.94M BTC,0.02% (24h),82%,18%
2025-11-16 03:49:22,"$95,958.05",$1.91T,$47.61B,19.94M BTC,0.16% (24h),82%,18%
2025-11-16 04:02:13,"$95,919.09",$1.91T,$47.51B,19.94M BTC,0.21% (24h),82%,18%
2025-11-16 04:30:12,"$96,047.29",$1.91T,$46.87B,19.94M BTC,0.17% (24h),82%,18%
2025-11-16 04:44:28,"$96,159.17",$1.91T,$46.75B,19.94M BTC,0.17% (24h),82%,18%
2025-11-16 04:58:54,"$96,453.17",$1.92T,$47.3B,19.94M BTC,0.67% (24h),82%,18%
2025-11-16 05:29:04,"$96,415.86",$1.92T,$48.14B,19.94M BTC,0.6% (24h),82%,18%
2025-11-16 05:45:17,"$96,366.34",$1.92T,$48.39B,19.94M BTC,0.4% (24h),82%,18%
2025-11-16 05:58:48,"$96,376.29",$1.92T,$48.27B,19.94M BTC,0.48% (24h),82%,18%
2025-11-16 06:22:08,"$95,861.51",$1.91T,$48.7B,19.94M BTC,0.14% (24h),82%,18%
2025-11-16 06:40:18,"$95,598.52",$1.9T,$49.48B,19.94M BTC,0.16% (24h),82%,18%
2025-11-16 06:52:44,"$95,517.29",$1.9T,$49.78B,19.94M BTC,0.08% (24h),82%,18%
2025-11-16 07:45:59,"$95,759.19",$1.91T,$50.36B,19.94M BTC,0.14% (24h),82%,18%
2025-11-16 08:15:57,"$95,704.69",$1.9T,$50.43B,19.94M BTC,0.12% (24h),82%,18%
2025-11-16 08:38:02,"$95,287.17",$1.9T,$50.03B,19.94M BTC,0.83% (24h),82%,18%
2025-11-16 08:51:50,"$95,306.26",$1.9T,$50.16B,19.94M BTC,0.68% (24h),82%,18%
2025-11-16 09:10:01,"$95,388.20",$1.9T,$50.16B,19.94M BTC,0.93% (24h),82%,18%
2025-11-16 09:32:01,"$95,355.83",$1.9T,$50.09B,19.94M BTC,0.7% (24h),82%,18%
2025-11-16 09:49:16,"$95,593.27",$1.9T,$49.63B,19.94M BTC,0.49% (24h),82%,18%
2025-11-16 10:01:40,"$95,287.35",$1.9T,$49.8B,19.94M BTC,0.91% (24h),82%,18%
2025-11-16 10:27:25,"$95,366.75",$1.9T,$49.54B,19.94M BTC,0.99% (24h),82%,18%
2025-11-16 10:42:36,"$95,331.91",$1.9T,$49.81B,19.94M BTC,0.84% (24h),82%,18%
2025-11-16 10:59:09,"$94,386.38",$1.88T,$46.27B,19.94M BTC,1.96% (24h),82%,18%
2025-11-16 11:32:49,"$94,137.32",$1.87T,$47.85B,19.94M BTC,1.65% (24h),82%,18%
2025-11-16 11:51:42,"$94,321.14",$1.88T,$53.82B,19.94M BTC,1.79% (24h),82%,18%
2025-11-16 12:11:56,"$94,247.81",$1.88T,$54.03B,19.94M BTC,1.73% (24h),82%,18%
2025-11-16 12:31:23,"$94,369.69",$1.88T,$54.04B,19.94M BTC,1.6% (24h),82%,18%
2025-11-16 12:44:42,"$94,005.50",$1.87T,$50.42B,19.94M BTC,2.08% (24h),82%,18%
2025-11-16 12:59:40,"$94,283.79",$1.88T,$55.8B,19.94M BTC,1.92% (24h),82%,18%
2025-11-16 13:37:01,"$94,637.70",$1.88T,$59.06B,19.94M BTC,1.43% (24h),82%,18%
2025-11-16 14:19:46,"$94,416.16",$1.88T,$57.73B,19.94M BTC,1.68% (24h),82%,18%
2025-11-16 14:32:18,"$94,258.87",$1.88T,$61.89B,19.94M BTC,1.79% (24h),82%,18%
2025-11-16 14:49:01,"$94,187.44",$1.87T,$62.49B,19.94M BTC,1.76% (24h),82%,18%
2025-11-16 15:01:35,"$93,987.02",$1.87T,$63.13B,19.94M BTC,2.05% (24h),82%,18%
2025-11-16 15:31:09,"$94,564.72",$1.88T,$62.1B,19.94M BTC,1.09% (24h),82%,18%
2025-11-16 15:46:13,"$94,272.76",$1.88T,$63.18B,19.94M BTC,1.25% (24h),82%,18%
2025-11-16 15:58:39,"$94,192.63",$1.87T,$62.76B,19.94M BTC,0.99% (24h),82%,18%
2025-11-16 16:25:04,"$93,614.34",$1.86T,$63.83B,19.94M BTC,1.91% (24h),82%,18%
2025-11-16 16:40:50,"$93,565.51",$1.86T,$64.08B,19.94M BTC,1.91% (24h),82%,18%
2025-11-16 16:53:31,"$93,465.71",$1.86T,$60.33B,19.94M BTC,1.7% (24h),82%,18%
2025-11-16 17:23:21,"$93,416.56",$1.86T,$65.74B,19.94M BTC,2.21% (24h),82%,18%
2025-11-16 17:43:49,"$93,586.01",$1.86T,$66.16B,19.94M BTC,1.97% (24h),82%,18%
2025-11-16 17:58:53,"$94,231.30",$1.87T,$66.86B,19.94M BTC,1.4% (24h),82%,18%
2025-11-16 18:25:42,"$94,208.26",$1.87T,$64.7B,19.94M BTC,1.44% (24h),82%,18%
2025-11-16 18:42:29,"$94,291.60",$1.88T,$70.34B,19.94M BTC,1.34% (24h),82%,18%
2025-11-16 18:59:54,"$94,191.88",$1.87T,$70.62B,19.94M BTC,1.42% (24h),82%,18%
2025-11-16 21:09:08,"$94,915.98",$1.89T,$70.51B,19.94M BTC,0.2% (24h),82%,18%
2025-11-16 22:34:24,"$95,399.78",$1.9T,$74.07B,19.94M BTC,0.36% (24h),82%,18%
2025-11-16 23:04:16,"$95,413.28",$1.9T,$68.96B,19.94M BTC,0.32% (24h),82%,18%
2025-11-16 23:40:25,"$95,248.69",$1.9T,$75.18B,19.94M BTC,0.39% (24h),82%,18%
2025-11-16 23:55:22,"$95,104.44",$1.89T,$75.45B,19.94M BTC,0.68% (24h),82%,18%
2025-11-17 00:27:58,"$95,043.33",$1.89T,$76.23B,19.94M BTC,0.93% (24h),82%,18%
2025-11-17 00:46:41,"$95,099.88",$1.89T,$76.26B,19.94M BTC,0.8% (24h),82%,18%
2025-11-17 00:59:34,"$95,121.24",$1.89T,$76.07B,19.94M BTC,0.76% (24h),82%,18%
2025-11-17 01:43:29,"$94,847.27",$1.89T,$75.82B,19.94M BTC,1.1% (24h),82%,18%
2025-11-17 02:01:07,"$95,223.13",$1.89T,$75.73B,19.94M BTC,0.53% (24h),82%,18%
2025-11-17 02:30:24,"$95,394.82",$1.9T,$77.28B,19.94M BTC,0.39% (24h),82%,18%
2025-11-17 02:59:15,"$95,668.61",$1.9T,$78B,19.94M BTC,0.34% (24h),82%,18%
2025-11-17 04:00:06,"$95,552.65",$1.9T,$78.27B,19.94M BTC,0.5% (24h),82%,18%
2025-11-17 04:36:07,"$95,679.44",$1.9T,$79.53B,19.94M BTC,0.37% (24h),82%,18%
2025-11-17 04:52:55,"$95,586.00",$1.9T,$78.77B,19.94M BTC,0.72% (24h),82%,18%
2025-11-17 05:30:36,"$95,572.91",$1.9T,$78.65B,19.94M BTC,0.86% (24h),82%,18%
2025-11-17 05:51:21,"$95,669.16",$1.9T,$78.19B,19.94M BTC,0.76% (24h),82%,18%
2025-11-17 06:12:18,"$95,658.50",$1.9T,$77.81B,19.94M BTC,0.44% (24h),82%,18%
2025-11-17 08:12:40,"$94,900.04",$1.89T,$75.91B,19.94M BTC,0.9% (24h),82%,18%
2025-11-17 08:44:16,"$93,913.10",$1.87T,$77.15B,19.94M BTC,1.35% (24h),82%,18%
2025-11-17 08:59:26,"$93,815.33",$1.87T,$78.77B,19.94M BTC,1.62% (24h),82%,18%
2025-11-17 09:31:18,"$94,042.17",$1.87T,$79.86B,19.94M BTC,1.4% (24h),82%,18%
2025-11-17 09:50:55,"$95,341.94",$1.9T,$82.27B,19.94M BTC,0.21% (24h),82%,18%
2025-11-17 10:28:33,"$94,347.08",$1.88T,$80.74B,19.94M BTC,1.05% (24h),82%,18%
2025-11-17 10:41:13,"$93,989.35",$1.87T,$84.69B,19.94M BTC,1.46% (24h),82%,18%
2025-11-17 10:55:25,"$94,014.21",$1.87T,$86.7B,19.94M BTC,0.71% (24h),82%,18%
2025-11-17 11:35:45,"$93,487.25",$1.86T,$86.59B,19.95M BTC,0.64% (24h),82%,18%
2025-11-17 11:57:45,"$94,168.93",$1.87T,$82.53B,19.95M BTC,0.12% (24h),82%,18%
2025-11-17 12:26:35,"$93,651.54",$1.86T,$86.27B,19.95M BTC,0.68% (24h),82%,18%
2025-11-17 12:45:22,"$92,737.75",$1.85T,$82.74B,19.95M BTC,1.31% (24h),82%,18%
2025-11-17 12:58:43,"$92,815.89",$1.85T,$86.15B,19.95M BTC,1.19% (24h),82%,18%
2025-11-17 13:40:30,"$92,497.03",$1.84T,$87.01B,19.95M BTC,1.99% (24h),82%,18%
2025-11-17 13:56:33,"$92,496.63",$1.84T,$87.14B,19.95M BTC,1.67% (24h),82%,18%
2025-11-17 14:21:07,"$92,167.39",$1.83T,$86.57B,19.95M BTC,2.29% (24h),82%,18%
2025-11-17 14:34:32,"$91,890.86",$1.83T,$87.2B,19.95M BTC,2.67% (24h),82%,18%
2025-11-17 15:01:53,"$91,403.80",$1.82T,$84.68B,19.95M BTC,2.71% (24h),82%,18%
2025-11-17 15:33:24,"$91,532.74",$1.82T,$93.26B,19.95M BTC,3.22% (24h),82%,18%
2025-11-17 15:50:02,"$91,841.69",$1.83T,$94.01B,19.95M BTC,2.56% (24h),82%,18%
2025-11-17 16:04:39,"$91,930.80",$1.83T,$94.18B,19.95M BTC,2.19% (24h),82%,18%
2025-11-17 16:30:51,"$91,638.96",$1.82T,$95.08B,19.95M BTC,2.11% (24h),82%,18%
2025-11-17 16:45:36,"$91,714.95",$1.82T,$95.26B,19.95M BTC,1.87% (24h),82%,18%
2025-11-17 16:58:54,"$91,837.95",$1.83T,$95.86B,19.95M BTC,1.68% (24h),82%,18%
2025-11-17 17:29:19,"$92,040.87",$1.83T,$95.03B,19.95M BTC,1.74% (24h),82%,18%
2025-11-17 17:46:27,"$92,212.80",$1.83T,$95.5B,19.95M BTC,1.42% (24h),82%,18%
2025-11-17 17:59:11,"$92,149.62",$1.83T,$95.13B,19.95M BTC,2.17% (24h),82%,18%
2025-11-17 18:27:52,"$91,854.08",$1.83T,$89.28B,19.95M BTC,2.43% (24h),82%,18%
2025-11-17 18:58:49,"$92,088.19",$1.83T,$94.18B,19.95M BTC,2.28% (24h),82%,18%
2025-11-17 21:07:37,"$91,208.71",$1.81T,$95.52B,19.95M BTC,3.92% (24h),82%,18%
2025-11-17 22:21:05,"$90,325.97",$1.8T,$101.39B,19.95M BTC,5.09% (24h),82%,18%
2025-11-17 22:55:59,"$90,651.32",$1.8T,$102.63B,19.95M BTC,4.96% (24h),82%,18%
2025-11-17 23:30:47,"$89,863.99",$1.79T,$104.03B,19.95M BTC,5.77% (24h),82%,18%
2025-11-17 23:49:25,"$89,834.83",$1.79T,$108.07B,19.95M BTC,5.63% (24h),82%,18%
2025-11-18 00:01:32,"$89,978.06",$1.79T,$108.29B,19.95M BTC,5.32% (24h),82%,18%
2025-11-18 00:31:33,"$90,106.67",$1.79T,$109.04B,19.95M BTC,5.23% (24h),82%,18%
2025-11-18 00:48:00,"$90,125.83",$1.79T,$111.18B,19.95M BTC,5.24% (24h),82%,18%
2025-11-18 01:00:24,"$90,100.78",$1.79T,$110.92B,19.95M BTC,5.23% (24h),82%,18%
2025-11-18 01:41:59,"$89,574.39",$1.78T,$110.45B,19.95M BTC,5.6% (24h),82%,18%
2025-11-18 02:00:35,"$89,534.38",$1.78T,$111.98B,19.95M BTC,5.96% (24h),82%,18%
2025-11-18 02:29:23,"$90,019.77",$1.79T,$112.87B,19.95M BTC,5.67% (24h),82%,18%
2025-11-18 02:45:16,"$90,372.62",$1.8T,$113.41B,19.95M BTC,5.54% (24h),82%,18%
2025-11-18 02:59:29,"$90,385.91",$1.8T,$113.76B,19.95M BTC,5.51% (24h),82%,18%
2025-11-18 03:38:34,"$91,187.99",$1.81T,$116.09B,19.95M BTC,4.65% (24h),82%,18%
2025-11-18 03:57:56,"$91,165.98",$1.81T,$116.73B,19.95M BTC,4.59% (24h),82%,18%
2025-11-18 04:31:28,"$90,875.61",$1.81T,$115.46B,19.95M BTC,5.02% (24h),82%,18%
2025-11-18 04:49:09,"$91,208.53",$1.81T,$117.59B,19.95M BTC,4.6% (24h),82%,18%
2025-11-18 05:00:43,"$91,316.82",$1.82T,$117.47B,19.95M BTC,4.47% (24h),82%,18%
2025-11-18 06:03:20,"$91,419.32",$1.82T,$118.16B,19.95M BTC,4.29% (24h),82%,18%
2025-11-18 06:24:00,"$91,382.80",$1.82T,$116.75B,19.95M BTC,4.45% (24h),82%,18%
2025-11-18 06:42:55,"$91,447.96",$1.82T,$120.46B,19.95M BTC,4.33% (24h),82%,18%
2025-11-18 06:58:47,"$91,437.80",$1.82T,$119.21B,19.95M BTC,4.21% (24h),82%,18%
2025-11-18 07:59:11,"$91,342.14",$1.82T,$114.62B,19.95M BTC,4.12% (24h),82%,18%
2025-11-18 08:39:58,"$90,924.09",$1.81T,$115.48B,19.95M BTC,3.39% (24h),82%,18%
2025-11-18 09:03:17,"$91,274.89",$1.82T,$113.06B,19.95M BTC,2.73% (24h),82%,18%
2025-11-18 09:27:29,"$91,596.09",$1.82T,$107.36B,19.95M BTC,2.62% (24h),82%,18%
2025-11-18 09:49:12,"$91,617.13",$1.82T,$118.76B,19.95M BTC,3.88% (24h),82%,18%
2025-11-18 10:01:18,"$91,342.35",$1.82T,$118.24B,19.95M BTC,3.53% (24h),82%,18%
2025-11-18 10:35:02,"$92,637.51",$1.84T,$121.13B,19.95M BTC,1.53% (24h),82%,18%
2025-11-18 10:54:01,"$92,829.48",$1.85T,$118.83B,19.95M BTC,1.22% (24h),82%,18%
2025-11-18 11:36:54,"$93,555.46",$1.86T,$122.3B,19.95M BTC,0.04% (24h),82%,18%
2025-11-18 11:58:25,"$93,440.08",$1.86T,$121.57B,19.95M BTC,0.85% (24h),82%,18%
2025-11-18 12:27:52,"$93,220.65",$1.85T,$122.25B,19.95M BTC,0.42% (24h),82%,18%
2025-11-18 12:46:27,"$93,156.68",$1.85T,$115.25B,19.95M BTC,0.45% (24h),82%,18%
2025-11-18 12:58:53,"$93,202.59",$1.85T,$120.22B,19.95M BTC,0.56% (24h),82%,18%
2025-11-18 13:42:04,"$93,383.32",$1.86T,$117.66B,19.95M BTC,0.94% (24h),82%,18%
2025-11-18 14:01:39,"$93,312.03",$1.86T,$116.99B,19.95M BTC,0.87% (24h),82%,18%
2025-11-18 14:25:25,"$93,404.82",$1.86T,$115.65B,19.95M BTC,1.42% (24h),82%,18%
2025-11-18 14:40:59,"$93,544.84",$1.86T,$109.04B,19.95M BTC,1.88% (24h),82%,18%
2025-11-18 14:53:24,"$93,042.73",$1.85T,$112.62B,19.95M BTC,1.47% (24h),82%,18%
2025-11-18 16:43:48,"$92,660.44",$1.84T,$106.08B,19.95M BTC,0.94% (24h),82%,18%
2025-11-18 16:54:33,"$92,488.40",$1.84T,$105.56B,19.95M BTC,0.85% (24h),82%,18%
2025-11-18 17:26:11,"$93,171.99",$1.85T,$104.05B,19.95M BTC,1.27% (24h),82%,18%
2025-11-18 17:45:39,"$93,225.11",$1.85T,$103.53B,19.95M BTC,1.02% (24h),82%,18%
2025-11-18 18:27:18,"$92,773.71",$1.85T,$101.21B,19.95M BTC,0.98% (24h),82%,18%
2025-11-18 18:40:39,"$92,905.44",$1.85T,$101.39B,19.95M BTC,1.12% (24h),82%,18%
2025-11-18 18:52:50,"$92,790.52",$1.85T,$102.24B,19.95M BTC,0.88% (24h),82%,18%
2025-11-18 22:17:34,"$92,423.23",$1.84T,$93.05B,19.95M BTC,2.25% (24h),82%,18%
2025-11-18 22:54:44,"$92,046.24",$1.83T,$88.7B,19.95M BTC,1.4% (24h),82%,18%
2025-11-18 23:31:13,"$91,592.63",$1.82T,$86.76B,19.95M BTC,1.91% (24h),82%,18%
2025-11-18 23:49:38,"$91,416.50",$1.82T,$85.9B,19.95M BTC,1.75% (24h),82%,18%
2025-11-19 00:01:58,"$91,337.67",$1.82T,$84.65B,19.95M BTC,1.51% (24h),82%,18%
2025-11-19 00:34:59,"$90,620.86",$1.8T,$82.24B,19.95M BTC,0.52% (24h),82%,18%
2025-11-19 00:50:38,"$89,970.22",$1.79T,$82.62B,19.95M BTC,0.21% (24h),82%,18%
2025-11-19 01:17:35,"$90,572.20",$1.8T,$82.99B,19.95M BTC,0.62% (24h),82%,18%
2025-11-19 01:48:46,"$90,792.41",$1.81T,$83.62B,19.95M BTC,1.43% (24h),82%,18%
2025-11-19 02:00:49,"$90,931.48",$1.81T,$80.57B,19.95M BTC,1.56% (24h),82%,18%
2025-11-19 02:29:49,"$91,216.31",$1.81T,$82.03B,19.95M BTC,1.35% (24h),82%,18%
2025-11-19 02:45:34,"$91,692.11",$1.82T,$81.75B,19.95M BTC,1.44% (24h),82%,18%
2025-11-19 02:59:01,"$91,874.87",$1.83T,$81.06B,19.95M BTC,1.68% (24h),82%,18%
2025-11-19 03:38:31,"$91,706.51",$1.82T,$80.2B,19.95M BTC,0.65% (24h),82%,18%
2025-11-19 03:58:25,"$91,426.40",$1.82T,$79.2B,19.95M BTC,0.3% (24h),82%,18%
2025-11-19 04:31:31,"$91,399.83",$1.82T,$78.22B,19.95M BTC,0.59% (24h),82%,18%
2025-11-19 05:00:46,"$91,490.53",$1.82T,$78.15B,19.95M BTC,0.17% (24h),82%,18%
2025-11-19 05:35:14,"$91,360.47",$1.82T,$76.68B,19.95M BTC,0.09% (24h),82%,18%
2025-11-19 05:53:12,"$91,245.38",$1.82T,$75.25B,19.95M BTC,0.04% (24h),82%,18%
2025-11-19 06:23:11,"$91,617.42",$1.82T,$75.25B,19.95M BTC,0.32% (24h),82%,18%
2025-11-19 06:42:23,"$91,499.22",$1.82T,$74.56B,19.95M BTC,0.02% (24h),82%,18%
2025-11-19 06:59:10,"$91,363.30",$1.82T,$73.95B,19.95M BTC,0.08% (24h),82%,18%
2025-11-19 07:59:21,"$91,777.73",$1.83T,$72.3B,19.95M BTC,0.48% (24h),82%,18%
2025-11-19 08:40:21,"$91,370.74",$1.82T,$72B,19.95M BTC,0.49% (24h),82%,18%
2025-11-19 08:55:49,"$91,284.15",$1.82T,$72.13B,19.95M BTC,0.09% (24h),82%,18%
2025-11-19 09:27:55,"$91,048.64",$1.81T,$71.38B,19.95M BTC,0.6% (24h),82%,18%
2025-11-19 09:49:39,"$91,714.38",$1.82T,$67.91B,19.95M BTC,0.14% (24h),82%,18%
2025-11-19 10:01:02,"$91,755.05",$1.83T,$70.67B,19.95M BTC,0.47% (24h),82%,18%
2025-11-19 10:33:27,"$90,836.34",$1.81T,$65.9B,19.95M BTC,2.14% (24h),82%,18%
2025-11-19 10:46:38,"$90,441.55",$1.8T,$68.22B,19.95M BTC,2.4% (24h),82%,18%
2025-11-19 10:59:43,"$89,873.54",$1.79T,$66.22B,19.95M BTC,3.2% (24h),82%,18%
2025-11-19 11:40:25,"$89,481.11",$1.78T,$69.6B,19.95M BTC,4.32% (24h),82%,18%
2025-11-19 11:57:46,"$89,719.26",$1.78T,$69.51B,19.95M BTC,3.9% (24h),82%,18%
2025-11-19 12:26:09,"$89,402.66",$1.78T,$69.69B,19.95M BTC,4.17% (24h),82%,18%
2025-11-19 12:42:49,"$89,312.45",$1.78T,$70.39B,19.95M BTC,4.21% (24h),82%,18%
2025-11-19 12:59:38,"$89,449.53",$1.78T,$71.6B,19.95M BTC,4.01% (24h),82%,18%
2025-11-19 13:41:38,"$88,921.09",$1.77T,$72.63B,19.95M BTC,4.74% (24h),82%,18%
2025-11-19 13:56:46,"$89,090.44",$1.77T,$72.69B,19.95M BTC,4.65% (24h),82%,18%
2025-11-19 14:21:48,"$88,964.23",$1.77T,$74.02B,19.95M BTC,4.77% (24h),82%,18%
2025-11-19 14:35:29,"$88,812.77",$1.77T,$74.27B,19.95M BTC,4.72% (24h),82%,18%
2025-11-19 14:49:39,"$88,622.35",$1.76T,$73.77B,19.95M BTC,4.79% (24h),82%,18%
2025-11-19 15:02:06,"$88,796.28",$1.77T,$73.4B,19.95M BTC,4.7% (24h),82%,18%
2025-11-19 15:30:04,"$89,263.06",$1.78T,$74.89B,19.95M BTC,4.09% (24h),82%,18%
2025-11-19 15:44:53,"$89,073.70",$1.77T,$75.67B,19.95M BTC,4.04% (24h),82%,18%
2025-11-19 15:58:58,"$89,558.03",$1.78T,$75.39B,19.95M BTC,3.46% (24h),82%,18%
2025-11-19 16:24:11,"$90,512.75",$1.8T,$73.99B,19.95M BTC,2.65% (24h),82%,18%
2025-11-19 16:41:29,"$90,156.34",$1.79T,$78.53B,19.95M BTC,2.7% (24h),82%,18%
2025-11-19 16:54:20,"$90,548.59",$1.8T,$77.96B,19.95M BTC,2.1% (24h),82%,18%
2025-11-19 17:25:26,"$90,091.94",$1.79T,$80.03B,19.95M BTC,3.28% (24h),82%,18%
2025-11-19 17:44:33,"$90,466.61",$1.8T,$79.98B,19.95M BTC,3% (24h),82%,18%
2025-11-19 17:59:43,"$90,391.73",$1.8T,$80.35B,19.95M BTC,2.92% (24h),82%,18%
2025-11-19 18:27:33,"$91,397.05",$1.82T,$81.01B,19.95M BTC,1.5% (24h),82%,18%
2025-11-19 18:42:39,"$91,322.99",$1.82T,$81.04B,19.95M BTC,1.65% (24h),82%,18%
2025-11-19 18:59:27,"$91,459.35",$1.82T,$80.34B,19.95M BTC,1.59% (24h),82%,18%
2025-11-19 21:06:06,"$92,687.52",$1.84T,$80.15B,19.95M BTC,0.21% (24h),82%,18%
2025-11-19 22:19:12,"$92,497.79",$1.84T,$81.79B,19.95M BTC,0.13% (24h),82%,18%
2025-11-19 22:54:24,"$92,402.32",$1.84T,$81.98B,19.95M BTC,0.57% (24h),82%,18%
2025-11-19 23:29:45,"$92,215.13",$1.83T,$81.62B,19.95M BTC,0.55% (24h),82%,18%
2025-11-19 23:47:55,"$92,360.61",$1.84T,$77.12B,19.95M BTC,1.04% (24h),82%,18%
2025-11-20 00:00:59,"$92,843.16",$1.85T,$80.71B,19.95M BTC,1.58% (24h),82%,18%
2025-11-20 00:31:34,"$92,567.87",$1.84T,$77.9B,19.95M BTC,1.99% (24h),82%,18%
2025-11-20 00:47:37,"$92,651.31",$1.84T,$81.41B,19.95M BTC,2.62% (24h),82%,18%
2025-11-20 00:59:45,"$92,550.71",$1.84T,$81.46B,19.95M BTC,2.55% (24h),82%,18%
2025-11-20 01:41:55,"$92,075.79",$1.83T,$77.49B,19.95M BTC,1.32% (24h),82%,18%
2025-11-20 01:58:33,"$91,827.55",$1.83T,$80.66B,19.95M BTC,1% (24h),82%,18%
2025-11-20 02:28:40,"$91,863.07",$1.83T,$81.36B,19.95M BTC,0.64% (24h),82%,18%
2025-11-20 02:43:54,"$92,062.39",$1.83T,$81.18B,19.95M BTC,0.44% (24h),82%,18%
2025-11-20 02:58:52,"$92,279.42",$1.84T,$80.38B,19.95M BTC,0.46% (24h),82%,18%
2025-11-20 03:39:24,"$92,230.76",$1.84T,$79.98B,19.95M BTC,0.57% (24h),82%,18%
2025-11-20 03:57:58,"$92,008.87",$1.83T,$80.28B,19.95M BTC,0.65% (24h),82%,18%
2025-11-20 04:30:06,"$91,714.37",$1.82T,$79.75B,19.95M BTC,0.53% (24h),82%,18%
2025-11-20 04:48:07,"$91,509.24",$1.82T,$78.69B,19.95M BTC,0.21% (24h),82%,18%
2025-11-20 04:59:53,"$91,790.84",$1.83T,$79.76B,19.95M BTC,0.42% (24h),82%,18%
2025-11-20 05:33:00,"$91,863.12",$1.83T,$81.82B,19.95M BTC,0.51% (24h),82%,18%
2025-11-20 05:53:18,"$91,729.71",$1.83T,$81.32B,19.95M BTC,0.53% (24h),82%,18%
2025-11-20 06:23:16,"$91,643.74",$1.82T,$81.47B,19.95M BTC,0.02% (24h),82%,18%
2025-11-20 06:42:13,"$91,699.58",$1.82T,$82.3B,19.95M BTC,0.21% (24h),82%,18%
2025-11-20 06:59:31,"$91,861.84",$1.83T,$83.12B,19.95M BTC,0.54% (24h),82%,18%
2025-11-20 07:58:33,"$91,779.65",$1.83T,$82.12B,19.95M BTC,0.09% (24h),82%,18%
2025-11-20 08:37:34,"$91,842.26",$1.83T,$83.43B,19.95M BTC,0.5% (24h),82%,18%
2025-11-20 08:51:37,"$91,873.65",$1.83T,$85.48B,19.95M BTC,0.6% (24h),82%,18%
2025-11-20 09:17:10,"$90,685.35",$1.8T,$86.1B,19.95M BTC,0.8% (24h),82%,18%
2025-11-20 09:41:12,"$91,055.98",$1.81T,$86.92B,19.95M BTC,0.36% (24h),82%,18%
2025-11-20 09:56:41,"$91,125.49",$1.81T,$86.7B,19.95M BTC,0.47% (24h),82%,18%
2025-11-20 10:28:49,"$90,516.26",$1.8T,$87.2B,19.95M BTC,0.78% (24h),82%,18%
2025-11-20 10:47:34,"$90,354.78",$1.8T,$86.9B,19.95M BTC,0.07% (24h),82%,18%
2025-11-20 11:00:17,"$89,773.67",$1.79T,$85.58B,19.95M BTC,0.1% (24h),82%,18%
2025-11-20 11:38:18,"$88,322.02",$1.76T,$88.88B,19.95M BTC,1.25% (24h),82%,18%
2025-11-20 11:59:03,"$87,679.06",$1.74T,$89.69B,19.95M BTC,2.27% (24h),82%,18%
2025-11-20 12:25:03,"$87,020.79",$1.73T,$92.54B,19.95M BTC,2.71% (24h),82%,18%
2025-11-20 12:44:22,"$86,652.75",$1.72T,$95.03B,19.95M BTC,3.07% (24h),82%,18%
2025-11-20 12:59:53,"$87,150.53",$1.73T,$95.12B,19.95M BTC,2.47% (24h),82%,18%
2025-11-20 13:41:58,"$86,584.65",$1.72T,$97.19B,19.95M BTC,2.62% (24h),82%,18%
2025-11-20 13:59:43,"$86,433.85",$1.72T,$92.14B,19.95M BTC,3.05% (24h),82%,18%
2025-11-20 14:24:31,"$86,684.58",$1.72T,$95.47B,19.95M BTC,2.49% (24h),82%,18%
2025-11-20 14:41:42,"$86,374.77",$1.72T,$97.59B,19.95M BTC,2.62% (24h),82%,18%
2025-11-20 14:54:03,"$86,489.46",$1.72T,$98.84B,19.95M BTC,2.7% (24h),82%,18%
2025-11-20 15:30:29,"$86,966.66",$1.73T,$98.47B,19.95M BTC,2.57% (24h),82%,18%
2025-11-20 15:46:12,"$86,479.29",$1.72T,$99.28B,19.95M BTC,2.91% (24h),82%,18%
2025-11-20 15:59:48,"$86,329.76",$1.72T,$98.39B,19.95M BTC,3.59% (24h),82%,18%
2025-11-20 16:27:22,"$87,157.05",$1.73T,$97.44B,19.95M BTC,3.46% (24h),82%,18%
2025-11-20 16:41:58,"$87,300.01",$1.74T,$96.72B,19.95M BTC,3.21% (24h),82%,18%
2025-11-20 16:53:53,"$87,467.06",$1.74T,$96.86B,19.95M BTC,3.37% (24h),82%,18%
2025-11-20 17:23:41,"$87,747.57",$1.75T,$96.08B,19.95M BTC,2.57% (24h),82%,18%
2025-11-20 17:43:04,"$87,903.95",$1.75T,$97.82B,19.95M BTC,2.78% (24h),82%,18%
2025-11-20 17:59:22,"$88,038.32",$1.75T,$98.07B,19.95M BTC,2.59% (24h),82%,18%
2025-11-20 18:26:55,"$87,281.19",$1.74T,$97.59B,19.95M BTC,4.53% (24h),82%,18%
2025-11-20 18:49:26,"$86,810.33",$1.73T,$97.8B,19.95M BTC,4.86% (24h),82%,18%
2025-11-20 19:00:41,"$86,607.82",$1.72T,$97.67B,19.95M BTC,5.3% (24h),82%,18%
2025-11-20 21:06:56,"$86,586.88",$1.72T,$95.44B,19.95M BTC,6.58% (24h),82%,18%
2025-11-20 22:20:05,"$85,476.21",$1.7T,$93.65B,19.95M BTC,7.61% (24h),82%,18%
2025-11-20 22:53:30,"$85,896.66",$1.71T,$93.92B,19.95M BTC,7.04% (24h),82%,18%
2025-11-20 23:30:54,"$85,774.76",$1.71T,$98.29B,19.95M BTC,6.99% (24h),82%,18%
2025-11-20 23:49:52,"$85,682.54",$1.7T,$96.78B,19.95M BTC,7.3% (24h),82%,18%
2025-11-21 00:01:27,"$85,975.16",$1.71T,$98.02B,19.95M BTC,7.4% (24h),81%,19%
2025-11-21 00:32:14,"$86,179.06",$1.71T,$98.97B,19.95M BTC,6.9% (24h),81%,19%
2025-11-21 00:51:13,"$86,030.84",$1.71T,$98.67B,19.95M BTC,7.1% (24h),81%,19%
2025-11-21 01:19:16,"$85,696.38",$1.7T,$94.11B,19.95M BTC,7.41% (24h),81%,19%
2025-11-21 01:51:06,"$85,573.75",$1.7T,$98.15B,19.95M BTC,6.74% (24h),81%,19%
2025-11-21 02:13:23,"$85,407.45",$1.7T,$97.54B,19.95M BTC,7.11% (24h),81%,19%
2025-11-21 02:36:18,"$83,515.02",$1.66T,$99.52B,19.95M BTC,9.24% (24h),,
2025-11-21 02:50:07,"$83,806.03",$1.67T,$105.83B,19.95M BTC,9.15% (24h),81%,19%
2025-11-21 03:02:40,"$83,943.40",$1.67T,$108.27B,19.95M BTC,8.9% (24h),81%,19%
2025-11-21 03:43:17,"$83,719.17",$1.67T,$111.74B,19.95M BTC,9.19% (24h),81%,19%
2025-11-21 04:01:20,"$83,669.50",$1.66T,$112.59B,19.95M BTC,9.06% (24h),81%,19%
2025-11-21 04:32:44,"$82,810.66",$1.65T,$114.81B,19.95M BTC,9.74% (24h),81%,19%
2025-11-21 04:48:18,"$82,573.84",$1.64T,$116.29B,19.95M BTC,9.76% (24h),81%,19%
2025-11-21 05:00:38,"$82,091.59",$1.63T,$110.56B,19.95M BTC,10.57% (24h),81%,19%
2025-11-21 05:34:05,"$82,455.71",$1.64T,$117.11B,19.95M BTC,10.23% (24h),81%,19%
2025-11-21 05:52:37,"$82,475.90",$1.64T,$124.21B,19.95M BTC,10.07% (24h),81%,19%
2025-11-21 06:22:06,"$83,025.50",$1.65T,$125.67B,19.95M BTC,9.44% (24h),81%,19%
2025-11-21 06:41:51,"$82,370.80",$1.64T,$124.8B,19.95M BTC,10.17% (24h),81%,19%
2025-11-21 06:54:31,"$82,175.74",$1.63T,$123.19B,19.95M BTC,10.53% (24h),81%,19%
2025-11-21 07:52:40,"$83,447.76",$1.66T,$132.37B,19.95M BTC,9.06% (24h),81%,19%
2025-11-21 08:34:36,"$83,417.29",$1.66T,$127.45B,19.95M BTC,9.25% (24h),81%,19%
2025-11-21 08:51:43,"$84,116.88",$1.67T,$136.95B,19.95M BTC,8.29% (24h),81%,19%
2025-11-21 09:13:13,"$83,894.74",$1.67T,$137.06B,19.95M BTC,7.5% (24h),81%,19%
2025-11-21 09:40:29,"$84,744.03",$1.69T,$136.91B,19.95M BTC,6.95% (24h),81%,19%
2025-11-21 09:53:30,"$85,041.60",$1.69T,$138.65B,19.95M BTC,6.39% (24h),81%,19%
2025-11-21 10:23:58,"$84,007.75",$1.67T,$140.64B,19.95M BTC,7.19% (24h),81%,19%
2025-11-21 10:40:50,"$82,846.97",$1.65T,$140.16B,19.95M BTC,8.45% (24h),81%,19%
2025-11-21 10:53:30,"$82,783.46",$1.65T,$142.41B,19.95M BTC,8.12% (24h),81%,19%
2025-11-21 11:31:53,"$83,073.86",$1.65T,$140.59B,19.95M BTC,6.36% (24h),81%,19%
2025-11-21 11:54:55,"$84,353.48",$1.68T,$130.25B,19.95M BTC,4.23% (24h),81%,19%
2025-11-21 12:23:45,"$85,135.78",$1.69T,$137.49B,19.95M BTC,2.22% (24h),81%,19%
2025-11-21 12:43:54,"$85,135.57",$1.69T,$131.85B,19.95M BTC,1.79% (24h),81%,19%
2025-11-21 12:59:03,"$84,855.72",$1.69T,$134.83B,19.95M BTC,2.59% (24h),81%,19%
2025-11-21 13:36:47,"$84,441.13",$1.68T,$123.6B,19.95M BTC,2.72% (24h),81%,19%
2025-11-21 13:54:18,"$84,694.96",$1.68T,$130.12B,19.95M BTC,1.91% (24h),81%,19%
2025-11-21 14:21:34,"$84,874.86",$1.69T,$131.8B,19.95M BTC,1.89% (24h),81%,19%
2025-11-21 14:35:41,"$84,609.44",$1.68T,$131.04B,19.95M BTC,2.22% (24h),81%,19%
2025-11-21 14:49:15,"$84,327.78",$1.68T,$130.4B,19.95M BTC,2.45% (24h),81%,19%
2025-11-21 15:02:14,"$84,265.54",$1.68T,$130.34B,19.95M BTC,2.77% (24h),81%,19%
2025-11-21 15:33:02,"$83,470.57",$1.66T,$129.7B,19.95M BTC,3.91% (24h),81%,19%
2025-11-21 15:50:50,"$84,550.89",$1.68T,$129.94B,19.95M BTC,2.19% (24h),81%,19%
2025-11-21 16:10:37,"$84,451.58",$1.68T,$129.98B,19.95M BTC,2.6% (24h),81%,19%
2025-11-21 16:31:16,"$84,941.26",$1.69T,$129.63B,19.95M BTC,2.38% (24h),81%,19%
2025-11-21 16:44:29,"$85,239.65",$1.7T,$129.92B,19.95M BTC,2.5% (24h),81%,19%
2025-11-21 16:59:14,"$85,095.33",$1.69T,$128.98B,19.95M BTC,2.41% (24h),81%,19%
2025-11-21 17:29:49,"$84,838.73",$1.69T,$130.03B,19.95M BTC,3.6% (24h),81%,19%
2025-11-21 17:45:38,"$84,755.66",$1.69T,$129.7B,19.95M BTC,3.7% (24h),81%,19%
2025-11-21 17:59:29,"$84,340.00",$1.68T,$127.31B,19.95M BTC,4.21% (24h),81%,19%
2025-11-21 18:26:50,"$84,781.05",$1.69T,$128.69B,19.95M BTC,2.94% (24h),81%,19%
2025-11-21 18:42:03,"$85,056.87",$1.69T,$128.89B,19.95M BTC,2.18% (24h),81%,19%
2025-11-21 18:54:19,"$85,077.12",$1.69T,$128.12B,19.95M BTC,1.78% (24h),81%,19%
2025-11-21 20:52:13,"$85,048.40",$1.69T,$128.01B,19.95M BTC,2.34% (24h),81%,19%
2025-11-21 22:10:18,"$84,466.49",$1.68T,$124.74B,19.95M BTC,1.54% (24h),81%,19%
2025-11-21 22:46:15,"$84,324.21",$1.68T,$122.88B,19.95M BTC,1.92% (24h),81%,19%
2025-11-21 22:59:27,"$84,406.64",$1.68T,$121.6B,19.95M BTC,1.71% (24h),81%,19%
2025-11-21 23:32:59,"$84,029.90",$1.67T,$122.09B,19.95M BTC,1.83% (24h),81%,19%
2025-11-21 23:50:44,"$83,976.76",$1.67T,$121.81B,19.95M BTC,1.99% (24h),81%,19%
2025-11-22 00:11:16,"$84,161.37",$1.67T,$121.43B,19.95M BTC,2.14% (24h),81%,19%
2025-11-22 00:34:44,"$83,895.90",$1.67T,$120.46B,19.95M BTC,2.57% (24h),81%,19%
2025-11-22 00:49:52,"$84,071.20",$1.67T,$120.02B,19.95M BTC,2.22% (24h),81%,19%
2025-11-22 01:01:42,"$84,190.26",$1.67T,$120.44B,19.95M BTC,2.23% (24h),81%,19%
2025-11-22 01:39:19,"$84,586.92",$1.68T,$119.51B,19.95M BTC,1.09% (24h),81%,19%
2025-11-22 01:54:58,"$84,584.80",$1.68T,$119.74B,19.95M BTC,1.12% (24h),81%,19%
2025-11-22 02:23:08,"$84,493.16",$1.68T,$118.33B,19.95M BTC,0.78% (24h),81%,19%
2025-11-22 02:40:31,"$84,498.12",$1.68T,$116.05B,19.95M BTC,0.66% (24h),81%,19%
2025-11-22 02:53:19,"$84,535.20",$1.68T,$111.02B,19.95M BTC,0.53% (24h),81%,19%
2025-11-22 03:31:26,"$84,142.18",$1.67T,$104.86B,19.95M BTC,0% (24h),81%,19%
2025-11-22 03:49:46,"$83,963.85",$1.67T,$104.01B,19.95M BTC,0.21% (24h),81%,19%
2025-11-22 04:01:54,"$83,954.85",$1.67T,$102.07B,19.95M BTC,0.33% (24h),81%,19%
2025-11-22 04:30:07,"$84,060.12",$1.67T,$99.94B,19.95M BTC,1.29% (24h),81%,19%
2025-11-22 04:43:44,"$83,827.66",$1.67T,$99.67B,19.95M BTC,1.67% (24h),81%,19%
2025-11-22 04:59:44,"$83,847.28",$1.67T,$98.03B,19.95M BTC,1.92% (24h),81%,19%
2025-11-22 05:29:32,"$83,631.27",$1.66T,$93.15B,19.95M BTC,2.01% (24h),81%,19%
2025-11-22 05:44:25,"$83,572.38",$1.66T,$92.3B,19.95M BTC,1.33% (24h),81%,19%
2025-11-22 05:59:03,"$83,703.14",$1.66T,$91.36B,19.95M BTC,1.28% (24h),81%,19%
2025-11-22 06:22:00,"$83,969.35",$1.67T,$88.89B,19.95M BTC,1.28% (24h),81%,19%
2025-11-22 06:36:19,"$84,205.35",$1.67T,$89.1B,19.95M BTC,1.81% (24h),81%,19%
2025-11-22 06:49:35,"$84,160.24",$1.67T,$89.04B,19.95M BTC,2.4% (24h),81%,19%
2025-11-22 07:01:52,"$84,056.08",$1.67T,$86.64B,19.95M BTC,2.22% (24h),81%,19%
2025-11-22 07:52:31,"$83,783.41",$1.67T,$80.35B,19.95M BTC,0.51% (24h),81%,19%
2025-11-22 08:28:38,"$83,818.31",$1.67T,$76.19B,19.95M BTC,0.33% (24h),81%,19%
2025-11-22 08:43:41,"$83,798.92",$1.67T,$74.73B,19.95M BTC,0.29% (24h),81%,19%
2025-11-22 08:59:20,"$83,895.45",$1.67T,$73.98B,19.95M BTC,0.24% (24h),81%,19%
2025-11-22 09:26:02,"$84,518.88",$1.68T,$71.92B,19.95M BTC,1.1% (24h),81%,19%
2025-11-22 09:42:10,"$84,448.03",$1.68T,$70.26B,19.95M BTC,0.78% (24h),81%,19%
2025-11-22 09:59:02,"$84,454.77",$1.68T,$68.77B,19.95M BTC,0.68% (24h),81%,19%
2025-11-22 10:26:42,"$84,427.45",$1.68T,$65.31B,19.95M BTC,0.32% (24h),81%,19%
2025-11-22 10:41:32,"$84,043.72",$1.67T,$64.13B,19.95M BTC,1.44% (24h),81%,19%
2025-11-22 10:54:24,"$84,088.48",$1.67T,$61.61B,19.95M BTC,1.59% (24h),81%,19%
2025-11-22 11:29:58,"$84,551.37",$1.68T,$59.25B,19.95M BTC,1.64% (24h),81%,19%
2025-11-22 11:48:12,"$84,653.02",$1.68T,$57.52B,19.95M BTC,1.49% (24h),81%,19%
2025-11-22 12:00:14,"$84,671.49",$1.68T,$57.68B,19.95M BTC,0.13% (24h),81%,19%
2025-11-22 12:25:08,"$84,586.97",$1.68T,$55.46B,19.95M BTC,0.82% (24h),81%,19%
2025-11-22 12:41:41,"$84,566.77",$1.68T,$54.46B,19.95M BTC,0.55% (24h),81%,19%
2025-11-22 12:54:03,"$84,503.11",$1.68T,$53.97B,19.95M BTC,0.4% (24h),81%,19%
2025-11-22 13:33:56,"$84,522.80",$1.68T,$50.7B,19.95M BTC,0.21% (24h),81%,19%
2025-11-22 13:53:35,"$84,581.62",$1.68T,$49.64B,19.95M BTC,0.11% (24h),81%,19%
2025-11-22 14:20:04,"$84,741.82",$1.69T,$48.78B,19.95M BTC,0.08% (24h),81%,19%
2025-11-22 14:32:47,"$84,596.85",$1.68T,$48.26B,19.95M BTC,0.1% (24h),81%,19%
2025-11-22 14:49:16,"$84,571.19",$1.68T,$47.87B,19.95M BTC,0.28% (24h),81%,19%
2025-11-22 15:02:18,"$84,631.73",$1.68T,$47.66B,19.95M BTC,0.44% (24h),81%,19%
2025-11-22 15:31:26,"$84,666.27",$1.68T,$46.52B,19.95M BTC,1.4% (24h),81%,19%
2025-11-22 15:46:14,"$84,417.72",$1.68T,$45.91B,19.95M BTC,0.25% (24h),81%,19%
2025-11-22 15:59:33,"$84,395.06",$1.68T,$45.54B,19.95M BTC,0.13% (24h),81%,19%
2025-11-22 16:25:45,"$84,321.30",$1.68T,$44.07B,19.95M BTC,0.52% (24h),81%,19%
2025-11-22 16:41:28,"$84,289.45",$1.68T,$43.3B,19.95M BTC,1.14% (24h),81%,19%
2025-11-22 17:25:21,"$84,601.14",$1.68T,$42.11B,19.95M BTC,0.16% (24h),81%,19%
2025-11-22 17:44:31,"$84,686.75",$1.68T,$41.68B,19.95M BTC,0.19% (24h),81%,19%
2025-11-22 17:59:23,"$85,103.35",$1.69T,$41.68B,19.95M BTC,0.93% (24h),81%,19%
2025-11-22 18:27:55,"$84,819.26",$1.69T,$41.42B,19.95M BTC,0.08% (24h),81%,19%
2025-11-22 18:42:49,"$84,880.04",$1.69T,$41.18B,19.95M BTC,0.2% (24h),81%,19%
2025-11-22 18:59:14,"$84,677.45",$1.68T,$40.79B,19.95M BTC,0.49% (24h),81%,19%
2025-11-22 21:27:55,"$86,039.35",$1.71T,$41B,19.95M BTC,1.62% (24h),81%,19%
2025-11-22 22:48:34,"$86,010.03",$1.71T,$41.65B,19.95M BTC,2.01% (24h),81%,19%
2025-11-22 23:24:02,"$86,603.89",$1.72T,$41.91B,19.95M BTC,3.08% (24h),81%,19%
2025-11-22 23:54:47,"$86,579.56",$1.72T,$42.27B,19.95M BTC,2.89% (24h),81%,19%
2025-11-23 00:25:30,"$86,281.08",$1.72T,$42.22B,19.95M BTC,2.87% (24h),81%,19%
2025-11-23 00:44:28,"$86,034.11",$1.71T,$42.2B,19.95M BTC,2.57% (24h),81%,19%
2025-11-23 01:40:13,"$85,995.33",$1.71T,$42.08B,19.95M BTC,1.65% (24h),81%,19%
2025-11-23 01:56:59,"$85,892.20",$1.71T,$42.25B,19.95M BTC,1.51% (24h),81%,19%
2025-11-23 02:24:32,"$85,712.04",$1.71T,$42.41B,19.95M BTC,1.45% (24h),81%,19%
2025-11-23 02:41:25,"$85,598.85",$1.7T,$42.72B,19.95M BTC,1.31% (24h),81%,19%
2025-11-23 02:54:00,"$85,703.55",$1.71T,$42.73B,19.95M BTC,1.37% (24h),81%,19%
2025-11-23 03:31:41,"$85,961.64",$1.71T,$43.03B,19.95M BTC,2.14% (24h),81%,19%
2025-11-23 03:49:59,"$86,016.43",$1.71T,$42.51B,19.95M BTC,2.43% (24h),81%,19%
2025-11-23 04:03:09,"$86,078.26",$1.71T,$42.87B,19.95M BTC,2.53% (24h),81%,19%
2025-11-23 04:30:43,"$86,163.69",$1.71T,$42.93B,19.95M BTC,2.5% (24h),81%,19%
2025-11-23 04:44:39,"$86,390.46",$1.72T,$42.46B,19.95M BTC,3.04% (24h),81%,19%
2025-11-23 04:59:40,"$86,355.83",$1.72T,$42.47B,19.95M BTC,3% (24h),81%,19%
2025-11-23 05:29:38,"$86,135.72",$1.71T,$42.11B,19.95M BTC,2.93% (24h),81%,19%
2025-11-23 05:45:35,"$86,209.81",$1.72T,$42.45B,19.95M BTC,3.15% (24h),81%,19%
2025-11-23 05:59:04,"$86,053.36",$1.71T,$42.35B,19.95M BTC,2.8% (24h),81%,19%
2025-11-23 06:23:10,"$85,952.97",$1.71T,$42.22B,19.95M BTC,2.41% (24h),81%,19%
2025-11-23 06:41:20,"$86,119.85",$1.71T,$42.58B,19.95M BTC,2.29% (24h),81%,19%
2025-11-23 06:53:58,"$86,239.58",$1.72T,$42.9B,19.95M BTC,2.47% (24h),81%,19%
2025-11-23 07:44:26,"$86,508.74",$1.72T,$41.52B,19.95M BTC,3.34% (24h),81%,19%
2025-11-23 08:15:18,"$86,361.41",$1.72T,$43.33B,19.95M BTC,2.74% (24h),81%,19%
2025-11-23 08:36:47,"$86,461.18",$1.72T,$44.46B,19.95M BTC,3.17% (24h),81%,19%
2025-11-23 08:49:35,"$86,792.00",$1.73T,$44.19B,19.95M BTC,3.35% (24h),81%,19%
2025-11-23 09:01:59,"$86,991.38",$1.73T,$44.72B,19.95M BTC,3.63% (24h),81%,19%
2025-11-23 09:27:36,"$86,754.87",$1.73T,$45.13B,19.95M BTC,2.56% (24h),81%,19%
2025-11-23 09:43:54,"$86,752.09",$1.73T,$45.28B,19.95M BTC,2.77% (24h),81%,19%
2025-11-23 09:59:35,"$86,531.89",$1.72T,$45.14B,19.95M BTC,2.46% (24h),81%,19%
2025-11-23 10:26:46,"$86,628.61",$1.72T,$45.74B,19.95M BTC,2.64% (24h),81%,19%
2025-11-23 10:42:10,"$86,964.58",$1.73T,$45.95B,19.95M BTC,3.47% (24h),81%,19%
2025-11-23 10:53:50,"$86,950.15",$1.73T,$46.47B,19.95M BTC,3.43% (24h),81%,19%
2025-11-23 11:30:34,"$86,999.83",$1.73T,$47.18B,19.95M BTC,2.89% (24h),81%,19%
2025-11-23 11:48:36,"$87,241.44",$1.74T,$47.9B,19.95M BTC,3.06% (24h),81%,19%
2025-11-23 12:01:00,"$86,677.46",$1.72T,$47.65B,19.95M BTC,2.38% (24h),81%,19%
2025-11-23 12:26:15,"$86,625.30",$1.72T,$49.12B,19.95M BTC,2.4% (24h),81%,19%
2025-11-23 12:43:27,"$86,836.97",$1.73T,$49.46B,19.95M BTC,2.74% (24h),81%,19%
2025-11-23 12:59:15,"$86,724.56",$1.73T,$49.65B,19.95M BTC,2.56% (24h),81%,19%
2025-11-23 13:38:08,"$87,079.02",$1.73T,$48.32B,19.95M BTC,3.1% (24h),81%,19%
2025-11-23 13:54:34,"$87,027.16",$1.73T,$51.09B,19.95M BTC,2.89% (24h),81%,19%
2025-11-23 14:20:26,"$87,302.89",$1.74T,$51.36B,19.95M BTC,3.02% (24h),81%,19%
2025-11-23 14:33:13,"$87,500.90",$1.74T,$51.27B,19.95M BTC,3.45% (24h),81%,19%
2025-11-23 14:49:43,"$87,500.36",$1.74T,$52.58B,19.95M BTC,3.45% (24h),81%,19%
2025-11-23 15:01:38,"$87,358.93",$1.74T,$52.87B,19.95M BTC,3.27% (24h),81%,19%
2025-11-23 15:50:21,"$87,479.19",$1.74T,$53.54B,19.95M BTC,3.78% (24h),81%,19%
2025-11-23 16:10:48,"$87,301.59",$1.74T,$54.58B,19.95M BTC,3.47% (24h),81%,19%
2025-11-23 16:29:55,"$87,549.82",$1.74T,$54.26B,19.95M BTC,3.89% (24h),81%,19%
2025-11-23 16:43:51,"$87,745.87",$1.75T,$55.36B,19.95M BTC,4.03% (24h),81%,19%
2025-11-23 16:59:26,"$87,961.38",$1.75T,$55.59B,19.95M BTC,4.26% (24h),81%,19%
2025-11-23 17:28:20,"$87,877.84",$1.75T,$55.7B,19.95M BTC,3.9% (24h),81%,19%
2025-11-23 17:45:39,"$87,770.94",$1.75T,$56.65B,19.95M BTC,3.62% (24h),81%,19%
2025-11-23 17:58:46,"$87,880.68",$1.75T,$56.46B,19.95M BTC,3.24% (24h),81%,19%
2025-11-23 18:27:04,"$87,024.45",$1.73T,$57.18B,19.95M BTC,2.57% (24h),81%,19%
2025-11-23 18:42:16,"$86,785.99",$1.73T,$54.98B,19.95M BTC,2.21% (24h),81%,19%
2025-11-23 18:59:14,"$86,795.31",$1.73T,$58.33B,19.95M BTC,2.53% (24h),81%,19%
2025-11-23 21:21:37,"$87,958.19",$1.75T,$60.91B,19.95M BTC,2.6% (24h),81%,19%
2025-11-23 22:45:12,"$87,431.61",$1.74T,$61.41B,19.95M BTC,1.62% (24h),81%,19%
2025-11-23 23:24:07,"$86,554.22",$1.72T,$60.46B,19.95M BTC,0.06% (24h),81%,19%
2025-11-23 23:56:13,"$86,762.12",$1.73T,$61.88B,19.95M BTC,0.23% (24h),81%,19%
2025-11-24 00:28:32,"$87,722.01",$1.75T,$62.77B,19.95M BTC,1.76% (24h),81%,19%
2025-11-24 00:48:06,"$87,474.12",$1.74T,$63.07B,19.95M BTC,1.53% (24h),81%,19%
2025-11-24 01:01:08,"$87,436.97",$1.74T,$62.87B,19.95M BTC,1.31% (24h),81%,19%
2025-11-24 01:44:44,"$86,984.18",$1.73T,$64.02B,19.95M BTC,1.09% (24h),81%,19%
2025-11-24 02:01:08,"$86,845.62",$1.73T,$64.36B,19.95M BTC,1.14% (24h),81%,19%
2025-11-24 02:30:17,"$86,823.64",$1.73T,$64.34B,19.95M BTC,1.58% (24h),81%,19%
2025-11-24 02:45:52,"$87,241.05",$1.74T,$64.46B,19.95M BTC,1.83% (24h),81%,19%
2025-11-24 02:59:20,"$86,986.35",$1.73T,$64.64B,19.95M BTC,1.49% (24h),81%,19%
2025-11-24 03:40:36,"$86,766.15",$1.73T,$65.4B,19.95M BTC,0.98% (24h),81%,19%
2025-11-24 03:59:57,"$86,947.29",$1.73T,$65.18B,19.95M BTC,0.94% (24h),81%,19%
2025-11-24 04:36:32,"$85,995.39",$1.71T,$65.46B,19.95M BTC,0.16% (24h),81%,19%
2025-11-24 04:53:16,"$86,042.78",$1.71T,$66.37B,19.95M BTC,0.32% (24h),81%,19%
2025-11-24 05:30:46,"$85,777.79",$1.71T,$66.57B,19.95M BTC,0.42% (24h),81%,19%
2025-11-24 05:52:17,"$85,994.00",$1.71T,$67.39B,19.95M BTC,0.19% (24h),81%,19%
2025-11-24 06:24:49,"$86,011.14",$1.71T,$66.88B,19.95M BTC,0% (24h),81%,19%
2025-11-24 06:43:15,"$86,251.24",$1.72T,$66.49B,19.95M BTC,0.14% (24h),81%,19%
2025-11-24 06:59:00,"$86,240.84",$1.72T,$67.24B,19.95M BTC,0.02% (24h),81%,19%
2025-11-24 08:00:44,"$85,944.72",$1.71T,$66.98B,19.95M BTC,0.61% (24h),81%,19%
2025-11-24 08:42:25,"$86,487.59",$1.72T,$67.76B,19.95M BTC,0.2% (24h),81%,19%
2025-11-24 08:58:24,"$86,180.23",$1.71T,$67.2B,19.95M BTC,0.77% (24h),81%,19%
2025-11-24 09:31:20,"$86,168.24",$1.71T,$66.88B,19.95M BTC,0.62% (24h),81%,19%
2025-11-24 09:51:33,"$85,367.81",$1.7T,$67.07B,19.95M BTC,1.35% (24h),81%,19%
2025-11-24 10:14:48,"$86,535.30",$1.72T,$68.43B,19.95M BTC,0.17% (24h),81%,19%
2025-11-24 10:41:57,"$86,434.57",$1.72T,$69.64B,19.95M BTC,0.61% (24h),81%,19%
2025-11-24 10:59:37,"$86,538.87",$1.72T,$69.82B,19.95M BTC,0.64% (24h),81%,19%
2025-11-24 11:33:50,"$87,068.96",$1.73T,$70.69B,19.95M BTC,0.06% (24h),81%,19%
2025-11-24 11:55:12,"$87,266.84",$1.74T,$70.61B,19.95M BTC,0.22% (24h),81%,19%
2025-11-24 12:25:57,"$87,521.93",$1.74T,$70.6B,19.95M BTC,1.04% (24h),81%,19%
2025-11-24 12:45:26,"$87,900.49",$1.75T,$71.54B,19.95M BTC,1.21% (24h),81%,19%
2025-11-24 12:59:32,"$88,396.43",$1.76T,$72.23B,19.95M BTC,1.93% (24h),81%,19%
2025-11-24 13:42:11,"$88,345.74",$1.76T,$74.15B,19.95M BTC,1.36% (24h),81%,19%
2025-11-24 14:01:27,"$88,672.02",$1.76T,$74.35B,19.95M BTC,1.97% (24h),81%,19%
2025-11-24 14:24:12,"$88,606.14",$1.76T,$74.59B,19.95M BTC,1.31% (24h),81%,19%
2025-11-24 14:41:42,"$88,646.89",$1.76T,$74.62B,19.95M BTC,1.25% (24h),81%,19%
2025-11-24 14:54:38,"$88,283.26",$1.76T,$74.86B,19.95M BTC,0.86% (24h),81%,19%
2025-11-24 15:30:14,"$88,814.61",$1.77T,$75.16B,19.95M BTC,1.36% (24h),81%,19%
2025-11-24 15:45:48,"$88,950.01",$1.77T,$75.04B,19.95M BTC,1.62% (24h),81%,19%
2025-11-24 15:58:49,"$89,124.58",$1.77T,$76.05B,19.95M BTC,1.96% (24h),81%,19%
2025-11-24 16:28:10,"$88,872.19",$1.77T,$76.77B,19.95M BTC,1.54% (24h),81%,19%
2025-11-24 16:44:32,"$88,837.12",$1.77T,$76.92B,19.95M BTC,1.26% (24h),81%,19%
2025-11-24 16:59:00,"$88,821.29",$1.77T,$76.94B,19.95M BTC,0.96% (24h),81%,19%
2025-11-24 17:28:28,"$88,794.56",$1.77T,$76.61B,19.95M BTC,1.06% (24h),81%,19%
2025-11-24 17:46:05,"$88,814.73",$1.77T,$76.3B,19.95M BTC,1.15% (24h),81%,19%
2025-11-24 17:58:53,"$88,705.87",$1.76T,$76.32B,19.95M BTC,0.95% (24h),81%,19%
2025-11-24 18:27:19,"$88,510.96",$1.76T,$75.61B,19.95M BTC,1.7% (24h),81%,19%
2025-11-24 18:43:48,"$88,349.13",$1.76T,$75.27B,19.95M BTC,1.7% (24h),81%,19%
2025-11-24 18:59:14,"$88,280.63",$1.76T,$74.4B,19.95M BTC,1.7% (24h),81%,19%
2025-11-24 21:09:03,"$87,757.94",$1.75T,$72.16B,19.95M BTC,0.03% (24h),81%,19%
2025-11-24 23:04:15,"$87,822.09",$1.75T,$70.94B,19.95M BTC,0.38% (24h),81%,19%
2025-11-24 23:58:15,"$88,337.63",$1.76T,$70.45B,19.95M BTC,1.89% (24h),81%,19%
2025-11-25 00:28:52,"$87,951.72",$1.75T,$69.71B,19.95M BTC,0.23% (24h),81%,19%
2025-11-25 00:49:20,"$88,165.94",$1.75T,$69.55B,19.95M BTC,0.85% (24h),81%,19%
2025-11-25 01:00:31,"$88,077.69",$1.75T,$69.53B,19.95M BTC,0.77% (24h),81%,19%
2025-11-25 01:47:53,"$87,903.64",$1.75T,$68.6B,19.95M BTC,1.05% (24h),81%,19%
2025-11-25 02:03:03,"$87,922.33",$1.75T,$68.55B,19.95M BTC,1.38% (24h),81%,19%
2025-11-25 02:35:13,"$87,675.77",$1.74T,$68.57B,19.95M BTC,0.81% (24h),81%,19%
2025-11-25 02:50:23,"$87,642.52",$1.74T,$68.45B,19.95M BTC,0.45% (24h),81%,19%
2025-11-25 03:01:47,"$87,387.43",$1.74T,$67.88B,19.95M BTC,0.5% (24h),81%,19%
2025-11-25 03:40:27,"$87,336.94",$1.74T,$69.03B,19.95M BTC,0.7% (24h),81%,19%
2025-11-25 03:59:59,"$87,019.52",$1.73T,$69.32B,19.95M BTC,0.07% (24h),81%,19%
2025-11-25 04:36:02,"$86,815.41",$1.73T,$65.96B,19.95M BTC,1.11% (24h),81%,19%
2025-11-25 04:56:35,"$87,076.09",$1.73T,$69.7B,19.95M BTC,1.24% (24h),81%,19%
2025-11-25 05:33:37,"$87,218.25",$1.74T,$69.13B,19.95M BTC,1.65% (24h),81%,19%
2025-11-25 05:53:53,"$87,244.65",$1.74T,$68.79B,19.95M BTC,1.47% (24h),81%,19%
2025-11-25 06:26:06,"$87,355.42",$1.74T,$68.59B,19.95M BTC,1.59% (24h),81%,19%
2025-11-25 06:43:08,"$87,471.83",$1.74T,$68.7B,19.95M BTC,1.47% (24h),81%,19%
2025-11-25 06:59:05,"$87,364.37",$1.74T,$68.77B,19.95M BTC,1.32% (24h),81%,19%
2025-11-25 09:26:27,"$87,019.42",$1.73T,$68.89B,19.95M BTC,1.21% (24h),81%,19%
2025-11-25 10:57:41,"$86,939.46",$1.73T,$69.1B,19.95M BTC,0.55% (24h),81%,19%
2025-11-25 11:01:57,"$86,969.41",$1.73T,$68.96B,19.95M BTC,0.35% (24h),81%,19%
2025-11-25 11:41:23,"$87,037.88",$1.73T,$67.72B,19.95M BTC,0.2% (24h),81%,19%
2025-11-25 12:01:14,"$87,128.90",$1.73T,$68.28B,19.95M BTC,0.13% (24h),81%,19%
2025-11-25 12:31:33,"$87,471.49",$1.74T,$67.81B,19.95M BTC,0.23% (24h),81%,19%
2025-11-25 12:48:48,"$87,748.89",$1.75T,$67.64B,19.95M BTC,0.2% (24h),81%,19%
2025-11-25 13:01:26,"$87,618.72",$1.74T,$66.56B,19.95M BTC,0.94% (24h),81%,19%
2025-11-25 13:43:40,"$87,526.63",$1.74T,$65.43B,19.95M BTC,0.92% (24h),81%,19%
2025-11-25 13:59:31,"$87,214.49",$1.74T,$65.43B,19.95M BTC,1.64% (24h),,
2025-11-25 14:26:34,"$86,253.87",$1.72T,$65.14B,19.95M BTC,2.58% (24h),81%,19%
2025-11-25 14:42:22,"$86,448.73",$1.72T,$65.37B,19.95M BTC,2.46% (24h),81%,19%
2025-11-25 14:58:59,"$86,822.78",$1.73T,$65.14B,19.95M BTC,1.58% (24h),81%,19%
2025-11-25 15:34:15,"$87,239.13",$1.74T,$64.89B,19.95M BTC,1.7% (24h),81%,19%
2025-11-25 15:53:19,"$87,354.95",$1.74T,$64.68B,19.95M BTC,1.89% (24h),81%,19%
2025-11-25 16:24:22,"$87,302.52",$1.74T,$64.3B,19.95M BTC,1.8% (24h),81%,19%
2025-11-25 16:43:16,"$87,190.40",$1.73T,$64.35B,19.95M BTC,1.96% (24h),81%,19%
2025-11-25 16:58:54,"$87,014.41",$1.73T,$63.91B,19.95M BTC,1.94% (24h),81%,19%
2025-11-25 17:30:18,"$87,100.79",$1.73T,$61.11B,19.95M BTC,1.89% (24h),81%,19%
2025-11-25 17:47:13,"$87,238.29",$1.74T,$64.17B,19.95M BTC,1.77% (24h),81%,19%
2025-11-25 17:59:54,"$87,622.24",$1.74T,$64.16B,19.95M BTC,1.21% (24h),81%,19%
2025-11-25 18:27:39,"$87,557.13",$1.74T,$64.84B,19.95M BTC,1.05% (24h),81%,19%
2025-11-25 18:43:27,"$87,427.11",$1.74T,$64.95B,19.95M BTC,1.07% (24h),81%,19%
2025-11-25 18:59:18,"$87,338.34",$1.74T,$64.82B,19.95M BTC,1.05% (24h),81%,19%
2025-11-25 21:10:04,"$87,842.60",$1.75T,$64.06B,19.95M BTC,0.06% (24h),81%,19%
2025-11-25 22:33:45,"$87,553.89",$1.74T,$63.16B,19.95M BTC,0.28% (24h),81%,19%
2025-11-25 23:03:54,"$87,202.30",$1.73T,$62.44B,19.95M BTC,0.68% (24h),81%,19%
2025-11-25 23:40:08,"$87,316.87",$1.74T,$59.74B,19.95M BTC,1.02% (24h),81%,19%
2025-11-25 23:56:14,"$87,197.96",$1.73T,$62.59B,19.95M BTC,1.33% (24h),81%,19%
2025-11-26 00:26:57,"$87,456.74",$1.74T,$62.56B,19.95M BTC,0.69% (24h),81%,19%
2025-11-26 00:45:55,"$87,592.91",$1.74T,$63.32B,19.95M BTC,0.65% (24h),81%,19%
2025-11-26 00:59:06,"$87,491.56",$1.74T,$63.57B,19.95M BTC,0.69% (24h),81%,19%
2025-11-26 01:44:11,"$87,623.95",$1.74T,$63.96B,19.95M BTC,0.28% (24h),81%,19%
2025-11-26 02:02:06,"$87,794.01",$1.75T,$63.52B,19.95M BTC,0.18% (24h),81%,19%
2025-11-26 02:30:06,"$87,770.74",$1.75T,$63.35B,19.95M BTC,0.07% (24h),81%,19%
2025-11-26 02:45:39,"$87,738.09",$1.75T,$63.18B,19.95M BTC,0.03% (24h),81%,19%
2025-11-26 02:59:05,"$87,920.16",$1.75T,$63.15B,19.95M BTC,0.61% (24h),81%,19%
2025-11-26 03:39:29,"$87,422.39",$1.74T,$61.56B,19.95M BTC,0.08% (24h),81%,19%
2025-11-26 03:58:44,"$87,392.40",$1.74T,$61.44B,19.95M BTC,0.4% (24h),81%,19%
2025-11-26 04:33:55,"$87,036.13",$1.73T,$59.69B,19.95M BTC,0.29% (24h),81%,19%
2025-11-26 04:54:14,"$86,816.56",$1.73T,$59.64B,19.95M BTC,0.26% (24h),81%,19%
2025-11-26 05:30:26,"$86,839.70",$1.73T,$59.79B,19.95M BTC,0.4% (24h),81%,19%
2025-11-26 05:51:28,"$86,900.57",$1.73T,$59.75B,19.95M BTC,0.4% (24h),81%,19%
2025-11-26 06:12:43,"$86,956.09",$1.73T,$59.22B,19.95M BTC,0.55% (24h),81%,19%
2025-11-26 06:34:02,"$86,889.32",$1.73T,$59.63B,19.95M BTC,0.54% (24h),81%,19%
2025-11-26 06:49:49,"$86,973.61",$1.73T,$59.62B,19.95M BTC,0.51% (24h),81%,19%
2025-11-26 07:01:37,"$87,121.64",$1.73T,$59.64B,19.95M BTC,0.3% (24h),81%,19%
2025-11-26 08:03:07,"$86,592.25",$1.72T,$59.67B,19.95M BTC,1.02% (24h),81%,19%
2025-11-26 08:47:58,"$86,954.76",$1.73T,$59.02B,19.95M BTC,0.07% (24h),81%,19%
2025-11-26 09:00:28,"$87,075.15",$1.73T,$59.16B,19.95M BTC,0.03% (24h),81%,19%
2025-11-26 09:33:19,"$87,288.89",$1.74T,$58.77B,19.95M BTC,0.28% (24h),81%,19%
2025-11-26 09:54:36,"$87,284.12",$1.74T,$58.18B,19.95M BTC,0.98% (24h),81%,19%
2025-11-26 10:27:04,"$87,098.30",$1.73T,$57.75B,19.95M BTC,0.61% (24h),81%,19%
2025-11-26 10:46:21,"$86,761.01",$1.73T,$57.56B,19.95M BTC,0.54% (24h),81%,19%
2025-11-26 10:59:41,"$86,897.02",$1.73T,$58.14B,19.95M BTC,0.05% (24h),81%,19%
2025-11-26 11:38:13,"$87,819.64",$1.75T,$58.66B,19.95M BTC,0.88% (24h),81%,19%
2025-11-26 11:57:52,"$87,799.55",$1.75T,$58.47B,19.95M BTC,0.91% (24h),81%,19%
2025-11-26 12:27:07,"$88,418.88",$1.76T,$58.8B,19.95M BTC,0.98% (24h),81%,19%
2025-11-26 12:45:18,"$89,484.06",$1.78T,$59.35B,19.95M BTC,1.77% (24h),81%,19%
2025-11-26 12:59:23,"$89,935.65",$1.79T,$61.04B,19.95M BTC,2.57% (24h),81%,19%
2025-11-26 13:38:15,"$89,851.65",$1.79T,$64B,19.95M BTC,2.66% (24h),81%,19%
2025-11-26 13:55:13,"$90,035.82",$1.79T,$64.17B,19.95M BTC,2.92% (24h),81%,19%
2025-11-26 14:21:06,"$89,982.02",$1.79T,$64.62B,19.95M BTC,4.06% (24h),81%,19%
2025-11-26 14:33:53,"$89,871.17",$1.79T,$64.65B,19.95M BTC,4.21% (24h),81%,19%
2025-11-26 14:49:40,"$89,829.08",$1.79T,$65.08B,19.95M BTC,3.72% (24h),81%,19%
2025-11-26 15:01:58,"$89,936.39",$1.79T,$65.03B,19.95M BTC,3.54% (24h),81%,19%
2025-11-26 15:35:44,"$89,899.32",$1.79T,$65.44B,19.95M BTC,3.1% (24h),81%,19%
2025-11-26 15:50:00,"$89,660.36",$1.78T,$65.93B,19.95M BTC,2.71% (24h),81%,19%
2025-11-26 16:01:56,"$89,929.17",$1.79T,$65.87B,19.95M BTC,2.96% (24h),81%,19%
2025-11-26 16:27:54,"$90,210.14",$1.8T,$65.71B,19.95M BTC,3.31% (24h),81%,19%
2025-11-26 16:43:03,"$90,197.95",$1.79T,$66.22B,19.95M BTC,3.44% (24h),81%,19%
2025-11-26 16:59:09,"$90,180.22",$1.79T,$66.56B,19.95M BTC,3.65% (24h),81%,19%
2025-11-26 17:28:57,"$90,333.10",$1.8T,$66.37B,19.95M BTC,3.75% (24h),81%,19%
2025-11-26 17:45:39,"$90,238.86",$1.8T,$66.65B,19.95M BTC,3.34% (24h),81%,19%
2025-11-26 17:59:29,"$90,407.93",$1.8T,$66.64B,19.95M BTC,3.19% (24h),81%,19%
2025-11-26 18:27:19,"$90,431.12",$1.8T,$66.38B,19.95M BTC,3.26% (24h),81%,19%
2025-11-26 18:42:38,"$90,401.80",$1.8T,$66.1B,19.95M BTC,3.38% (24h),81%,19%
2025-11-26 18:59:57,"$90,505.48",$1.8T,$66.47B,19.95M BTC,3.61% (24h),81%,19%
2025-11-26 21:06:47,"$90,959.05",$1.81T,$66.5B,19.95M BTC,3.48% (24h),81%,19%
2025-11-26 22:20:42,"$91,571.64",$1.82T,$70.89B,19.95M BTC,4.37% (24h),81%,19%
2025-11-26 22:55:30,"$91,151.88",$1.81T,$71.57B,19.95M BTC,4.67% (24h),81%,19%
2025-11-26 23:32:17,"$91,126.29",$1.81T,$71.45B,19.95M BTC,4.48% (24h),81%,19%
2025-11-26 23:53:44,"$91,250.79",$1.82T,$71.61B,19.95M BTC,4.65% (24h),81%,19%
2025-11-27 00:28:00,"$91,470.54",$1.82T,$71.66B,19.95M BTC,4.58% (24h),81%,19%
2025-11-27 00:47:37,"$90,989.55",$1.81T,$72.09B,19.95M BTC,3.89% (24h),81%,19%
2025-11-27 01:00:09,"$90,967.05",$1.81T,$72.29B,19.95M BTC,3.95% (24h),81%,19%
2025-11-27 01:45:15,"$91,315.82",$1.82T,$72.34B,19.95M BTC,4.18% (24h),81%,19%
2025-11-27 02:02:33,"$91,222.14",$1.82T,$72.41B,19.95M BTC,3.9% (24h),81%,19%
2025-11-27 02:32:25,"$91,404.47",$1.82T,$72.36B,19.95M BTC,4.17% (24h),81%,19%
2025-11-27 02:49:50,"$91,410.54",$1.82T,$72.51B,19.95M BTC,4.17% (24h),81%,19%
2025-11-27 03:02:16,"$91,469.55",$1.82T,$72.67B,19.95M BTC,4.17% (24h),81%,19%
2025-11-27 03:43:21,"$91,403.37",$1.82T,$72.76B,19.95M BTC,4.41% (24h),81%,19%
2025-11-27 04:02:11,"$91,488.78",$1.82T,$72.93B,19.95M BTC,4.71% (24h),81%,19%
2025-11-27 04:34:04,"$91,765.54",$1.83T,$73.41B,19.95M BTC,5.42% (24h),81%,19%
2025-11-27 04:51:07,"$91,624.27",$1.82T,$73.12B,19.95M BTC,5.53% (24h),81%,19%
2025-11-27 05:14:18,"$91,595.03",$1.82T,$72.99B,19.95M BTC,5.39% (24h),81%,19%
2025-11-27 05:44:38,"$91,569.78",$1.82T,$73.04B,19.95M BTC,5.41% (24h),81%,19%
2025-11-27 05:59:11,"$91,635.63",$1.82T,$73.28B,19.95M BTC,5.42% (24h),81%,19%
2025-11-27 06:27:35,"$91,438.70",$1.82T,$73.44B,19.95M BTC,5.23% (24h),81%,19%
2025-11-27 06:43:27,"$91,446.16",$1.82T,$73.43B,19.95M BTC,5.11% (24h),81%,19%
2025-11-27 06:59:33,"$91,384.69",$1.82T,$73.55B,19.95M BTC,4.98% (24h),81%,19%
2025-11-27 08:00:17,"$90,983.74",$1.81T,$72.57B,19.95M BTC,5.02% (24h),81%,19%
2025-11-27 08:40:33,"$90,804.52",$1.81T,$73.59B,19.95M BTC,4.47% (24h),81%,19%
2025-11-27 08:56:12,"$90,948.93",$1.81T,$73.94B,19.95M BTC,4.59% (24h),81%,19%
2025-11-27 09:26:34,"$90,804.34",$1.81T,$73.55B,19.95M BTC,4.07% (24h),81%,19%
2025-11-27 09:47:58,"$90,769.27",$1.81T,$72.86B,19.95M BTC,3.86% (24h),81%,19%
2025-11-27 09:59:29,"$90,803.21",$1.81T,$72.39B,19.95M BTC,4.42% (24h),81%,19%
2025-11-27 10:31:25,"$90,895.72",$1.81T,$71.36B,19.95M BTC,4.12% (24h),81%,19%
2025-11-27 10:47:37,"$90,874.76",$1.81T,$71.34B,19.95M BTC,4.77% (24h),81%,19%
2025-11-27 10:59:52,"$90,924.52",$1.81T,$70.83B,19.95M BTC,4.63% (24h),81%,19%
2025-11-27 11:36:54,"$91,357.53",$1.82T,$70.38B,19.95M BTC,4.06% (24h),81%,19%
2025-11-27 11:55:39,"$91,421.13",$1.82T,$70.3B,19.95M BTC,4.38% (24h),81%,19%
2025-11-27 12:22:35,"$91,580.40",$1.82T,$69.36B,19.95M BTC,4.3% (24h),81%,19%
2025-11-27 12:43:06,"$91,404.30",$1.82T,$68.23B,19.95M BTC,2.27% (24h),81%,19%
2025-11-27 12:59:14,"$91,470.77",$1.82T,$67.7B,19.95M BTC,1.69% (24h),81%,19%
2025-11-27 13:39:24,"$91,642.05",$1.82T,$64.36B,19.95M BTC,2.04% (24h),81%,19%
2025-11-27 13:55:42,"$91,804.43",$1.83T,$63.92B,19.95M BTC,1.96% (24h),81%,19%
2025-11-27 14:21:32,"$91,643.69",$1.82T,$63.32B,19.95M BTC,1.84% (24h),81%,19%
2025-11-27 14:34:06,"$91,536.41",$1.82T,$62.4B,19.95M BTC,1.85% (24h),81%,19%
2025-11-27 14:50:09,"$91,596.62",$1.82T,$62.08B,19.95M BTC,1.97% (24h),81%,19%
2025-11-27 15:01:49,"$91,503.76",$1.82T,$61.89B,19.95M BTC,1.77% (24h),81%,19%
2025-11-27 15:31:53,"$91,436.32",$1.82T,$60.92B,19.95M BTC,1.57% (24h),81%,19%
2025-11-27 15:46:14,"$91,454.95",$1.82T,$60.59B,19.95M BTC,1.93% (24h),81%,19%
2025-11-27 15:59:42,"$91,451.96",$1.82T,$60.16B,19.95M BTC,1.71% (24h),81%,19%
2025-11-27 16:26:45,"$91,496.75",$1.82T,$59.08B,19.95M BTC,1.43% (24h),81%,19%
2025-11-27 16:41:43,"$91,552.86",$1.82T,$59.13B,19.95M BTC,1.42% (24h),81%,19%
2025-11-27 16:54:44,"$91,475.32",$1.82T,$59B,19.95M BTC,1.23% (24h),81%,19%
2025-11-27 17:25:01,"$91,490.84",$1.82T,$58.11B,19.95M BTC,1.18% (24h),81%,19%
2025-11-27 17:44:39,"$91,233.46",$1.82T,$57.73B,19.95M BTC,1.07% (24h),81%,19%
2025-11-27 17:59:16,"$91,335.78",$1.82T,$57.8B,19.95M BTC,1% (24h),81%,19%
2025-11-27 18:27:18,"$91,407.86",$1.82T,$57.37B,19.95M BTC,1.05% (24h),81%,19%
2025-11-27 18:43:38,"$91,351.94",$1.82T,$57.18B,19.95M BTC,1.04% (24h),81%,19%
2025-11-27 18:59:07,"$91,285.37",$1.82T,$57.04B,19.95M BTC,0.84% (24h),81%,19%
2025-11-27 21:06:15,"$90,849.36",$1.81T,$55.09B,19.95M BTC,0.07% (24h),81%,19%
2025-11-27 22:20:45,"$91,097.14",$1.81T,$51.52B,19.95M BTC,0.48% (24h),81%,19%
2025-11-27 22:55:42,"$91,187.75",$1.81T,$50.8B,19.95M BTC,0.04% (24h),81%,19%
2025-11-27 23:31:26,"$91,378.72",$1.82T,$50.49B,19.95M BTC,0.29% (24h),81%,19%
2025-11-27 23:50:31,"$91,426.26",$1.82T,$50.33B,19.95M BTC,0.19% (24h),81%,19%
2025-11-28 00:12:33,"$91,525.83",$1.82T,$50.08B,19.95M BTC,0.35% (24h),81%,19%
2025-11-28 00:41:36,"$91,508.20",$1.82T,$49.92B,19.95M BTC,0.44% (24h),81%,19%
2025-11-28 00:54:13,"$91,672.20",$1.82T,$49.62B,19.95M BTC,0.73% (24h),81%,19%
2025-11-28 01:39:55,"$91,204.64",$1.81T,$49.16B,19.95M BTC,0.17% (24h),81%,19%
2025-11-28 01:59:42,"$91,301.55",$1.82T,$49.43B,19.95M BTC,0.06% (24h),81%,19%
2025-11-28 02:29:54,"$91,457.82",$1.82T,$49.29B,19.95M BTC,0.02% (24h),81%,19%
2025-11-28 02:44:54,"$91,093.13",$1.81T,$48.55B,19.95M BTC,0.29% (24h),81%,19%
2025-11-28 02:59:38,"$90,928.71",$1.81T,$49.37B,19.95M BTC,0.51% (24h),81%,19%
2025-11-28 03:39:57,"$91,188.29",$1.81T,$49.81B,19.95M BTC,0.25% (24h),81%,19%
2025-11-28 03:59:14,"$91,585.87",$1.82T,$49.54B,19.95M BTC,0.1% (24h),81%,19%
2025-11-28 04:32:53,"$91,567.00",$1.82T,$50.25B,19.95M BTC,0.12% (24h),81%,19%
2025-11-28 04:47:27,"$91,536.78",$1.82T,$49.9B,19.95M BTC,0.24% (24h),81%,19%
2025-11-28 04:59:42,"$91,566.58",$1.82T,$49.82B,19.95M BTC,0.01% (24h),81%,19%
2025-11-28 05:34:30,"$91,638.68",$1.82T,$49.71B,19.95M BTC,0.24% (24h),81%,19%
2025-11-28 05:53:10,"$91,792.18",$1.83T,$49.09B,19.95M BTC,0.28% (24h),81%,19%
2025-11-28 06:23:03,"$91,186.65",$1.81T,$49.59B,19.95M BTC,0.29% (24h),81%,19%
2025-11-28 06:42:03,"$91,265.26",$1.82T,$50.11B,19.95M BTC,0.19% (24h),81%,19%
2025-11-28 06:58:47,"$91,464.65",$1.82T,$49.92B,19.95M BTC,0.05% (24h),81%,19%
2025-11-28 07:58:41,"$91,479.51",$1.82T,$50.14B,19.95M BTC,0.53% (24h),81%,19%
2025-11-28 08:37:45,"$91,760.07",$1.83T,$49.04B,19.95M BTC,1.29% (24h),81%,19%
2025-11-28 08:52:53,"$92,120.89",$1.83T,$48.95B,19.95M BTC,1.39% (24h),81%,19%
2025-11-28 09:26:07,"$92,726.34",$1.85T,$50.58B,19.95M BTC,2.2% (24h),81%,19%
2025-11-28 09:46:30,"$91,889.56",$1.83T,$51.54B,19.95M BTC,1.31% (24h),81%,19%
2025-11-28 09:59:23,"$92,169.48",$1.83T,$52.6B,19.95M BTC,1.5% (24h),81%,19%
2025-11-28 10:30:32,"$92,669.97",$1.84T,$53.53B,19.95M BTC,1.93% (24h),81%,19%
2025-11-28 10:45:41,"$92,544.93",$1.84T,$54.67B,19.95M BTC,1.85% (24h),81%,19%
2025-11-28 10:59:09,"$92,350.78",$1.84T,$55B,19.95M BTC,1.52% (24h),81%,19%
2025-11-28 11:36:08,"$91,452.75",$1.82T,$55.55B,19.95M BTC,0.16% (24h),81%,19%
2025-11-28 11:54:48,"$91,354.28",$1.82T,$55.82B,19.95M BTC,0.01% (24h),81%,19%
2025-11-28 12:23:14,"$90,628.05",$1.8T,$56.57B,19.95M BTC,1.02% (24h),81%,19%
2025-11-28 12:43:20,"$90,304.65",$1.8T,$58.62B,19.95M BTC,1.2% (24h),81%,19%
2025-11-28 12:59:04,"$90,789.75",$1.81T,$58.87B,19.95M BTC,0.75% (24h),81%,19%
2025-11-28 13:39:21,"$90,869.86",$1.81T,$60.53B,19.95M BTC,0.76% (24h),81%,19%
2025-11-28 13:55:10,"$90,767.12",$1.81T,$60.46B,19.95M BTC,1.12% (24h),81%,19%
2025-11-28 14:22:05,"$91,135.75",$1.81T,$60B,19.95M BTC,0.53% (24h),81%,19%
2025-11-28 14:34:52,"$91,054.96",$1.81T,$60.48B,19.95M BTC,0.52% (24h),81%,19%
2025-11-28 14:49:47,"$91,133.68",$1.81T,$60.56B,19.95M BTC,0.51% (24h),81%,19%
2025-11-28 15:01:53,"$91,031.68",$1.81T,$60.48B,19.95M BTC,0.5% (24h),81%,19%
2025-11-28 15:32:26,"$91,214.01",$1.82T,$60.69B,19.95M BTC,0.24% (24h),81%,19%
2025-11-28 15:50:18,"$91,162.63",$1.81T,$60.81B,19.95M BTC,0.32% (24h),81%,19%
2025-11-28 16:09:11,"$91,227.25",$1.82T,$60.81B,19.95M BTC,0.13% (24h),81%,19%
2025-11-28 16:29:57,"$91,158.14",$1.81T,$60.49B,19.95M BTC,0.39% (24h),81%,19%
2025-11-28 16:43:11,"$91,269.64",$1.82T,$60.79B,19.95M BTC,0.31% (24h),81%,19%
2025-11-28 16:59:39,"$90,932.68",$1.81T,$60.73B,19.95M BTC,0.55% (24h),81%,19%
2025-11-28 17:28:08,"$90,954.07",$1.81T,$61.1B,19.95M BTC,0.66% (24h),81%,19%
2025-11-28 17:44:51,"$91,012.66",$1.81T,$60.91B,19.95M BTC,0.43% (24h),81%,19%
2025-11-28 17:59:10,"$91,121.01",$1.81T,$61.08B,19.95M BTC,0.2% (24h),81%,19%
2025-11-28 18:27:03,"$91,040.72",$1.81T,$60.94B,19.95M BTC,0.37% (24h),81%,19%
2025-11-28 18:42:42,"$91,010.87",$1.81T,$60.83B,19.95M BTC,0.39% (24h),81%,19%
2025-11-28 18:59:02,"$90,919.26",$1.81T,$60.86B,19.95M BTC,0.4% (24h),81%,19%
2025-11-28 21:06:10,"$90,867.45",$1.81T,$59.06B,19.95M BTC,0.02% (24h),81%,19%
2025-11-28 22:21:07,"$90,841.54",$1.81T,$58.13B,19.95M BTC,0.39% (24h),81%,19%
2025-11-28 22:55:21,"$90,698.35",$1.8T,$57.91B,19.95M BTC,0.51% (24h),81%,19%
2025-11-28 23:31:09,"$90,724.24",$1.81T,$57.43B,19.95M BTC,0.69% (24h),81%,19%
2025-11-28 23:49:16,"$90,819.61",$1.81T,$57.63B,19.95M BTC,0.66% (24h),81%,19%
2025-11-29 00:01:43,"$90,922.34",$1.81T,$57.57B,19.95M BTC,0.51% (24h),81%,19%
2025-11-29 00:31:50,"$90,915.32",$1.81T,$57.32B,19.95M BTC,0.65% (24h),81%,19%
2025-11-29 00:47:26,"$90,901.23",$1.81T,$57.27B,19.95M BTC,0.7% (24h),81%,19%
2025-11-29 01:00:08,"$90,783.22",$1.81T,$57.05B,19.95M BTC,0.93% (24h),81%,19%
2025-11-29 01:40:54,"$90,561.73",$1.8T,$57.04B,19.95M BTC,0.73% (24h),81%,19%
2025-11-29 01:57:16,"$90,529.47",$1.8T,$57.65B,19.95M BTC,0.91% (24h),81%,19%
2025-11-29 02:25:08,"$90,539.43",$1.8T,$57.57B,19.95M BTC,1.03% (24h),81%,19%
2025-11-29 02:41:54,"$90,445.00",$1.8T,$57.37B,19.95M BTC,0.75% (24h),81%,19%
2025-11-29 02:53:53,"$90,475.24",$1.8T,$57.06B,19.95M BTC,0.51% (24h),81%,19%
2025-11-29 03:33:01,"$90,634.10",$1.8T,$56.67B,19.95M BTC,0.52% (24h),81%,19%
2025-11-29 03:55:08,"$90,632.88",$1.8T,$56.22B,19.95M BTC,0.95% (24h),81%,19%
2025-11-29 04:26:10,"$90,607.15",$1.8T,$55.33B,19.95M BTC,1.1% (24h),81%,19%
2025-11-29 04:42:43,"$90,602.64",$1.8T,$55.14B,19.95M BTC,0.97% (24h),81%,19%
2025-11-29 04:58:55,"$90,599.38",$1.8T,$55.02B,19.95M BTC,1.01% (24h),81%,19%
2025-11-29 05:30:43,"$90,616.56",$1.8T,$54.69B,19.95M BTC,1.03% (24h),81%,19%
2025-11-29 05:46:29,"$90,669.74",$1.8T,$54.87B,19.95M BTC,1.04% (24h),81%,19%
2025-11-29 05:59:22,"$90,605.71",$1.8T,$54.61B,19.95M BTC,1.3% (24h),81%,19%
2025-11-29 06:25:04,"$90,612.39",$1.8T,$53.76B,19.95M BTC,0.7% (24h),81%,19%
2025-11-29 06:41:06,"$90,626.93",$1.8T,$53.6B,19.95M BTC,0.68% (24h),81%,19%
2025-11-29 06:53:24,"$90,649.99",$1.8T,$53.54B,19.95M BTC,0.75% (24h),81%,19%
2025-11-29 07:49:44,"$90,673.03",$1.8T,$52.93B,19.95M BTC,0.89% (24h),81%,19%
2025-11-29 08:19:22,"$90,653.78",$1.8T,$52.84B,19.95M BTC,0.91% (24h),81%,19%
2025-11-29 08:41:22,"$90,761.24",$1.81T,$52.66B,19.95M BTC,1.2% (24h),81%,19%
2025-11-29 08:53:48,"$90,824.15",$1.81T,$52.13B,19.95M BTC,1.42% (24h),81%,19%
2025-11-29 09:23:36,"$90,719.71",$1.81T,$50.06B,19.95M BTC,1.92% (24h),81%,19%
2025-11-29 09:43:51,"$90,706.01",$1.81T,$48.38B,19.95M BTC,1.47% (24h),81%,19%
2025-11-29 09:59:39,"$90,674.42",$1.8T,$47.34B,19.95M BTC,1.59% (24h),81%,19%
2025-11-29 10:27:57,"$90,948.87",$1.81T,$46.54B,19.95M BTC,1.82% (24h),81%,19%
2025-11-29 10:43:57,"$90,922.97",$1.81T,$46.09B,19.95M BTC,1.8% (24h),81%,19%
2025-11-29 10:59:01,"$91,089.07",$1.81T,$45.69B,19.95M BTC,1.38% (24h),81%,19%
2025-11-29 11:34:39,"$90,981.69",$1.81T,$43.93B,19.95M BTC,0.41% (24h),81%,19%
2025-11-29 11:53:22,"$91,015.24",$1.81T,$43.48B,19.95M BTC,0.32% (24h),81%,19%
2025-11-29 12:22:44,"$90,726.39",$1.81T,$42.32B,19.95M BTC,0.07% (24h),81%,19%
2025-11-29 12:42:47,"$90,648.72",$1.8T,$41.08B,19.95M BTC,0.4% (24h),81%,19%
2025-11-29 12:59:15,"$90,504.69",$1.8T,$39.88B,19.95M BTC,0.31% (24h),81%,19%
2025-11-29 13:38:36,"$90,496.31",$1.8T,$39.09B,19.95M BTC,0.28% (24h),81%,19%
2025-11-29 13:54:32,"$90,709.51",$1.81T,$39.56B,19.95M BTC,0.12% (24h),81%,19%
2025-11-29 14:20:55,"$90,790.12",$1.81T,$39.45B,19.95M BTC,0.2% (24h),81%,19%
2025-11-29 14:33:21,"$90,802.15",$1.81T,$39.26B,19.95M BTC,0.26% (24h),81%,19%
2025-11-29 14:49:39,"$90,661.47",$1.8T,$39.11B,19.95M BTC,0.53% (24h),81%,19%
2025-11-29 15:02:10,"$90,652.68",$1.8T,$38.99B,19.95M BTC,0.41% (24h),81%,19%
2025-11-29 15:33:19,"$90,698.72",$1.8T,$38.74B,19.95M BTC,0.53% (24h),81%,19%
2025-11-29 15:50:02,"$90,895.18",$1.81T,$38.61B,19.95M BTC,0.26% (24h),81%,19%
2025-11-29 16:03:24,"$90,960.39",$1.81T,$38.83B,19.95M BTC,0.3% (24h),81%,19%
2025-11-29 16:28:55,"$90,980.12",$1.81T,$38.2B,19.95M BTC,0.15% (24h),81%,19%
2025-11-29 16:43:07,"$91,036.34",$1.81T,$38.83B,19.95M BTC,0.25% (24h),81%,19%
2025-11-29 16:59:22,"$91,020.14",$1.81T,$38.61B,19.95M BTC,0.02% (24h),81%,19%
2025-11-29 17:28:36,"$90,760.06",$1.81T,$38.38B,19.95M BTC,0.18% (24h),81%,19%
2025-11-29 17:46:02,"$90,935.00",$1.81T,$38.14B,19.95M BTC,0.09% (24h),81%,19%
2025-11-29 17:59:50,"$90,812.27",$1.81T,$38.18B,19.95M BTC,0.32% (24h),81%,19%
2025-11-29 18:27:07,"$90,888.74",$1.81T,$37.87B,19.95M BTC,0.16% (24h),81%,19%
2025-11-29 18:42:35,"$90,855.14",$1.81T,$38B,19.95M BTC,0.17% (24h),81%,19%
2025-11-29 18:59:10,"$90,838.65",$1.81T,$37.92B,19.95M BTC,0.08% (24h),81%,19%
2025-11-29 21:26:51,"$91,011.47",$1.81T,$37.52B,19.95M BTC,0.07% (24h),81%,19%
2025-11-29 22:47:45,"$90,928.32",$1.81T,$36.73B,19.95M BTC,0.24% (24h),81%,19%
2025-11-29 23:24:34,"$90,929.96",$1.81T,$37.69B,19.95M BTC,0.32% (24h),81%,19%
2025-11-29 23:55:41,"$90,854.78",$1.81T,$37.58B,19.95M BTC,0% (24h),81%,19%
2025-11-30 00:27:03,"$90,720.79",$1.81T,$37.54B,19.95M BTC,0.22% (24h),81%,19%
2025-11-30 00:45:44,"$90,754.21",$1.81T,$37.58B,19.95M BTC,0.15% (24h),81%,19%
2025-11-30 00:59:49,"$90,816.49",$1.81T,$37.49B,19.95M BTC,0.04% (24h),81%,19%
2025-11-30 01:42:15,"$90,928.19",$1.81T,$37.02B,19.95M BTC,0.4% (24h),81%,19%
2025-11-30 01:58:50,"$90,909.45",$1.81T,$36.85B,19.95M BTC,0.35% (24h),81%,19%
2025-11-30 02:26:05,"$90,966.70",$1.81T,$36.56B,19.95M BTC,0.44% (24h),81%,19%
2025-11-30 02:40:34,"$90,972.79",$1.81T,$36.38B,19.95M BTC,0.6% (24h),81%,19%
2025-11-30 02:52:38,"$90,989.52",$1.81T,$36.27B,19.95M BTC,0.57% (24h),81%,19%
2025-11-30 03:32:22,"$91,132.97",$1.81T,$36.62B,19.95M BTC,0.56% (24h),81%,19%
2025-11-30 03:48:56,"$91,150.70",$1.81T,$36.96B,19.95M BTC,0.54% (24h),81%,19%
2025-11-30 04:01:28,"$91,193.13",$1.81T,$37.09B,19.95M BTC,0.56% (24h),81%,19%
2025-11-30 04:28:57,"$91,406.98",$1.82T,$37.61B,19.95M BTC,0.85% (24h),81%,19%
2025-11-30 04:43:22,"$91,387.18",$1.82T,$37.78B,19.95M BTC,0.87% (24h),81%,19%
2025-11-30 04:59:03,"$91,409.20",$1.82T,$37.81B,19.95M BTC,0.89% (24h),81%,19%
2025-11-30 05:29:50,"$91,385.07",$1.82T,$37.59B,19.95M BTC,0.85% (24h),81%,19%
2025-11-30 05:45:40,"$91,248.36",$1.82T,$37.51B,19.95M BTC,0.67% (24h),81%,19%
2025-11-30 06:04:12,"$91,279.16",$1.82T,$37.44B,19.95M BTC,0.76% (24h),81%,19%
2025-11-30 06:23:15,"$91,273.86",$1.82T,$37.45B,19.95M BTC,0.74% (24h),81%,19%
2025-11-30 06:41:24,"$91,189.52",$1.81T,$37.5B,19.95M BTC,0.62% (24h),81%,19%
2025-11-30 06:53:26,"$91,064.48",$1.81T,$37.27B,19.95M BTC,0.45% (24h),81%,19%
2025-11-30 07:49:05,"$91,448.93",$1.82T,$37.4B,19.95M BTC,0.83% (24h),81%,19%
2025-11-30 08:19:23,"$91,665.92",$1.82T,$37.56B,19.95M BTC,1.1% (24h),81%,19%
2025-11-30 08:41:25,"$91,806.77",$1.83T,$39.07B,19.95M BTC,1.14% (24h),81%,19%
2025-11-30 08:54:15,"$91,727.67",$1.83T,$39.24B,19.95M BTC,0.98% (24h),81%,19%
2025-11-30 09:23:54,"$91,539.30",$1.82T,$39.3B,19.95M BTC,0.89% (24h),81%,19%
2025-11-30 09:43:37,"$91,351.25",$1.82T,$39.64B,19.95M BTC,0.7% (24h),81%,19%
2025-11-30 09:59:20,"$91,487.70",$1.82T,$39.87B,19.95M BTC,0.9% (24h),81%,19%
2025-11-30 10:28:01,"$91,605.11",$1.82T,$39.63B,19.95M BTC,0.7% (24h),81%,19%
2025-11-30 10:43:06,"$91,436.50",$1.82T,$39.7B,19.95M BTC,0.55% (24h),81%,19%
2025-11-30 10:58:59,"$91,455.68",$1.82T,$39.94B,19.95M BTC,0.39% (24h),81%,19%
2025-11-30 11:34:40,"$91,686.15",$1.82T,$39.95B,19.95M BTC,0.78% (24h),81%,19%
2025-11-30 11:53:26,"$91,865.34",$1.83T,$39.93B,19.95M BTC,0.97% (24h),81%,19%
2025-11-30 12:22:51,"$91,483.57",$1.82T,$39.52B,19.95M BTC,0.81% (24h),81%,19%
2025-11-30 12:43:20,"$91,503.61",$1.82T,$39.23B,19.95M BTC,0.93% (24h),81%,19%
2025-11-30 12:59:27,"$91,496.97",$1.82T,$39.13B,19.95M BTC,1.09% (24h),81%,19%
2025-11-30 13:38:44,"$91,406.99",$1.82T,$38.37B,19.95M BTC,0.99% (24h),81%,19%
2025-11-30 13:54:55,"$91,460.39",$1.82T,$37.93B,19.95M BTC,0.8% (24h),81%,19%
2025-11-30 14:20:57,"$91,419.27",$1.82T,$37.82B,19.95M BTC,0.69% (24h),81%,19%
2025-11-30 14:35:02,"$91,324.57",$1.82T,$37.83B,19.95M BTC,0.62% (24h),81%,19%
2025-11-30 14:50:06,"$91,432.44",$1.82T,$37.79B,19.95M BTC,0.84% (24h),81%,19%
2025-11-30 15:02:05,"$91,469.33",$1.82T,$37.72B,19.95M BTC,0.89% (24h),81%,19%
2025-11-30 15:32:27,"$91,320.19",$1.82T,$37.5B,19.95M BTC,0.67% (24h),81%,19%
2025-11-30 15:50:28,"$91,314.41",$1.82T,$37.64B,19.95M BTC,0.45% (24h),81%,19%
2025-11-30 16:09:20,"$91,292.29",$1.82T,$37.49B,19.95M BTC,0.43% (24h),81%,19%
2025-11-30 16:30:13,"$91,047.11",$1.81T,$37.53B,19.95M BTC,0.07% (24h),81%,19%
2025-11-30 16:44:18,"$91,075.72",$1.81T,$37.64B,19.95M BTC,0.04% (24h),81%,19%
2025-11-30 16:58:58,"$91,171.78",$1.81T,$37.83B,19.95M BTC,0.12% (24h),81%,19%
2025-11-30 17:28:38,"$91,292.80",$1.82T,$37.82B,19.95M BTC,0.59% (24h),81%,19%
2025-11-30 17:46:24,"$91,114.55",$1.81T,$37.84B,19.95M BTC,0.19% (24h),81%,19%
2025-11-30 17:59:12,"$91,236.13",$1.82T,$37.81B,19.95M BTC,0.43% (24h),81%,19%
2025-11-30 18:27:14,"$90,746.26",$1.81T,$37.98B,19.95M BTC,0.15% (24h),81%,19%
2025-11-30 18:43:00,"$90,606.79",$1.8T,$38.34B,19.95M BTC,0.28% (24h),81%,19%
2025-11-30 18:59:18,"$90,386.66",$1.8T,$38.63B,19.95M BTC,0.49% (24h),81%,19%
2025-11-30 21:35:36,"$87,135.96",$1.73T,$50.33B,19.95M BTC,4.24% (24h),81%,19%
2025-11-30 23:06:00,"$86,235.60",$1.72T,$54.45B,19.95M BTC,5.18% (24h),81%,19%
2025-11-30 23:58:58,"$85,816.55",$1.71T,$57.02B,19.95M BTC,5.54% (24h),81%,19%
2025-12-01 00:37:26,"$85,793.46",$1.71T,$57.58B,19.95M BTC,5.44% (24h),81%,19%
2025-12-01 00:55:50,"$85,966.57",$1.71T,$57.79B,19.95M BTC,5.34% (24h),81%,19%
2025-12-01 01:42:19,"$86,227.24",$1.72T,$59.46B,19.95M BTC,5.14% (24h),81%,19%
2025-12-01 02:04:27,"$86,237.02",$1.72T,$60.27B,19.95M BTC,5.13% (24h),81%,19%
2025-12-01 02:34:59,"$86,307.06",$1.72T,$60.41B,19.95M BTC,5.13% (24h),81%,19%
2025-12-01 02:52:19,"$86,534.46",$1.72T,$61.48B,19.95M BTC,4.92% (24h),81%,19%
2025-12-01 03:20:44,"$86,546.09",$1.72T,$62.57B,19.95M BTC,4.94% (24h),81%,19%
2025-12-01 03:51:38,"$86,803.85",$1.73T,$62.76B,19.95M BTC,4.86% (24h),81%,19%
2025-12-01 04:20:59,"$86,713.72",$1.73T,$62.6B,19.95M BTC,5.22% (24h),81%,19%
2025-12-01 04:48:57,"$86,766.19",$1.73T,$63.16B,19.95M BTC,5.1% (24h),81%,19%
2025-12-01 05:00:05,"$86,726.04",$1.73T,$63.13B,19.95M BTC,5.13% (24h),81%,19%
2025-12-01 05:37:01,"$86,617.97",$1.72T,$63.29B,19.95M BTC,5.08% (24h),81%,19%
2025-12-01 05:55:21,"$86,658.26",$1.72T,$63.8B,19.95M BTC,5.01% (24h),81%,19%
2025-12-01 06:24:53,"$86,444.40",$1.72T,$64.07B,19.95M BTC,5.28% (24h),81%,19%
2025-12-01 06:43:18,"$86,375.93",$1.72T,$64.17B,19.95M BTC,5.25% (24h),81%,19%
2025-12-01 06:58:47,"$86,255.39",$1.72T,$64.23B,19.95M BTC,5.3% (24h),81%,19%
2025-12-01 08:02:24,"$85,646.48",$1.7T,$64.64B,19.95M BTC,6.34% (24h),81%,19%
2025-12-01 08:48:16,"$85,777.12",$1.71T,$67.3B,19.95M BTC,6.51% (24h),81%,19%
2025-12-01 09:01:46,"$86,014.63",$1.71T,$68.19B,19.95M BTC,6.25% (24h),81%,19%
2025-12-01 09:36:09,"$86,459.50",$1.72T,$68.68B,19.95M BTC,5.5% (24h),81%,19%
2025-12-01 09:57:17,"$86,259.16",$1.72T,$70.21B,19.95M BTC,5.67% (24h),81%,19%
2025-12-01 10:30:04,"$84,959.08",$1.69T,$71.13B,19.95M BTC,7.25% (24h),81%,19%
2025-12-01 10:49:03,"$84,312.06",$1.68T,$72.11B,19.95M BTC,7.87% (24h),81%,19%
2025-12-01 11:01:44,"$84,720.68",$1.69T,$73.94B,19.95M BTC,7.36% (24h),81%,19%
2025-12-01 11:42:50,"$85,268.44",$1.7T,$77.31B,19.95M BTC,7.04% (24h),81%,19%
2025-12-01 12:04:07,"$84,602.29",$1.68T,$78.54B,19.95M BTC,7.75% (24h),81%,19%
2025-12-01 12:39:30,"$84,943.69",$1.69T,$79.57B,19.95M BTC,7.06% (24h),81%,19%
2025-12-01 12:56:28,"$85,023.39",$1.69T,$80.19B,19.95M BTC,7.07% (24h),81%,19%
2025-12-01 13:43:10,"$84,761.63",$1.69T,$81.01B,19.95M BTC,7.24% (24h),81%,19%
2025-12-01 14:12:35,"$85,027.30",$1.69T,$81.6B,19.95M BTC,7% (24h),81%,19%
2025-12-01 14:37:44,"$85,021.56",$1.69T,$80.41B,19.95M BTC,7.02% (24h),81%,19%
2025-12-01 15:14:59,"$85,539.74",$1.7T,$83.45B,19.95M BTC,6.61% (24h),81%,19%
2025-12-01 15:37:33,"$85,275.46",$1.7T,$84.27B,19.95M BTC,6.54% (24h),81%,19%
2025-12-01 15:50:07,"$85,436.55",$1.7T,$85.1B,19.95M BTC,6.45% (24h),81%,19%
2025-12-01 16:02:42,"$85,626.55",$1.7T,$84.94B,19.95M BTC,6.24% (24h),81%,19%
2025-12-01 16:28:47,"$86,289.14",$1.72T,$83.55B,19.95M BTC,5.16% (24h),81%,19%
2025-12-01 16:41:39,"$86,438.47",$1.72T,$86.39B,19.95M BTC,5.1% (24h),81%,19%
2025-12-01 16:54:14,"$86,444.43",$1.72T,$86.86B,19.95M BTC,5.13% (24h),81%,19%
2025-12-01 17:25:25,"$86,468.78",$1.72T,$88.16B,19.95M BTC,5.22% (24h),81%,19%
2025-12-01 17:45:28,"$86,748.25",$1.73T,$88.53B,19.95M BTC,4.81% (24h),81%,19%
2025-12-01 17:59:19,"$86,653.07",$1.72T,$88.42B,19.95M BTC,5.02% (24h),81%,19%
2025-12-01 18:28:27,"$86,724.38",$1.73T,$88.03B,19.95M BTC,4.41% (24h),81%,19%
2025-12-01 18:45:09,"$86,513.43",$1.72T,$88.34B,19.95M BTC,4.56% (24h),81%,19%
2025-12-01 18:58:41,"$86,315.57",$1.72T,$87.7B,19.95M BTC,4.56% (24h),81%,19%
2025-12-01 21:11:17,"$86,392.63",$1.72T,$80.41B,19.95M BTC,1.02% (24h),81%,19%
2025-12-01 22:37:04,"$86,347.37",$1.72T,$77.25B,19.95M BTC,0.09% (24h),81%,19%
2025-12-01 23:07:56,"$87,068.37",$1.73T,$76.8B,19.95M BTC,0.97% (24h),81%,19%
2025-12-01 23:45:40,"$86,921.66",$1.73T,$75.76B,19.95M BTC,1.15% (24h),81%,19%
2025-12-02 00:01:24,"$86,964.90",$1.73T,$75.47B,19.95M BTC,1.35% (24h),81%,19%
2025-12-02 00:33:00,"$86,937.76",$1.73T,$74.82B,19.95M BTC,1.22% (24h),81%,19%
2025-12-02 00:51:50,"$87,035.39",$1.73T,$74.78B,19.95M BTC,1.24% (24h),81%,19%
2025-12-02 01:22:36,"$86,898.23",$1.73T,$74.17B,19.95M BTC,0.97% (24h),81%,19%
2025-12-02 01:57:18,"$87,131.52",$1.73T,$73.67B,19.95M BTC,0.95% (24h),81%,19%
2025-12-02 02:29:02,"$86,934.30",$1.73T,$73.19B,19.95M BTC,0.76% (24h),81%,19%
2025-12-02 02:46:21,"$86,995.20",$1.73T,$72.54B,19.95M BTC,0.57% (24h),81%,19%
2025-12-02 02:58:58,"$87,032.69",$1.73T,$72.03B,19.95M BTC,0.59% (24h),81%,19%
2025-12-02 03:41:36,"$86,694.66",$1.73T,$70.86B,19.95M BTC,0.03% (24h),81%,19%
2025-12-02 04:03:05,"$86,604.43",$1.72T,$71.2B,19.95M BTC,0.33% (24h),81%,19%
2025-12-02 04:40:27,"$86,730.07",$1.73T,$71.17B,19.95M BTC,0.07% (24h),81%,19%
2025-12-02 04:58:01,"$86,732.49",$1.73T,$71.43B,19.95M BTC,0% (24h),81%,19%
2025-12-02 05:32:29,"$86,835.57",$1.73T,$71.3B,19.95M BTC,0.22% (24h),81%,19%
2025-12-02 05:55:16,"$87,309.60",$1.74T,$71.13B,19.95M BTC,0.77% (24h),81%,19%
2025-12-02 06:26:26,"$87,171.91",$1.73T,$72.14B,19.95M BTC,0.8% (24h),81%,19%
2025-12-02 06:44:24,"$87,346.30",$1.74T,$72.38B,19.95M BTC,1.15% (24h),81%,19%
2025-12-02 07:00:18,"$87,369.32",$1.74T,$72.19B,19.95M BTC,1.42% (24h),81%,19%
2025-12-02 08:03:51,"$87,227.16",$1.74T,$69.6B,19.95M BTC,1.62% (24h),81%,19%
2025-12-02 08:49:27,"$87,513.41",$1.74T,$69.84B,19.95M BTC,2.04% (24h),81%,19%
2025-12-02 09:02:29,"$87,693.88",$1.75T,$69.34B,19.95M BTC,1.95% (24h),81%,19%
2025-12-02 09:40:20,"$88,711.76",$1.77T,$71.4B,19.95M BTC,2.65% (24h),81%,19%
2025-12-02 09:58:00,"$89,080.02",$1.77T,$71.68B,19.95M BTC,3.23% (24h),81%,19%
2025-12-02 10:34:18,"$90,086.06",$1.79T,$74.85B,19.95M BTC,6.35% (24h),81%,19%
2025-12-02 10:54:57,"$90,992.40",$1.81T,$74.03B,19.95M BTC,7.31% (24h),81%,19%
2025-12-02 11:37:22,"$90,772.89",$1.81T,$74.49B,19.95M BTC,7.14% (24h),81%,19%
2025-12-02 12:01:08,"$90,887.11",$1.81T,$75.19B,19.95M BTC,7.41% (24h),81%,19%
2025-12-02 12:35:02,"$91,886.03",$1.83T,$75.8B,19.95M BTC,8.45% (24h),81%,19%
2025-12-02 12:54:52,"$91,620.73",$1.82T,$76.7B,19.95M BTC,7.68% (24h),81%,19%
2025-12-02 13:41:40,"$91,893.02",$1.83T,$77.42B,19.95M BTC,8.28% (24h),81%,19%
2025-12-02 14:02:37,"$92,079.67",$1.83T,$78.14B,19.95M BTC,8.08% (24h),81%,19%
2025-12-02 14:30:50,"$92,052.02",$1.83T,$78.16B,19.95M BTC,8.61% (24h),81%,19%
2025-12-02 14:46:55,"$92,158.51",$1.83T,$78.07B,19.95M BTC,8.72% (24h),81%,19%
2025-12-02 15:01:16,"$91,899.90",$1.83T,$78.05B,19.95M BTC,7.89% (24h),81%,19%
2025-12-02 15:35:43,"$91,061.00",$1.81T,$78.66B,19.95M BTC,6.82% (24h),81%,19%
2025-12-02 15:54:01,"$91,076.71",$1.81T,$79.26B,19.95M BTC,6.67% (24h),81%,19%
2025-12-02 16:26:37,"$91,321.77",$1.82T,$79.24B,19.95M BTC,5.89% (24h),81%,19%
2025-12-02 16:42:13,"$91,491.21",$1.82T,$78.64B,19.95M BTC,5.93% (24h),81%,19%
2025-12-02 16:59:24,"$91,637.78",$1.82T,$78.42B,19.95M BTC,6.03% (24h),81%,19%
2025-12-02 17:27:31,"$91,761.76",$1.83T,$78.27B,19.95M BTC,6.15% (24h),81%,19%
2025-12-02 17:45:44,"$91,853.80",$1.83T,$78.18B,19.95M BTC,5.97% (24h),81%,19%
2025-12-02 18:00:06,"$92,004.70",$1.83T,$78.34B,19.95M BTC,6.24% (24h),81%,19%
2025-12-02 18:28:00,"$91,697.39",$1.82T,$78.34B,19.95M BTC,5.73% (24h),81%,19%
2025-12-02 18:44:16,"$91,500.95",$1.82T,$78.68B,19.95M BTC,5.74% (24h),81%,19%
2025-12-02 18:59:23,"$91,342.57",$1.82T,$78.38B,19.95M BTC,5.81% (24h),81%,19%
2025-12-02 21:11:18,"$92,422.24",$1.84T,$78.3B,19.95M BTC,6.99% (24h),81%,19%
2025-12-02 22:39:19,"$92,755.97",$1.85T,$80.87B,19.95M BTC,7.37% (24h),81%,19%
2025-12-02 23:06:09,"$92,759.12",$1.85T,$80.5B,19.95M BTC,6.59% (24h),81%,19%
2025-12-02 23:43:06,"$93,007.96",$1.85T,$81.22B,19.95M BTC,6.93% (24h),81%,19%
2025-12-03 00:00:55,"$93,339.27",$1.86T,$81.63B,19.95M BTC,7.31% (24h),81%,19%
2025-12-03 00:32:29,"$93,326.16",$1.86T,$81.99B,19.95M BTC,7.34% (24h),81%,19%
2025-12-03 00:51:20,"$93,586.01",$1.86T,$80.37B,19.95M BTC,7.54% (24h),81%,19%
2025-12-03 01:21:08,"$93,782.42",$1.87T,$84.02B,19.95M BTC,7.84% (24h),81%,19%
2025-12-03 01:52:38,"$93,293.50",$1.86T,$84.24B,19.95M BTC,7.06% (24h),81%,19%
2025-12-03 02:28:32,"$93,136.89",$1.85T,$84.89B,19.95M BTC,7.14% (24h),81%,19%
2025-12-03 02:46:25,"$93,049.60",$1.85T,$85.84B,19.95M BTC,6.96% (24h),81%,19%
2025-12-03 02:59:37,"$93,002.36",$1.85T,$86.33B,19.95M BTC,6.85% (24h),81%,19%
2025-12-03 03:41:05,"$92,844.54",$1.85T,$86.24B,19.95M BTC,7.07% (24h),81%,19%
2025-12-03 04:01:49,"$92,785.32",$1.85T,$85.83B,19.95M BTC,7.25% (24h),81%,19%
2025-12-03 04:36:30,"$92,906.30",$1.85T,$85.94B,19.95M BTC,7.06% (24h),81%,19%
2025-12-03 04:54:04,"$93,139.70",$1.85T,$85.79B,19.95M BTC,7.36% (24h),81%,19%
2025-12-03 05:32:11,"$93,089.93",$1.85T,$86.07B,19.95M BTC,7.2% (24h),81%,19%
2025-12-03 05:56:32,"$93,010.26",$1.85T,$86.42B,19.95M BTC,6.51% (24h),81%,19%
2025-12-03 06:26:30,"$93,012.54",$1.85T,$86.02B,19.95M BTC,6.68% (24h),81%,19%
2025-12-03 06:45:44,"$92,958.26",$1.85T,$86.03B,19.95M BTC,6.44% (24h),81%,19%
2025-12-03 07:00:30,"$93,018.17",$1.85T,$86.07B,19.95M BTC,6.45% (24h),81%,19%
2025-12-03 08:03:36,"$93,002.28",$1.85T,$85.66B,19.95M BTC,6.58% (24h),81%,19%
2025-12-03 08:49:24,"$93,170.86",$1.85T,$84.94B,19.95M BTC,6.43% (24h),81%,19%
2025-12-03 09:02:42,"$92,372.25",$1.84T,$83.55B,19.95M BTC,5.31% (24h),81%,19%
2025-12-03 09:39:31,"$92,741.16",$1.85T,$85.09B,19.95M BTC,4.53% (24h),81%,19%
2025-12-03 09:58:14,"$92,616.32",$1.84T,$85.26B,19.95M BTC,3.96% (24h),81%,19%
2025-12-03 10:34:01,"$92,592.35",$1.84T,$83.4B,19.95M BTC,2.49% (24h),81%,19%
2025-12-03 10:55:18,"$92,469.99",$1.84T,$82.7B,19.95M BTC,1.61% (24h),81%,19%
2025-12-03 11:37:41,"$92,689.42",$1.84T,$80.99B,19.95M BTC,2.15% (24h),81%,19%
2025-12-03 12:01:00,"$92,286.55",$1.84T,$81.23B,19.95M BTC,1.59% (24h),81%,19%
2025-12-03 12:33:58,"$92,617.97",$1.84T,$80.05B,19.95M BTC,0.85% (24h),81%,19%
2025-12-03 12:53:58,"$93,023.91",$1.85T,$79.37B,19.95M BTC,1.64% (24h),81%,19%
2025-12-03 13:40:24,"$93,097.04",$1.85T,$78.97B,19.95M BTC,1.22% (24h),81%,19%
2025-12-03 14:01:00,"$92,638.90",$1.84T,$78.54B,19.95M BTC,0.73% (24h),81%,19%
2025-12-03 14:43:43,"$92,757.90",$1.85T,$78.54B,19.95M BTC,0.49% (24h),81%,19%
2025-12-03 14:59:33,"$93,020.57",$1.85T,$78.29B,19.95M BTC,1.16% (24h),81%,19%
2025-12-03 15:35:39,"$93,096.30",$1.85T,$77.27B,19.95M BTC,2.19% (24h),81%,19%
2025-12-03 15:54:58,"$93,225.73",$1.86T,$77.16B,19.95M BTC,2.35% (24h),81%,19%
2025-12-03 16:23:55,"$93,280.72",$1.86T,$76.87B,19.95M BTC,2.13% (24h),81%,19%
2025-12-03 16:41:56,"$93,471.37",$1.86T,$76.67B,19.95M BTC,2.16% (24h),81%,19%
2025-12-03 16:59:17,"$93,666.07",$1.86T,$76.91B,19.95M BTC,2.24% (24h),81%,19%
2025-12-03 17:31:50,"$93,440.33",$1.86T,$77.34B,19.95M BTC,1.94% (24h),81%,19%
2025-12-03 17:48:37,"$93,923.85",$1.87T,$77.37B,19.95M BTC,2.27% (24h),81%,19%
2025-12-03 18:01:17,"$93,926.33",$1.87T,$78.03B,19.95M BTC,2.09% (24h),81%,19%
2025-12-03 18:27:26,"$93,701.77",$1.87T,$78.38B,19.95M BTC,2.18% (24h),81%,19%
2025-12-03 18:46:40,"$93,548.38",$1.86T,$78.07B,19.95M BTC,2.26% (24h),81%,19%
2025-12-03 18:59:38,"$93,459.89",$1.86T,$77.11B,19.95M BTC,2.31% (24h),81%,19%
2025-12-03 22:39:41,"$93,489.52",$1.86T,$76.18B,19.95M BTC,0.78% (24h),81%,19%
2025-12-03 23:18:07,"$93,448.50",$1.86T,$76.04B,19.95M BTC,0.63% (24h),81%,19%
2025-12-03 23:49:24,"$93,301.64",$1.86T,$72.67B,19.95M BTC,0.23% (24h),81%,19%
2025-12-04 00:01:43,"$93,331.83",$1.86T,$74.98B,19.95M BTC,0.03% (24h),81%,19%
2025-12-04 00:33:29,"$93,148.14",$1.85T,$74.09B,19.95M BTC,0.19% (24h),81%,19%
2025-12-04 01:21:22,"$93,077.39",$1.85T,$73.74B,19.95M BTC,0.76% (24h),81%,19%
2025-12-04 01:53:27,"$93,119.89",$1.85T,$73.78B,19.95M BTC,0.19% (24h),81%,19%
2025-12-04 02:27:48,"$93,142.31",$1.85T,$73.23B,19.95M BTC,0.01% (24h),81%,19%
2025-12-04 02:44:59,"$93,297.92",$1.86T,$73.01B,19.95M BTC,0.21% (24h),81%,19%
2025-12-04 03:00:07,"$93,407.91",$1.86T,$72.71B,19.95M BTC,0.41% (24h),81%,19%
2025-12-04 03:41:03,"$93,314.20",$1.86T,$72.49B,19.95M BTC,0.5% (24h),81%,19%
2025-12-04 04:00:39,"$93,290.77",$1.86T,$71.98B,19.95M BTC,0.57% (24h),81%,19%
2025-12-04 04:36:30,"$93,459.42",$1.86T,$71.86B,19.95M BTC,0.58% (24h),81%,19%
2025-12-04 04:53:48,"$93,541.30",$1.86T,$71.81B,19.95M BTC,0.5% (24h),81%,19%
2025-12-04 05:31:41,"$93,333.50",$1.86T,$71.13B,19.95M BTC,0.13% (24h),81%,19%
2025-12-04 05:53:47,"$93,225.99",$1.86T,$71.11B,19.95M BTC,0.2% (24h),81%,19%
2025-12-04 06:26:12,"$93,135.00",$1.85T,$70.63B,19.95M BTC,0.13% (24h),81%,19%
2025-12-04 06:44:01,"$92,803.29",$1.85T,$69.97B,19.95M BTC,0.16% (24h),81%,19%
2025-12-04 06:58:53,"$92,935.58",$1.85T,$70.5B,19.95M BTC,0.1% (24h),81%,19%
2025-12-04 08:03:36,"$92,907.82",$1.85T,$70.09B,19.95M BTC,0.09% (24h),81%,19%
2025-12-04 08:50:06,"$92,485.98",$1.84T,$70.35B,19.95M BTC,0.77% (24h),81%,19%
2025-12-04 09:03:17,"$92,587.65",$1.84T,$70.46B,19.95M BTC,0.4% (24h),81%,19%
2025-12-04 09:38:54,"$92,617.06",$1.84T,$67.85B,19.95M BTC,0.14% (24h),81%,19%
2025-12-04 09:57:17,"$91,963.77",$1.83T,$66.97B,19.95M BTC,0.73% (24h),81%,19%
2025-12-04 10:33:01,"$92,544.84",$1.84T,$66.51B,19.95M BTC,0.19% (24h),81%,19%
2025-12-04 10:55:05,"$92,977.95",$1.85T,$66.87B,19.95M BTC,0.53% (24h),81%,19%
2025-12-04 11:38:34,"$92,708.90",$1.85T,$66.21B,19.95M BTC,0.04% (24h),81%,19%
2025-12-04 12:01:27,"$92,504.11",$1.84T,$66.67B,19.95M BTC,0.23% (24h),81%,19%
2025-12-04 12:34:47,"$92,052.86",$1.83T,$66.36B,19.95M BTC,0.61% (24h),81%,19%
2025-12-04 12:53:40,"$92,280.74",$1.84T,$66.16B,19.95M BTC,0.7% (24h),81%,19%
2025-12-04 13:41:17,"$92,129.21",$1.83T,$66.45B,19.95M BTC,1.03% (24h),81%,19%
2025-12-04 14:02:03,"$92,151.35",$1.83T,$66B,19.95M BTC,0.58% (24h),81%,19%
2025-12-04 14:28:46,"$91,365.31",$1.82T,$66.23B,19.95M BTC,1.48% (24h),81%,19%
2025-12-04 14:45:13,"$91,956.31",$1.83T,$65.68B,19.95M BTC,0.9% (24h),81%,19%
2025-12-04 14:59:12,"$92,025.77",$1.83T,$68.36B,19.95M BTC,1.06% (24h),81%,19%
2025-12-04 15:34:58,"$92,172.65",$1.83T,$68.46B,19.95M BTC,0.96% (24h),81%,19%
2025-12-04 15:54:24,"$92,481.94",$1.84T,$67.99B,19.95M BTC,0.88% (24h),81%,19%
2025-12-04 16:26:07,"$92,393.87",$1.84T,$67.86B,19.95M BTC,0.92% (24h),81%,19%
2025-12-04 16:44:29,"$92,266.60",$1.84T,$68.01B,19.95M BTC,1.3% (24h),81%,19%
2025-12-04 16:59:37,"$92,172.44",$1.83T,$67.72B,19.95M BTC,1.6% (24h),81%,19%
2025-12-04 17:29:01,"$92,225.69",$1.84T,$67.05B,19.95M BTC,1.27% (24h),81%,19%
2025-12-04 17:46:36,"$92,483.82",$1.84T,$66.51B,19.95M BTC,1.31% (24h),81%,19%
2025-12-04 17:59:26,"$92,408.19",$1.84T,$65.9B,19.95M BTC,1.5% (24h),81%,19%
2025-12-04 18:28:51,"$92,239.90",$1.84T,$64.7B,19.95M BTC,1.56% (24h),81%,19%
2025-12-04 18:44:34,"$92,134.50",$1.83T,$64.89B,19.95M BTC,1.52% (24h),81%,19%
2025-12-04 18:59:58,"$92,133.25",$1.83T,$64.53B,19.95M BTC,1.41% (24h),81%,19%
2025-12-04 21:11:54,"$92,285.77",$1.84T,$61.84B,19.95M BTC,1.3% (24h),81%,19%
2025-12-04 22:37:27,"$92,438.82",$1.84T,$60.6B,19.95M BTC,1.17% (24h),81%,19%
2025-12-04 23:07:04,"$92,307.86",$1.84T,$60.21B,19.95M BTC,1.18% (24h),81%,19%
2025-12-04 23:43:35,"$91,986.39",$1.83T,$60.57B,19.95M BTC,1.54% (24h),81%,19%
2025-12-05 00:51:44,"$91,963.57",$1.83T,$60.24B,19.95M BTC,0.99% (24h),81%,19%
2025-12-05 01:22:06,"$92,032.17",$1.83T,$59.34B,19.95M BTC,1.14% (24h),81%,19%
2025-12-05 01:56:23,"$92,244.56",$1.84T,$58.47B,19.95M BTC,0.96% (24h),81%,19%
2025-12-05 02:27:32,"$92,471.27",$1.84T,$58.2B,19.95M BTC,0.73% (24h),81%,19%
2025-12-05 02:44:15,"$92,342.99",$1.84T,$58.09B,19.95M BTC,1.01% (24h),81%,19%
2025-12-05 02:59:13,"$92,246.06",$1.84T,$57.02B,19.95M BTC,1.23% (24h),81%,19%
2025-12-05 03:39:20,"$92,062.08",$1.83T,$57.48B,19.95M BTC,1.28% (24h),81%,19%
2025-12-05 03:58:53,"$92,108.83",$1.83T,$57.35B,19.95M BTC,1.18% (24h),81%,19%
2025-12-05 04:33:05,"$91,335.48",$1.82T,$57.11B,19.95M BTC,2.23% (24h),81%,19%
2025-12-05 04:51:59,"$91,116.56",$1.81T,$58.02B,19.95M BTC,2.54% (24h),81%,19%
2025-12-05 05:16:35,"$91,305.10",$1.82T,$58.36B,19.95M BTC,2.22% (24h),81%,19%
2025-12-05 05:44:49,"$91,481.36",$1.82T,$58.59B,19.95M BTC,1.97% (24h),81%,19%
2025-12-05 05:59:07,"$91,353.81",$1.82T,$58.56B,19.95M BTC,2.04% (24h),81%,19%
2025-12-05 06:27:29,"$91,407.48",$1.82T,$58.54B,19.95M BTC,1.74% (24h),81%,19%
2025-12-05 06:43:33,"$91,240.70",$1.82T,$58.05B,19.95M BTC,1.67% (24h),81%,19%
2025-12-05 07:01:23,"$91,338.07",$1.82T,$58.2B,19.95M BTC,1.75% (24h),81%,19%
2025-12-05 08:00:23,"$91,254.16",$1.82T,$58.06B,19.95M BTC,1.87% (24h),81%,19%
2025-12-05 08:41:13,"$90,599.90",$1.8T,$57.62B,19.95M BTC,2.38% (24h),81%,19%
2025-12-05 08:57:21,"$90,639.36",$1.8T,$58.5B,19.95M BTC,2.13% (24h),81%,19%
2025-12-05 09:28:10,"$90,492.79",$1.8T,$58.7B,19.95M BTC,2.49% (24h),81%,19%
2025-12-05 09:48:44,"$90,134.96",$1.79T,$58.94B,19.95M BTC,2.61% (24h),81%,19%
2025-12-05 10:01:20,"$90,503.80",$1.8T,$58.46B,19.95M BTC,1.64% (24h),81%,19%
2025-12-05 10:34:50,"$91,368.46",$1.82T,$59.68B,19.95M BTC,1.22% (24h),81%,19%
2025-12-05 10:53:27,"$90,691.07",$1.8T,$59.13B,19.95M BTC,2.31% (24h),81%,19%
2025-12-05 11:36:05,"$88,945.87",$1.77T,$60.98B,19.95M BTC,4.17% (24h),81%,19%
2025-12-05 11:57:34,"$88,870.26",$1.77T,$62.31B,19.95M BTC,3.75% (24h),81%,19%
2025-12-05 12:27:13,"$88,767.95",$1.77T,$63.55B,19.95M BTC,3.73% (24h),81%,19%
2025-12-05 12:46:20,"$89,066.01",$1.77T,$63.83B,19.95M BTC,3.16% (24h),81%,19%
2025-12-05 12:59:28,"$89,359.99",$1.78T,$63.83B,19.95M BTC,3.31% (24h),81%,19%
2025-12-05 13:40:23,"$89,269.86",$1.78T,$64.25B,19.95M BTC,3.44% (24h),81%,19%
2025-12-05 13:57:26,"$89,078.91",$1.77T,$64.04B,19.95M BTC,3.22% (24h),81%,19%
2025-12-05 14:23:17,"$89,351.02",$1.78T,$63.96B,19.95M BTC,1.95% (24h),81%,19%
2025-12-05 14:41:21,"$89,596.14",$1.78T,$63.17B,19.95M BTC,2.52% (24h),81%,19%
2025-12-05 14:53:47,"$89,572.49",$1.78T,$62.8B,19.95M BTC,2.62% (24h),81%,19%
2025-12-05 15:30:15,"$89,593.02",$1.78T,$63.3B,19.95M BTC,2.7% (24h),81%,19%
2025-12-05 15:48:23,"$89,274.44",$1.78T,$63.19B,19.95M BTC,3.3% (24h),81%,19%
2025-12-05 16:00:14,"$89,314.91",$1.78T,$63.63B,19.95M BTC,3.45% (24h),81%,19%
2025-12-05 16:28:27,"$89,436.59",$1.78T,$63.22B,19.95M BTC,3.22% (24h),81%,19%
2025-12-05 16:44:48,"$89,303.22",$1.78T,$63.62B,19.95M BTC,3.22% (24h),81%,19%
2025-12-05 16:59:00,"$89,189.10",$1.78T,$63.7B,19.95M BTC,3.23% (24h),81%,19%
2025-12-05 17:29:09,"$89,201.35",$1.78T,$63.85B,19.95M BTC,3.26% (24h),81%,19%
2025-12-05 17:45:45,"$89,319.51",$1.78T,$63.78B,19.95M BTC,3.39% (24h),81%,19%
2025-12-05 17:59:29,"$89,278.79",$1.78T,$63.58B,19.95M BTC,3.39% (24h),81%,19%
2025-12-05 18:28:58,"$89,258.02",$1.78T,$63.34B,19.95M BTC,3.23% (24h),81%,19%
2025-12-05 18:43:36,"$89,318.34",$1.78T,$63.54B,19.95M BTC,3.07% (24h),81%,19%
2025-12-05 18:58:55,"$89,390.45",$1.78T,$63.25B,19.95M BTC,2.99% (24h),81%,19%
2025-12-05 21:05:19,"$89,294.54",$1.78T,$62.68B,19.95M BTC,3.29% (24h),81%,19%
2025-12-05 22:19:10,"$89,740.63",$1.79T,$62.4B,19.95M BTC,3.04% (24h),81%,19%
2025-12-05 22:52:30,"$89,738.80",$1.79T,$62.82B,19.95M BTC,2.82% (24h),81%,19%
2025-12-05 23:30:08,"$89,644.36",$1.78T,$62.29B,19.95M BTC,2.79% (24h),81%,19%
2025-12-05 23:48:01,"$89,622.25",$1.78T,$62.13B,19.95M BTC,2.43% (24h),81%,19%
2025-12-06 00:00:14,"$89,688.78",$1.79T,$61.66B,19.95M BTC,2.55% (24h),81%,19%
2025-12-06 00:30:27,"$89,632.42",$1.78T,$61.45B,19.95M BTC,2.56% (24h),81%,19%
2025-12-06 00:46:40,"$89,574.72",$1.78T,$61.43B,19.95M BTC,2.67% (24h),81%,19%
2025-12-06 00:59:46,"$89,628.71",$1.78T,$61.4B,19.95M BTC,2.51% (24h),81%,19%
2025-12-06 01:40:52,"$89,712.22",$1.79T,$61.32B,19.95M BTC,2.55% (24h),81%,19%
2025-12-06 01:56:46,"$89,693.12",$1.79T,$61.19B,19.95M BTC,2.75% (24h),81%,19%
2025-12-06 02:24:11,"$89,708.43",$1.79T,$61B,19.95M BTC,2.93% (24h),81%,19%
2025-12-06 02:41:34,"$89,652.12",$1.78T,$61.02B,19.95M BTC,2.96% (24h),81%,19%
2025-12-06 02:53:58,"$89,617.54",$1.78T,$60.8B,19.95M BTC,2.86% (24h),81%,19%
2025-12-06 03:32:18,"$89,327.96",$1.78T,$60.67B,19.95M BTC,3% (24h),81%,19%
2025-12-06 03:54:13,"$89,332.41",$1.78T,$61.11B,19.95M BTC,2.99% (24h),81%,19%
2025-12-06 04:25:45,"$89,562.21",$1.78T,$60.77B,19.95M BTC,2.06% (24h),81%,19%
2025-12-06 04:43:05,"$89,658.01",$1.78T,$60.06B,19.95M BTC,1.7% (24h),81%,19%
2025-12-06 04:59:00,"$89,629.81",$1.78T,$59.94B,19.95M BTC,1.61% (24h),81%,19%
2025-12-06 05:30:20,"$89,563.34",$1.78T,$59.32B,19.95M BTC,1.99% (24h),81%,19%
2025-12-06 05:46:58,"$89,575.96",$1.78T,$59.25B,19.95M BTC,2.05% (24h),81%,19%
2025-12-06 05:59:08,"$89,556.55",$1.78T,$59.05B,19.95M BTC,1.96% (24h),81%,19%
2025-12-06 06:24:12,"$89,594.41",$1.78T,$58.64B,19.95M BTC,2.06% (24h),81%,19%
2025-12-06 06:40:57,"$89,614.62",$1.78T,$59.03B,19.95M BTC,1.78% (24h),81%,19%
2025-12-06 06:54:12,"$89,685.29",$1.78T,$59.22B,19.95M BTC,1.82% (24h),81%,19%
2025-12-06 07:49:55,"$89,634.53",$1.78T,$58.68B,19.95M BTC,1.75% (24h),81%,19%
2025-12-06 08:20:30,"$89,643.45",$1.78T,$57.99B,19.95M BTC,1.59% (24h),81%,19%
2025-12-06 08:41:45,"$89,751.73",$1.79T,$57.52B,19.95M BTC,0.92% (24h),81%,19%
2025-12-06 08:53:45,"$89,754.42",$1.79T,$57.02B,19.95M BTC,0.99% (24h),81%,19%
2025-12-06 09:22:43,"$90,037.44",$1.79T,$56.03B,19.95M BTC,0.39% (24h),81%,19%
2025-12-06 09:43:30,"$90,079.08",$1.79T,$56.1B,19.95M BTC,0.2% (24h),81%,19%
2025-12-06 09:58:59,"$90,054.33",$1.79T,$55.53B,19.95M BTC,0.25% (24h),81%,19%
2025-12-06 10:27:36,"$89,599.29",$1.78T,$53.33B,19.95M BTC,1.67% (24h),81%,19%
2025-12-06 10:42:52,"$89,881.54",$1.79T,$52.83B,19.95M BTC,1.2% (24h),81%,19%
2025-12-06 10:58:59,"$89,891.59",$1.79T,$52.55B,19.95M BTC,0.52% (24h),81%,19%
2025-12-06 11:34:10,"$89,870.23",$1.79T,$48.94B,19.95M BTC,1.04% (24h),81%,19%
2025-12-06 11:53:09,"$89,728.60",$1.79T,$47.34B,19.95M BTC,1.1% (24h),81%,19%
2025-12-06 12:21:52,"$89,682.99",$1.78T,$45.43B,19.95M BTC,0.75% (24h),81%,19%
2025-12-06 12:38:17,"$89,725.18",$1.79T,$45.02B,19.95M BTC,0.97% (24h),81%,19%
2025-12-06 12:50:19,"$89,680.55",$1.78T,$44.53B,19.95M BTC,0.52% (24h),81%,19%
2025-12-06 13:13:48,"$89,708.19",$1.79T,$43.54B,19.95M BTC,0% (24h),81%,19%
2025-12-06 13:45:04,"$89,690.03",$1.79T,$42.77B,19.95M BTC,0.65% (24h),81%,19%
2025-12-06 13:58:40,"$89,658.79",$1.78T,$42.46B,19.95M BTC,0.65% (24h),81%,19%
2025-12-06 14:22:43,"$89,553.69",$1.78T,$42.16B,19.95M BTC,0.14% (24h),81%,19%
2025-12-06 14:40:47,"$89,410.24",$1.78T,$41.45B,19.95M BTC,0.14% (24h),81%,19%
2025-12-06 14:53:18,"$89,459.71",$1.78T,$41.59B,19.95M BTC,0.14% (24h),81%,19%
2025-12-06 15:28:53,"$89,464.99",$1.78T,$40.39B,19.95M BTC,0.15% (24h),81%,19%
2025-12-06 15:44:44,"$89,545.32",$1.78T,$40.08B,19.95M BTC,0.2% (24h),81%,19%
2025-12-06 15:59:16,"$89,564.93",$1.78T,$39.82B,19.95M BTC,0.27% (24h),81%,19%
2025-12-06 16:26:26,"$89,462.07",$1.78T,$39.1B,19.95M BTC,0.04% (24h),81%,19%
2025-12-06 16:41:26,"$89,524.46",$1.78T,$38.82B,19.95M BTC,0.27% (24h),81%,19%
2025-12-06 16:54:36,"$89,478.83",$1.78T,$38.53B,19.95M BTC,0.38% (24h),81%,19%
2025-12-06 17:24:27,"$89,522.86",$1.78T,$37.98B,19.95M BTC,0.35% (24h),81%,19%
2025-12-06 17:44:33,"$89,383.71",$1.78T,$37.8B,19.95M BTC,0.07% (24h),81%,19%
2025-12-06 17:59:49,"$89,309.90",$1.78T,$37.71B,19.95M BTC,0.01% (24h),81%,19%
2025-12-06 18:27:29,"$88,985.35",$1.77T,$37.78B,19.95M BTC,0.21% (24h),81%,19%
2025-12-06 18:43:02,"$89,137.31",$1.77T,$37.47B,19.95M BTC,0.21% (24h),81%,19%
2025-12-06 18:59:13,"$89,271.35",$1.78T,$37.99B,19.95M BTC,0.13% (24h),81%,19%
2025-12-06 21:27:12,"$89,500.37",$1.78T,$37.03B,19.95M BTC,0.25% (24h),81%,19%
2025-12-06 22:47:47,"$89,731.93",$1.79T,$35.85B,19.95M BTC,0.04% (24h),81%,19%
2025-12-06 23:24:08,"$89,703.09",$1.79T,$35.2B,19.95M BTC,0.08% (24h),81%,19%
2025-12-06 23:53:20,"$89,572.74",$1.78T,$36.04B,19.95M BTC,0.09% (24h),81%,19%
2025-12-07 00:25:09,"$89,473.26",$1.78T,$35.98B,19.95M BTC,0.22% (24h),81%,19%
2025-12-07 00:43:21,"$89,541.70",$1.78T,$35.95B,19.95M BTC,0.04% (24h),81%,19%
2025-12-07 00:59:53,"$89,533.42",$1.78T,$35.91B,19.95M BTC,0.11% (24h),81%,19%
2025-12-07 01:40:07,"$89,693.24",$1.79T,$35.96B,19.95M BTC,0.04% (24h),81%,19%
2025-12-07 01:55:50,"$89,661.36",$1.78T,$35.94B,19.95M BTC,0.06% (24h),81%,19%
2025-12-07 02:24:13,"$89,461.61",$1.78T,$35.92B,19.95M BTC,0.27% (24h),81%,19%
2025-12-07 02:41:23,"$89,289.43",$1.78T,$35.73B,19.95M BTC,0.39% (24h),81%,19%
2025-12-07 02:53:33,"$89,389.09",$1.78T,$35.85B,19.95M BTC,0.27% (24h),81%,19%
2025-12-07 03:31:46,"$89,362.92",$1.78T,$35.34B,19.95M BTC,0.03% (24h),81%,19%
2025-12-07 03:50:31,"$89,477.14",$1.78T,$35.29B,19.95M BTC,0.17% (24h),81%,19%
2025-12-07 04:10:30,"$89,383.79",$1.78T,$35.18B,19.95M BTC,0.02% (24h),81%,19%
2025-12-07 04:32:26,"$89,223.58",$1.78T,$34.92B,19.95M BTC,0.36% (24h),81%,19%
2025-12-07 04:49:22,"$89,178.74",$1.77T,$34.8B,19.95M BTC,0.54% (24h),81%,19%
2025-12-07 05:01:52,"$89,182.07",$1.77T,$34.65B,19.95M BTC,0.5% (24h),81%,19%
2025-12-07 05:31:02,"$89,236.38",$1.78T,$34.71B,19.95M BTC,0.36% (24h),81%,19%
2025-12-07 05:45:53,"$89,323.02",$1.78T,$34.87B,19.95M BTC,0.29% (24h),81%,19%
2025-12-07 05:59:25,"$89,301.90",$1.78T,$34.83B,19.95M BTC,0.28% (24h),81%,19%
2025-12-07 06:23:26,"$89,277.16",$1.78T,$35.04B,19.95M BTC,0.34% (24h),81%,19%
2025-12-07 06:41:26,"$89,269.96",$1.78T,$34.9B,19.95M BTC,0.38% (24h),81%,19%
2025-12-07 07:48:00,"$89,538.26",$1.78T,$34.31B,19.95M BTC,0.09% (24h),81%,19%
2025-12-07 08:18:07,"$89,372.65",$1.78T,$34.4B,19.95M BTC,0.29% (24h),81%,19%
2025-12-07 08:40:29,"$88,948.57",$1.77T,$34.83B,19.95M BTC,0.88% (24h),81%,19%
2025-12-07 08:52:22,"$89,054.19",$1.77T,$35.03B,19.95M BTC,0.78% (24h),81%,19%
2025-12-07 09:23:12,"$88,662.60",$1.76T,$34.41B,19.95M BTC,1.55% (24h),81%,19%
2025-12-07 09:43:57,"$88,207.60",$1.76T,$36.15B,19.95M BTC,2.08% (24h),81%,19%
2025-12-07 09:59:13,"$88,222.68",$1.76T,$36.29B,19.95M BTC,2.02% (24h),81%,19%
2025-12-07 10:27:07,"$88,827.91",$1.77T,$36.23B,19.95M BTC,0.85% (24h),81%,19%
2025-12-07 10:41:16,"$88,956.31",$1.77T,$37.01B,19.95M BTC,0.94% (24h),81%,19%
2025-12-07 10:54:13,"$89,100.81",$1.77T,$37.46B,19.95M BTC,0.88% (24h),81%,19%
2025-12-07 11:30:09,"$89,327.88",$1.78T,$38.9B,19.95M BTC,0.65% (24h),81%,19%
2025-12-07 11:48:14,"$89,466.89",$1.78T,$38.85B,19.95M BTC,0.42% (24h),81%,19%
2025-12-07 12:00:56,"$89,835.76",$1.79T,$38.93B,19.95M BTC,0.11% (24h),81%,19%
2025-12-07 12:26:47,"$90,606.06",$1.8T,$39.9B,19.95M BTC,0.93% (24h),81%,19%
2025-12-07 12:41:57,"$90,760.73",$1.81T,$41.32B,19.95M BTC,1.18% (24h),81%,19%
2025-12-07 12:59:29,"$90,996.49",$1.81T,$42.1B,19.95M BTC,1.43% (24h),81%,19%
2025-12-07 13:38:18,"$91,682.32",$1.82T,$43.62B,19.95M BTC,2.15% (24h),81%,19%
2025-12-07 13:54:26,"$91,420.43",$1.82T,$44.02B,19.95M BTC,2.02% (24h),81%,19%
2025-12-07 14:20:44,"$91,440.50",$1.82T,$43.88B,19.95M BTC,2.07% (24h),81%,19%
2025-12-07 14:33:16,"$91,396.72",$1.82T,$43.94B,19.95M BTC,2.28% (24h),81%,19%
2025-12-07 14:49:30,"$91,421.60",$1.82T,$43.56B,19.95M BTC,2.19% (24h),81%,19%
2025-12-07 15:01:44,"$91,424.32",$1.82T,$43.45B,19.95M BTC,2.19% (24h),81%,19%
2025-12-07 15:32:10,"$91,402.57",$1.82T,$43.8B,19.95M BTC,2.15% (24h),81%,19%
2025-12-07 15:49:35,"$91,485.55",$1.82T,$43.79B,19.95M BTC,2.16% (24h),81%,19%
2025-12-07 16:02:04,"$91,407.45",$1.82T,$43.88B,19.95M BTC,2.04% (24h),81%,19%
2025-12-07 16:27:36,"$90,881.69",$1.81T,$43.62B,19.95M BTC,1.57% (24h),81%,19%
2025-12-07 16:41:31,"$90,655.56",$1.8T,$44.09B,19.95M BTC,1.25% (24h),81%,19%
2025-12-07 16:54:20,"$90,067.38",$1.79T,$43.87B,19.95M BTC,0.64% (24h),81%,19%
2025-12-07 17:24:04,"$89,382.26",$1.78T,$45.74B,19.95M BTC,0.17% (24h),81%,19%
2025-12-07 17:44:05,"$90,022.53",$1.79T,$46.68B,19.95M BTC,0.69% (24h),81%,19%
2025-12-07 17:59:14,"$89,678.65",$1.78T,$47.12B,19.95M BTC,0.39% (24h),81%,19%
2025-12-07 18:26:29,"$89,989.49",$1.79T,$46.22B,19.95M BTC,1.1% (24h),81%,19%
2025-12-07 18:42:17,"$89,888.15",$1.79T,$47.3B,19.95M BTC,0.83% (24h),81%,19%
2025-12-07 18:59:30,"$90,444.17",$1.8T,$47.36B,19.95M BTC,1.3% (24h),81%,19%
2025-12-07 21:13:05,"$90,998.30",$1.81T,$50.38B,19.95M BTC,1.76% (24h),81%,19%
2025-12-07 22:42:27,"$91,019.04",$1.81T,$51.94B,19.95M BTC,1.47% (24h),81%,19%
2025-12-07 23:24:23,"$91,162.19",$1.81T,$52.25B,19.95M BTC,1.63% (24h),81%,19%
2025-12-07 23:56:21,"$91,231.32",$1.82T,$52.39B,19.95M BTC,1.85% (24h),81%,19%
2025-12-08 00:29:39,"$91,319.42",$1.82T,$52.47B,19.95M BTC,2.02% (24h),81%,19%
2025-12-08 00:49:42,"$91,367.06",$1.82T,$52.93B,19.95M BTC,2.06% (24h),81%,19%
2025-12-08 01:02:28,"$91,368.01",$1.82T,$52.87B,19.95M BTC,2.06% (24h),81%,19%
2025-12-08 01:52:02,"$91,606.44",$1.82T,$53.61B,19.95M BTC,2.15% (24h),81%,19%
2025-12-08 02:20:12,"$91,481.93",$1.82T,$53.77B,19.95M BTC,2.27% (24h),81%,19%
2025-12-08 02:41:50,"$91,800.88",$1.83T,$53.89B,19.95M BTC,2.81% (24h),81%,19%
2025-12-08 02:58:48,"$91,542.45",$1.82T,$54.21B,19.95M BTC,2.42% (24h),81%,19%
2025-12-08 03:43:04,"$91,770.45",$1.83T,$54.55B,19.95M BTC,2.5% (24h),81%,19%
2025-12-08 04:16:42,"$92,023.69",$1.83T,$55.07B,19.95M BTC,2.93% (24h),81%,19%
2025-12-08 04:59:56,"$91,930.73",$1.83T,$56.12B,19.95M BTC,3.11% (24h),81%,19%
2025-12-08 05:37:12,"$92,161.85",$1.83T,$56.3B,19.95M BTC,3.38% (24h),81%,19%
2025-12-08 05:55:46,"$92,151.03",$1.83T,$56.44B,19.95M BTC,3.12% (24h),81%,19%
2025-12-08 06:25:16,"$92,140.77",$1.83T,$56.31B,19.95M BTC,3.2% (24h),81%,19%
2025-12-08 06:44:13,"$91,950.62",$1.83T,$56.56B,19.95M BTC,3.01% (24h),81%,19%
2025-12-08 07:01:09,"$91,965.59",$1.83T,$56.71B,19.95M BTC,3.09% (24h),81%,19%
2025-12-08 08:01:48,"$91,798.33",$1.83T,$57.09B,19.95M BTC,2.56% (24h),81%,19%
2025-12-08 08:44:16,"$91,550.03",$1.82T,$57.62B,19.95M BTC,2.87% (24h),81%,19%
2025-12-08 09:00:28,"$91,457.21",$1.82T,$57.75B,19.95M BTC,2.67% (24h),81%,19%
2025-12-08 09:35:41,"$91,522.34",$1.82T,$57.11B,19.95M BTC,4.16% (24h),81%,19%
2025-12-08 09:55:41,"$91,279.03",$1.82T,$57.7B,19.95M BTC,3.54% (24h),81%,19%
2025-12-08 10:30:46,"$89,938.82",$1.79T,$58.47B,19.95M BTC,1.32% (24h),81%,19%
2025-12-08 10:48:55,"$89,854.36",$1.79T,$59.19B,19.95M BTC,0.96% (24h),81%,19%
2025-12-08 11:00:37,"$89,913.43",$1.79T,$59.54B,19.95M BTC,0.36% (24h),81%,19%
2025-12-08 11:40:50,"$90,373.31",$1.8T,$60.25B,19.95M BTC,0.97% (24h),81%,19%
2025-12-08 12:00:58,"$89,978.73",$1.79T,$60.58B,19.95M BTC,0.22% (24h),81%,19%
2025-12-08 12:31:46,"$90,059.20",$1.79T,$59.7B,19.95M BTC,0.96% (24h),81%,19%
2025-12-08 12:51:52,"$89,872.37",$1.79T,$59.08B,19.95M BTC,1.35% (24h),81%,19%
2025-12-08 13:21:48,"$90,484.82",$1.8T,$58.92B,19.95M BTC,1.05% (24h),81%,19%
2025-12-08 13:52:14,"$90,309.15",$1.8T,$58.31B,19.95M BTC,1.25% (24h),81%,19%
2025-12-08 14:12:08,"$90,027.62",$1.79T,$58.35B,19.95M BTC,1.59% (24h),81%,19%
2025-12-08 14:34:17,"$90,279.45",$1.8T,$58.8B,19.95M BTC,1.21% (24h),81%,19%
2025-12-08 14:49:36,"$90,164.65",$1.79T,$58.98B,19.95M BTC,1.37% (24h),81%,19%
2025-12-08 15:01:51,"$90,194.98",$1.8T,$58.97B,19.95M BTC,1.36% (24h),81%,19%
2025-12-08 15:35:40,"$90,426.67",$1.8T,$59.52B,19.95M BTC,1.05% (24h),81%,19%
2025-12-08 15:54:03,"$90,914.55",$1.81T,$59.59B,19.95M BTC,0.53% (24h),81%,19%
2025-12-08 16:42:34,"$91,130.18",$1.81T,$60.06B,19.95M BTC,0.55% (24h),81%,19%
2025-12-08 16:59:04,"$91,379.14",$1.82T,$60.39B,19.95M BTC,1.39% (24h),81%,19%
2025-12-08 17:30:13,"$90,961.05",$1.81T,$58.58B,19.95M BTC,1.4% (24h),81%,19%
2025-12-08 17:48:00,"$90,899.42",$1.81T,$58.34B,19.95M BTC,0.94% (24h),81%,19%
2025-12-08 18:00:30,"$90,878.33",$1.81T,$57.82B,19.95M BTC,1.39% (24h),81%,19%
2025-12-08 18:29:22,"$90,694.09",$1.81T,$57.49B,19.95M BTC,0.7% (24h),81%,19%
2025-12-08 18:44:34,"$90,662.37",$1.8T,$57.67B,19.95M BTC,0.83% (24h),81%,19%
2025-12-08 18:59:07,"$90,639.70",$1.8T,$57.39B,19.95M BTC,0.23% (24h),81%,19%
2025-12-08 21:12:04,"$90,179.18",$1.79T,$54.83B,19.95M BTC,0.9% (24h),81%,19%
2025-12-08 22:37:02,"$90,264.63",$1.8T,$55.28B,19.95M BTC,1.08% (24h),81%,19%
2025-12-08 23:06:48,"$90,437.05",$1.8T,$56.19B,19.95M BTC,0.71% (24h),81%,19%
2025-12-08 23:42:56,"$90,008.10",$1.79T,$56.01B,19.95M BTC,1.33% (24h),81%,19%
2025-12-09 00:00:38,"$89,931.69",$1.79T,$56.58B,19.95M BTC,1.49% (24h),81%,19%
2025-12-09 00:53:27,"$89,938.42",$1.79T,$56.39B,19.95M BTC,1.59% (24h),81%,19%
2025-12-09 02:01:37,"$90,156.86",$1.79T,$57.15B,19.95M BTC,1.4% (24h),81%,19%
2025-12-09 02:33:13,"$90,356.91",$1.8T,$56.76B,19.95M BTC,1.44% (24h),81%,19%
2025-12-09 02:51:31,"$90,480.67",$1.8T,$57.06B,19.95M BTC,1.22% (24h),81%,19%
2025-12-09 03:19:49,"$90,589.35",$1.8T,$57.18B,19.95M BTC,1.17% (24h),81%,19%
2025-12-09 03:49:42,"$90,575.99",$1.8T,$57.22B,19.95M BTC,1.36% (24h),81%,19%
2025-12-09 04:14:30,"$90,441.25",$1.8T,$56.9B,19.95M BTC,1.81% (24h),81%,19%
2025-12-09 04:42:44,"$90,189.54",$1.8T,$56.63B,19.95M BTC,2% (24h),81%,19%
2025-12-09 05:36:43,"$90,311.46",$1.8T,$55.99B,19.95M BTC,2% (24h),81%,19%
2025-12-09 05:56:01,"$90,199.09",$1.8T,$56.03B,19.95M BTC,2.1% (24h),81%,19%
2025-12-09 06:25:43,"$90,243.82",$1.8T,$56.2B,19.95M BTC,2.05% (24h),81%,19%
2025-12-09 06:44:29,"$90,279.75",$1.8T,$56.52B,19.95M BTC,1.79% (24h),81%,19%
2025-12-09 06:59:43,"$90,377.43",$1.8T,$56.53B,19.95M BTC,1.76% (24h),81%,19%
2025-12-09 08:03:48,"$90,530.59",$1.8T,$56.49B,19.95M BTC,1.37% (24h),81%,19%
2025-12-09 08:48:51,"$90,279.13",$1.8T,$54.96B,19.95M BTC,1.57% (24h),81%,19%
2025-12-09 09:02:12,"$90,546.12",$1.8T,$55.95B,19.95M BTC,0.95% (24h),81%,19%
2025-12-09 09:36:56,"$90,500.89",$1.8T,$55.3B,19.95M BTC,1.04% (24h),81%,19%
2025-12-09 09:56:39,"$90,311.67",$1.8T,$54.19B,19.95M BTC,1.05% (24h),81%,19%
2025-12-09 10:32:05,"$91,138.27",$1.81T,$54.45B,19.95M BTC,1.32% (24h),81%,19%
2025-12-09 10:52:40,"$92,715.17",$1.85T,$55.7B,19.95M BTC,3.14% (24h),81%,19%
2025-12-09 11:35:40,"$93,892.52",$1.87T,$59.64B,19.95M BTC,4% (24h),81%,19%
2025-12-09 11:59:11,"$94,301.13",$1.88T,$62.46B,19.95M BTC,4.81% (24h),81%,19%
2025-12-09 12:30:25,"$93,806.84",$1.87T,$64.23B,19.95M BTC,4.22% (24h),81%,19%
2025-12-09 12:48:56,"$93,954.76",$1.87T,$64.58B,19.95M BTC,4.54% (24h),81%,19%
2025-12-09 13:01:03,"$93,952.07",$1.87T,$64.58B,19.95M BTC,4.02% (24h),81%,19%
2025-12-09 13:41:34,"$93,966.55",$1.87T,$64.68B,19.95M BTC,4.03% (24h),81%,19%
2025-12-09 13:59:22,"$93,934.37",$1.87T,$65.35B,19.95M BTC,4.64% (24h),81%,19%
2025-12-09 14:23:38,"$93,931.02",$1.87T,$65.3B,19.95M BTC,4.22% (24h),81%,19%
2025-12-09 14:42:16,"$93,951.00",$1.87T,$65.31B,19.95M BTC,4.24% (24h),81%,19%
2025-12-09 14:59:04,"$93,815.16",$1.87T,$65.38B,19.95M BTC,4.12% (24h),81%,19%
2025-12-09 15:30:38,"$93,041.98",$1.85T,$65.49B,19.95M BTC,2.83% (24h),81%,19%
2025-12-09 15:46:04,"$93,023.69",$1.85T,$65.95B,19.95M BTC,2.66% (24h),81%,19%
2025-12-09 15:58:52,"$93,108.20",$1.85T,$66.12B,19.95M BTC,2.6% (24h),81%,19%
2025-12-09 16:27:48,"$93,153.12",$1.85T,$66.15B,19.95M BTC,2.51% (24h),81%,19%
2025-12-09 16:44:36,"$92,753.51",$1.85T,$65.8B,19.95M BTC,1.78% (24h),81%,19%
2025-12-09 16:59:34,"$92,656.00",$1.84T,$65.78B,19.95M BTC,1.39% (24h),81%,19%
2025-12-09 17:34:17,"$92,708.47",$1.85T,$66.7B,19.95M BTC,1.83% (24h),81%,19%
2025-12-09 17:51:13,"$92,958.92",$1.85T,$67.01B,19.95M BTC,2.27% (24h),81%,19%
2025-12-09 18:01:40,"$92,757.17",$1.85T,$67.06B,19.95M BTC,2.02% (24h),81%,19%
2025-12-09 18:31:01,"$92,863.41",$1.85T,$66.87B,19.95M BTC,2.36% (24h),81%,19%
2025-12-09 18:44:14,"$92,958.65",$1.85T,$66.99B,19.95M BTC,2.53% (24h),81%,19%
2025-12-09 18:59:17,"$92,697.82",$1.85T,$66.54B,19.95M BTC,2.27% (24h),81%,19%
2025-12-09 21:19:43,"$92,372.48",$1.84T,$67.17B,19.95M BTC,2.36% (24h),81%,19%
2025-12-09 22:43:37,"$92,494.77",$1.84T,$66.44B,19.95M BTC,2.35% (24h),81%,19%
2025-12-09 23:23:38,"$92,490.29",$1.84T,$66.3B,19.95M BTC,2.28% (24h),81%,19%
2025-12-09 23:56:17,"$92,605.19",$1.84T,$66.02B,19.96M BTC,3% (24h),81%,19%
2025-12-10 00:28:32,"$92,612.97",$1.84T,$65.74B,19.96M BTC,3.06% (24h),81%,19%
2025-12-10 00:48:51,"$92,630.38",$1.84T,$65.35B,19.96M BTC,2.74% (24h),81%,19%
2025-12-10 01:01:41,"$92,598.17",$1.84T,$65.22B,19.96M BTC,2.97% (24h),81%,19%
2025-12-10 01:49:07,"$92,669.77",$1.84T,$65.19B,19.96M BTC,2.88% (24h),81%,19%
2025-12-10 02:14:56,"$92,619.77",$1.84T,$65.16B,19.96M BTC,2.73% (24h),81%,19%
2025-12-10 02:41:31,"$92,696.70",$1.85T,$65.05B,19.96M BTC,2.44% (24h),81%,19%
2025-12-10 02:54:28,"$92,712.45",$1.85T,$64.79B,19.96M BTC,2.41% (24h),81%,19%
2025-12-10 03:37:46,"$92,632.07",$1.84T,$64.82B,19.96M BTC,2.39% (24h),81%,19%
2025-12-10 04:00:51,"$92,632.98",$1.84T,$64.8B,19.96M BTC,2.36% (24h),81%,19%
2025-12-10 04:35:59,"$92,560.88",$1.84T,$64.95B,19.96M BTC,2.45% (24h),81%,19%
2025-12-10 04:54:40,"$92,838.75",$1.85T,$64.85B,19.96M BTC,2.92% (24h),81%,19%
2025-12-10 05:32:08,"$92,385.55",$1.84T,$66.01B,19.96M BTC,2.43% (24h),81%,19%
2025-12-10 05:57:12,"$92,376.65",$1.84T,$66.63B,19.96M BTC,2.41% (24h),81%,19%
2025-12-10 06:25:35,"$92,332.53",$1.84T,$67.01B,19.96M BTC,2.31% (24h),81%,19%
2025-12-10 06:43:53,"$92,025.48",$1.83T,$66.92B,19.96M BTC,1.95% (24h),81%,19%
2025-12-10 06:59:38,"$92,134.23",$1.83T,$67.84B,19.96M BTC,1.94% (24h),81%,19%
2025-12-10 08:03:51,"$92,058.18",$1.83T,$67.44B,19.96M BTC,1.66% (24h),81%,19%
2025-12-10 08:50:04,"$92,029.92",$1.83T,$67.43B,19.96M BTC,1.91% (24h),81%,19%
2025-12-10 09:13:12,"$92,020.36",$1.83T,$66.95B,19.96M BTC,1.78% (24h),81%,19%
2025-12-10 09:46:31,"$91,910.54",$1.83T,$67.01B,19.96M BTC,2% (24h),81%,19%
2025-12-10 10:03:14,"$91,908.89",$1.83T,$66.35B,19.96M BTC,0.78% (24h),81%,19%
2025-12-10 10:38:46,"$91,789.04",$1.83T,$65.53B,19.96M BTC,0.35% (24h),81%,19%
2025-12-10 10:58:43,"$92,005.27",$1.83T,$63.92B,19.96M BTC,0.76% (24h),81%,19%
2025-12-10 11:36:44,"$92,301.24",$1.84T,$60.94B,19.96M BTC,1.7% (24h),81%,19%
2025-12-10 12:00:57,"$92,146.67",$1.83T,$57.97B,19.96M BTC,2.16% (24h),81%,19%
2025-12-10 12:34:06,"$92,348.01",$1.84T,$56.64B,19.96M BTC,1.41% (24h),81%,19%
2025-12-10 12:54:15,"$92,442.47",$1.84T,$56.37B,19.96M BTC,1.62% (24h),81%,19%
2025-12-10 13:39:01,"$93,006.45",$1.85T,$55.12B,19.96M BTC,1% (24h),81%,19%
2025-12-10 13:59:49,"$92,427.37",$1.84T,$56.46B,19.96M BTC,1.6% (24h),81%,19%
2025-12-10 14:27:30,"$92,524.56",$1.84T,$58.49B,19.96M BTC,1.5% (24h),81%,19%
2025-12-10 14:43:21,"$92,624.42",$1.84T,$58.79B,19.96M BTC,1.35% (24h),81%,19%
2025-12-10 14:59:29,"$92,969.48",$1.85T,$60.79B,19.96M BTC,0.9% (24h),81%,19%
2025-12-10 15:36:32,"$93,636.24",$1.86T,$63.21B,19.96M BTC,0.73% (24h),81%,19%
2025-12-10 15:56:52,"$92,499.74",$1.84T,$62.91B,19.96M BTC,0.63% (24h),81%,19%
2025-12-10 16:29:51,"$92,433.84",$1.84T,$65.35B,19.96M BTC,0.74% (24h),81%,19%
2025-12-10 16:48:11,"$92,490.13",$1.84T,$65.91B,19.96M BTC,0.03% (24h),81%,19%
2025-12-10 17:00:00,"$92,383.38",$1.84T,$65.79B,19.96M BTC,0.33% (24h),81%,19%
2025-12-10 17:31:10,"$92,380.73",$1.84T,$65.69B,19.96M BTC,0.2% (24h),81%,19%
2025-12-10 17:50:14,"$92,475.81",$1.84T,$65.52B,19.96M BTC,0.52% (24h),81%,19%
2025-12-10 18:02:27,"$92,553.62",$1.84T,$65.49B,19.96M BTC,0.18% (24h),81%,19%
2025-12-10 18:30:30,"$92,168.02",$1.83T,$65.31B,19.96M BTC,0.77% (24h),81%,19%
2025-12-10 18:44:26,"$92,075.27",$1.83T,$65.27B,19.96M BTC,0.95% (24h),81%,19%
2025-12-10 18:59:07,"$92,011.30",$1.83T,$65.42B,19.96M BTC,0.73% (24h),81%,19%
2025-12-10 21:21:24,"$90,218.66",$1.8T,$66.71B,19.96M BTC,2.42% (24h),81%,19%
2025-12-10 22:46:08,"$89,812.52",$1.79T,$69.1B,19.96M BTC,2.83% (24h),81%,19%
2025-12-10 23:25:08,"$90,035.47",$1.79T,$69.69B,19.96M BTC,2.67% (24h),81%,19%
2025-12-10 23:58:17,"$90,473.11",$1.8T,$70.21B,19.96M BTC,2.27% (24h),81%,19%
2025-12-11 00:34:09,"$90,271.99",$1.8T,$70.45B,19.96M BTC,2.48% (24h),81%,19%
2025-12-11 00:54:15,"$90,330.17",$1.8T,$68.44B,19.96M BTC,2.42% (24h),81%,19%
2025-12-11 01:42:55,"$90,376.31",$1.8T,$70.77B,19.96M BTC,2.4% (24h),81%,19%
2025-12-11 02:14:56,"$90,234.08",$1.8T,$70.26B,19.96M BTC,2.56% (24h),81%,19%
2025-12-11 02:41:31,"$90,171.35",$1.79T,$70.67B,19.96M BTC,2.7% (24h),81%,19%
2025-12-11 02:53:50,"$90,264.31",$1.8T,$70.54B,19.96M BTC,2.64% (24h),81%,19%
2025-12-11 03:38:02,"$90,017.78",$1.79T,$70.25B,19.96M BTC,2.82% (24h),81%,19%
2025-12-11 04:00:10,"$90,202.34",$1.8T,$70.1B,19.96M BTC,2.62% (24h),81%,19%
2025-12-11 04:36:53,"$90,330.23",$1.8T,$70.66B,19.96M BTC,2.4% (24h),81%,19%
2025-12-11 04:54:43,"$90,381.06",$1.8T,$70.63B,19.96M BTC,2.61% (24h),81%,19%
2025-12-11 05:33:11,"$90,228.60",$1.8T,$69.55B,19.96M BTC,2.34% (24h),81%,19%
2025-12-11 05:57:00,"$90,324.76",$1.8T,$68.77B,19.96M BTC,2.17% (24h),81%,19%
2025-12-11 06:25:55,"$90,337.61",$1.8T,$68.37B,19.96M BTC,2.17% (24h),81%,19%
2025-12-11 06:44:15,"$90,279.27",$1.8T,$68.18B,19.96M BTC,1.9% (24h),81%,19%
2025-12-11 06:59:35,"$90,277.46",$1.8T,$67.53B,19.96M BTC,1.99% (24h),81%,19%
2025-12-11 08:05:06,"$90,083.28",$1.79T,$67.17B,19.96M BTC,2.07% (24h),81%,19%
2025-12-11 08:51:40,"$89,994.25",$1.79T,$67.13B,19.96M BTC,2.21% (24h),81%,19%
2025-12-11 09:18:36,"$90,226.25",$1.8T,$67.2B,19.96M BTC,1.94% (24h),81%,19%
2025-12-11 09:43:34,"$90,337.05",$1.8T,$66.61B,19.96M BTC,1.79% (24h),81%,19%
2025-12-11 10:04:35,"$89,734.13",$1.79T,$67.72B,19.96M BTC,2.43% (24h),81%,19%
2025-12-11 10:38:02,"$90,105.70",$1.79T,$67.05B,19.96M BTC,1.75% (24h),81%,19%
2025-12-11 10:57:08,"$89,863.08",$1.79T,$68.73B,19.96M BTC,2.26% (24h),81%,19%
2025-12-11 11:40:30,"$89,865.03",$1.79T,$68.9B,19.96M BTC,2.75% (24h),81%,19%
2025-12-11 12:05:57,"$89,833.31",$1.79T,$68.74B,19.96M BTC,2.53% (24h),81%,19%
2025-12-11 12:46:28,"$90,109.28",$1.79T,$68.94B,19.96M BTC,2.52% (24h),81%,19%
2025-12-11 13:01:29,"$89,954.42",$1.79T,$68.56B,19.96M BTC,2.6% (24h),81%,19%
2025-12-11 13:47:40,"$91,195.00",$1.82T,$68.63B,19.96M BTC,1.65% (24h),81%,19%
2025-12-11 14:11:29,"$90,758.05",$1.81T,$67.36B,19.96M BTC,2.26% (24h),81%,19%
2025-12-11 14:33:58,"$91,278.28",$1.82T,$66.28B,19.96M BTC,1.71% (24h),81%,19%
2025-12-11 14:50:14,"$91,395.52",$1.82T,$65.76B,19.96M BTC,1.44% (24h),81%,19%
2025-12-11 15:02:35,"$91,006.61",$1.81T,$65.14B,19.96M BTC,1.91% (24h),81%,19%
2025-12-11 15:36:05,"$91,325.39",$1.82T,$62.43B,19.96M BTC,2.56% (24h),81%,19%
2025-12-11 15:51:23,"$91,571.11",$1.82T,$62.25B,19.96M BTC,1.97% (24h),81%,19%
2025-12-11 16:15:15,"$92,483.56",$1.84T,$60.85B,19.96M BTC,0.17% (24h),81%,19%
2025-12-11 16:38:08,"$92,957.38",$1.85T,$61.69B,19.96M BTC,0.52% (24h),81%,19%
2025-12-11 16:51:34,"$92,997.27",$1.85T,$63.8B,19.96M BTC,0.43% (24h),81%,19%
2025-12-11 17:13:48,"$92,980.54",$1.85T,$64.19B,19.96M BTC,0.54% (24h),81%,19%
2025-12-11 17:42:05,"$92,386.08",$1.84T,$64.13B,19.96M BTC,0.12% (24h),81%,19%
2025-12-11 17:59:44,"$92,456.59",$1.84T,$63.89B,19.96M BTC,0.13% (24h),81%,19%
2025-12-11 18:30:05,"$92,530.91",$1.84T,$64.81B,19.96M BTC,0.37% (24h),81%,19%
2025-12-11 18:45:24,"$92,767.39",$1.85T,$64.72B,19.96M BTC,0.77% (24h),81%,19%
2025-12-11 18:59:28,"$92,508.81",$1.84T,$64.63B,19.96M BTC,0.54% (24h),81%,19%
2025-12-11 21:21:56,"$92,350.70",$1.84T,$62.31B,19.96M BTC,2.42% (24h),81%,19%
2025-12-11 22:45:28,"$92,375.21",$1.84T,$60.03B,19.96M BTC,2.82% (24h),81%,19%
2025-12-11 23:23:59,"$92,169.12",$1.83T,$59.41B,19.96M BTC,2.37% (24h),81%,19%
2025-12-11 23:56:05,"$92,445.07",$1.84T,$58.79B,19.96M BTC,2.25% (24h),81%,19%
2025-12-12 00:29:06,"$92,130.28",$1.83T,$57.33B,19.96M BTC,2.07% (24h),81%,19%
2025-12-12 00:49:34,"$92,474.24",$1.84T,$57.76B,19.96M BTC,2.4% (24h),81%,19%
2025-12-12 01:01:56,"$92,441.82",$1.84T,$57.9B,19.96M BTC,2.33% (24h),81%,19%
2025-12-12 01:49:05,"$92,491.85",$1.84T,$58.34B,19.96M BTC,2.38% (24h),81%,19%
2025-12-12 02:16:54,"$92,519.97",$1.84T,$59.11B,19.96M BTC,2.47% (24h),81%,19%
2025-12-12 02:40:31,"$92,305.77",$1.84T,$59.6B,19.96M BTC,2.36% (24h),81%,19%
2025-12-12 02:54:02,"$92,450.54",$1.84T,$60.38B,19.96M BTC,2.41% (24h),81%,19%
2025-12-12 03:38:06,"$92,243.86",$1.84T,$61.94B,19.96M BTC,2.47% (24h),81%,19%
2025-12-12 04:01:20,"$92,337.92",$1.84T,$62.39B,19.96M BTC,2.38% (24h),81%,19%
2025-12-12 04:35:44,"$92,211.39",$1.84T,$62.81B,19.96M BTC,1.98% (24h),81%,19%
2025-12-12 04:54:34,"$92,408.11",$1.84T,$62.98B,19.96M BTC,2.25% (24h),81%,19%
2025-12-12 05:30:55,"$92,474.66",$1.84T,$64.26B,19.96M BTC,2.42% (24h),81%,19%
2025-12-12 05:52:23,"$92,544.61",$1.84T,$64.67B,19.96M BTC,2.48% (24h),81%,19%
2025-12-12 06:26:49,"$92,385.71",$1.84T,$65.41B,19.96M BTC,2.28% (24h),81%,19%
2025-12-12 06:45:00,"$92,392.38",$1.84T,$66.08B,19.96M BTC,2.34% (24h),81%,19%
2025-12-12 06:59:40,"$92,399.00",$1.84T,$66.46B,19.96M BTC,2.35% (24h),81%,19%
2025-12-12 08:02:31,"$92,416.22",$1.84T,$66.38B,19.96M BTC,2.56% (24h),81%,19%
2025-12-12 08:47:51,"$92,300.68",$1.84T,$68.67B,19.96M BTC,2.5% (24h),81%,19%
2025-12-12 09:01:44,"$92,316.19",$1.84T,$68.73B,19.96M BTC,2.44% (24h),81%,19%
2025-12-12 09:30:46,"$92,046.16",$1.83T,$69.59B,19.96M BTC,2.08% (24h),81%,19%
2025-12-12 09:46:55,"$92,536.51",$1.84T,$70.07B,19.96M BTC,2.5% (24h),81%,19%
2025-12-12 09:59:08,"$92,569.35",$1.84T,$69.83B,19.96M BTC,3.31% (24h),81%,19%
2025-12-12 10:33:49,"$90,817.64",$1.81T,$70.31B,19.96M BTC,0.7% (24h),81%,19%
2025-12-12 10:55:06,"$90,287.24",$1.8T,$72.79B,19.96M BTC,0.55% (24h),81%,19%
2025-12-12 11:34:50,"$89,940.14",$1.79T,$75.09B,19.96M BTC,0.4% (24h),81%,19%
2025-12-12 11:54:33,"$89,917.28",$1.79T,$76.36B,19.96M BTC,0.11% (24h),81%,19%
2025-12-12 12:26:19,"$90,149.21",$1.79T,$78.52B,19.96M BTC,0% (24h),81%,19%
2025-12-12 12:46:41,"$90,224.89",$1.8T,$79.92B,19.96M BTC,0.13% (24h),81%,19%
2025-12-12 12:59:31,"$90,058.01",$1.79T,$79.74B,19.96M BTC,0.07% (24h),81%,19%
2025-12-12 13:44:39,"$90,481.86",$1.8T,$82.07B,19.96M BTC,0.55% (24h),81%,19%
2025-12-12 14:02:40,"$90,173.33",$1.79T,$81.2B,19.96M BTC,0.8% (24h),81%,19%
2025-12-12 14:28:59,"$90,203.12",$1.8T,$82.19B,19.96M BTC,0.93% (24h),81%,19%
2025-12-12 14:44:43,"$90,156.24",$1.79T,$82.42B,19.96M BTC,1.31% (24h),81%,19%
2025-12-12 14:59:24,"$90,211.52",$1.8T,$82.23B,19.96M BTC,0.68% (24h),81%,19%
2025-12-12 15:33:57,"$89,986.92",$1.79T,$80.97B,19.96M BTC,1.31% (24h),81%,19%
2025-12-12 15:54:16,"$90,304.85",$1.8T,$82.48B,19.96M BTC,1.46% (24h),81%,19%
2025-12-12 16:25:37,"$90,170.93",$1.79T,$81.77B,19.96M BTC,2.89% (24h),81%,19%
2025-12-12 16:42:05,"$90,273.33",$1.8T,$81.39B,19.96M BTC,2.96% (24h),81%,19%
2025-12-12 16:59:00,"$90,242.98",$1.8T,$80.97B,19.96M BTC,2.94% (24h),81%,19%
2025-12-12 17:31:09,"$90,347.66",$1.8T,$80.43B,19.96M BTC,2.12% (24h),81%,19%
2025-12-12 17:48:25,"$90,306.01",$1.8T,$80.41B,19.96M BTC,2.08% (24h),81%,19%
2025-12-12 18:01:34,"$90,357.41",$1.8T,$80.27B,19.96M BTC,2.43% (24h),81%,19%
2025-12-12 18:29:15,"$90,343.48",$1.8T,$80.48B,19.96M BTC,2.35% (24h),81%,19%
2025-12-12 18:45:07,"$90,376.65",$1.8T,$80.36B,19.96M BTC,2.56% (24h),81%,19%
2025-12-12 18:59:38,"$90,269.02",$1.8T,$80.55B,19.96M BTC,2.42% (24h),81%,19%
2025-12-12 21:08:38,"$90,330.75",$1.8T,$80.89B,19.96M BTC,1.85% (24h),81%,19%
2025-12-12 22:33:29,"$90,341.00",$1.8T,$81.63B,19.96M BTC,2.08% (24h),81%,19%
2025-12-12 23:04:03,"$90,347.44",$1.8T,$81.98B,19.96M BTC,2.1% (24h),81%,19%
2025-12-12 23:41:10,"$90,403.19",$1.8T,$82.23B,19.96M BTC,2% (24h),81%,19%
2025-12-12 23:56:49,"$90,392.82",$1.8T,$82.36B,19.96M BTC,2.21% (24h),81%,19%
2025-12-13 00:27:57,"$90,354.47",$1.8T,$82.86B,19.96M BTC,1.95% (24h),81%,19%
2025-12-13 00:47:16,"$90,321.49",$1.8T,$82.92B,19.96M BTC,2.23% (24h),81%,19%
2025-12-13 00:59:00,"$90,353.77",$1.8T,$83.11B,19.96M BTC,2.27% (24h),81%,19%
2025-12-13 01:42:16,"$90,342.22",$1.8T,$83.07B,19.96M BTC,2.4% (24h),81%,19%
2025-12-13 02:01:30,"$90,363.06",$1.8T,$83.07B,19.96M BTC,2.32% (24h),81%,19%
2025-12-13 02:31:07,"$90,391.19",$1.8T,$82.71B,19.96M BTC,2.21% (24h),81%,19%
2025-12-13 02:44:56,"$90,367.44",$1.8T,$82.53B,19.96M BTC,2.22% (24h),81%,19%
2025-12-13 02:59:12,"$90,338.34",$1.8T,$82.42B,19.96M BTC,2.28% (24h),81%,19%
2025-12-13 03:36:08,"$90,473.40",$1.8T,$82.19B,19.96M BTC,1.94% (24h),81%,19%
2025-12-13 03:55:07,"$90,512.97",$1.8T,$82.12B,19.96M BTC,1.93% (24h),81%,19%
2025-12-13 04:26:47,"$90,466.73",$1.8T,$81.86B,19.96M BTC,1.98% (24h),81%,19%
2025-12-13 04:43:12,"$90,480.01",$1.8T,$81.73B,19.96M BTC,1.83% (24h),81%,19%
2025-12-13 04:59:23,"$90,407.59",$1.8T,$81.71B,19.96M BTC,2.3% (24h),81%,19%
2025-12-13 05:31:12,"$90,515.08",$1.8T,$81.37B,19.96M BTC,2.12% (24h),81%,19%
2025-12-13 05:48:06,"$90,597.94",$1.8T,$81.65B,19.96M BTC,1.99% (24h),81%,19%
2025-12-13 05:59:48,"$90,583.20",$1.8T,$81.51B,19.96M BTC,2.11% (24h),81%,19%
2025-12-13 06:24:54,"$90,488.95",$1.8T,$81.72B,19.96M BTC,2% (24h),81%,19%
2025-12-13 06:41:26,"$90,412.22",$1.8T,$81.73B,19.96M BTC,2.07% (24h),81%,19%
2025-12-13 06:53:35,"$90,402.16",$1.8T,$81.74B,19.96M BTC,2.14% (24h),81%,19%
2025-12-13 07:50:35,"$90,344.02",$1.8T,$81.49B,19.96M BTC,2.04% (24h),81%,19%
2025-12-13 08:21:42,"$90,468.26",$1.8T,$81.24B,19.96M BTC,2.2% (24h),81%,19%
2025-12-13 08:43:32,"$90,294.71",$1.8T,$81.27B,19.96M BTC,2.22% (24h),81%,19%
2025-12-13 08:59:16,"$90,269.70",$1.8T,$81.29B,19.96M BTC,2.22% (24h),81%,19%
2025-12-13 09:27:48,"$90,094.40",$1.79T,$80.93B,19.96M BTC,2.24% (24h),81%,19%
2025-12-13 09:44:45,"$90,203.66",$1.8T,$80.62B,19.96M BTC,2.44% (24h),81%,19%
2025-12-13 09:59:18,"$90,117.63",$1.79T,$80.07B,19.96M BTC,2.66% (24h),81%,19%
2025-12-13 10:28:17,"$90,147.13",$1.79T,$78.79B,19.96M BTC,1.24% (24h),81%,19%
2025-12-13 10:44:34,"$90,120.43",$1.79T,$76.89B,19.96M BTC,0.34% (24h),81%,19%
2025-12-13 10:59:18,"$90,119.03",$1.79T,$75.52B,19.96M BTC,0.33% (24h),81%,19%
2025-12-13 11:35:27,"$90,077.58",$1.79T,$72.5B,19.96M BTC,0.17% (24h),81%,19%
2025-12-13 11:54:23,"$90,133.00",$1.79T,$71.24B,19.96M BTC,0.14% (24h),81%,19%
2025-12-13 12:22:54,"$90,061.85",$1.79T,$69.9B,19.96M BTC,0.3% (24h),81%,19%
2025-12-13 12:42:31,"$90,095.09",$1.79T,$69.22B,19.96M BTC,0.06% (24h),81%,19%
2025-12-13 12:59:28,"$90,079.75",$1.79T,$68.91B,19.96M BTC,0.02% (24h),81%,19%
2025-12-13 13:38:17,"$90,164.62",$1.79T,$67.43B,19.96M BTC,0.45% (24h),81%,19%
2025-12-13 13:54:17,"$90,131.59",$1.79T,$67.06B,19.96M BTC,0.48% (24h),81%,19%
2025-12-13 14:20:34,"$90,170.84",$1.79T,$66.17B,19.96M BTC,0.03% (24h),81%,19%
2025-12-13 14:33:39,"$90,210.32",$1.8T,$65.99B,19.96M BTC,0.02% (24h),81%,19%
2025-12-13 14:49:34,"$90,241.95",$1.8T,$66B,19.96M BTC,0.09% (24h),81%,19%
2025-12-13 15:02:46,"$90,236.31",$1.8T,$65.88B,19.96M BTC,0.05% (24h),81%,19%
2025-12-13 15:32:23,"$90,152.69",$1.79T,$65.37B,19.96M BTC,0.13% (24h),81%,19%
2025-12-13 15:50:13,"$90,183.60",$1.8T,$65.17B,19.96M BTC,0.05% (24h),81%,19%
2025-12-13 16:02:41,"$90,104.92",$1.79T,$64.78B,19.96M BTC,0.15% (24h),81%,19%
2025-12-13 16:29:18,"$89,982.64",$1.79T,$64.71B,19.96M BTC,0.23% (24h),81%,19%
2025-12-13 16:43:16,"$90,055.19",$1.79T,$64.48B,19.96M BTC,0.24% (24h),81%,19%
2025-12-13 16:59:01,"$90,177.22",$1.8T,$64.75B,19.96M BTC,0.07% (24h),81%,19%
2025-12-13 17:28:48,"$90,114.61",$1.79T,$64.75B,19.96M BTC,0.26% (24h),81%,19%
2025-12-13 17:46:01,"$90,184.40",$1.8T,$64.59B,19.96M BTC,0.17% (24h),81%,19%
2025-12-13 17:59:30,"$90,159.46",$1.79T,$64.49B,19.96M BTC,0.19% (24h),81%,19%
2025-12-13 18:27:52,"$90,227.36",$1.8T,$64.2B,19.96M BTC,0.11% (24h),81%,19%
2025-12-13 18:43:19,"$90,244.79",$1.8T,$64.15B,19.96M BTC,0.15% (24h),81%,19%
2025-12-13 19:00:06,"$90,269.55",$1.8T,$64.22B,19.96M BTC,0.01% (24h),81%,19%
2025-12-13 21:28:23,"$90,394.05",$1.8T,$64.62B,19.96M BTC,0.11% (24h),81%,19%
2025-12-13 22:50:51,"$90,279.25",$1.8T,$64.71B,19.96M BTC,0.1% (24h),81%,19%
2025-12-13 23:29:35,"$90,309.72",$1.8T,$64.58B,19.96M BTC,0.05% (24h),81%,19%
2025-12-13 23:58:17,"$90,215.24",$1.8T,$64.5B,19.96M BTC,0.19% (24h),81%,19%
2025-12-14 00:29:26,"$90,107.42",$1.79T,$64.68B,19.96M BTC,0.29% (24h),81%,19%
2025-12-14 00:47:00,"$90,185.92",$1.8T,$64.81B,19.96M BTC,0.11% (24h),81%,19%
2025-12-14 00:59:28,"$90,215.18",$1.8T,$64.86B,19.96M BTC,0.15% (24h),81%,19%
2025-12-14 01:42:13,"$90,197.87",$1.8T,$65.1B,19.96M BTC,0.15% (24h),81%,19%
2025-12-14 02:01:30,"$90,165.77",$1.79T,$65.26B,19.96M BTC,0.21% (24h),81%,19%
2025-12-14 02:29:31,"$90,144.33",$1.79T,$65.29B,19.96M BTC,0.26% (24h),81%,19%
2025-12-14 02:44:20,"$90,147.97",$1.79T,$65.1B,19.96M BTC,0.24% (24h),81%,19%
2025-12-14 02:58:54,"$90,263.41",$1.8T,$65.23B,19.96M BTC,0.1% (24h),81%,19%
2025-12-14 03:36:53,"$90,218.39",$1.8T,$64.7B,19.96M BTC,0.27% (24h),81%,19%
2025-12-14 03:54:41,"$90,177.32",$1.8T,$64.56B,19.96M BTC,0.39% (24h),81%,19%
2025-12-14 04:26:46,"$90,118.17",$1.79T,$64.52B,19.96M BTC,0.38% (24h),81%,19%
2025-12-14 04:43:58,"$90,041.32",$1.79T,$64.57B,19.96M BTC,0.48% (24h),81%,19%
2025-12-14 04:59:35,"$90,038.60",$1.79T,$71.02B,19.96M BTC,0.4% (24h),81%,19%
2025-12-14 05:31:18,"$89,978.75",$1.79T,$70.03B,19.96M BTC,0.59% (24h),81%,19%
2025-12-14 05:48:08,"$89,921.10",$1.79T,$69.92B,19.96M BTC,0.74% (24h),81%,19%
2025-12-14 06:00:30,"$89,862.35",$1.79T,$68.63B,19.96M BTC,0.82% (24h),81%,19%
2025-12-14 06:25:59,"$89,676.61",$1.79T,$68.24B,19.96M BTC,0.89% (24h),81%,19%
2025-12-14 06:41:44,"$89,311.87",$1.78T,$67.81B,19.96M BTC,1.21% (24h),81%,19%
2025-12-14 06:54:20,"$89,295.69",$1.78T,$67.61B,19.96M BTC,1.22% (24h),81%,19%
2025-12-14 07:50:35,"$89,565.61",$1.78T,$67.04B,19.96M BTC,0.82% (24h),81%,19%
2025-12-14 08:21:51,"$89,310.05",$1.78T,$65.93B,19.96M BTC,1.25% (24h),81%,19%
2025-12-14 08:43:39,"$89,288.29",$1.78T,$65.52B,19.96M BTC,1.11% (24h),81%,19%
2025-12-14 08:59:11,"$89,401.49",$1.78T,$64.22B,19.96M BTC,0.96% (24h),81%,19%
2025-12-14 09:28:34,"$89,261.12",$1.78T,$63.91B,19.96M BTC,0.92% (24h),81%,19%
2025-12-14 09:45:36,"$88,999.44",$1.77T,$62.72B,19.96M BTC,1.33% (24h),81%,19%
2025-12-14 09:59:14,"$89,115.95",$1.77T,$62.8B,19.96M BTC,1.11% (24h),81%,19%
2025-12-14 10:28:21,"$88,968.44",$1.77T,$61.84B,19.96M BTC,1.31% (24h),81%,19%
2025-12-14 10:44:54,"$89,103.21",$1.77T,$61.32B,19.96M BTC,1.13% (24h),81%,19%
2025-12-14 10:59:27,"$89,043.99",$1.77T,$60.82B,19.96M BTC,1.2% (24h),81%,19%
2025-12-14 11:35:24,"$89,004.36",$1.77T,$59.51B,19.96M BTC,1.21% (24h),81%,19%
2025-12-14 11:53:42,"$88,819.42",$1.77T,$59.49B,19.96M BTC,1.46% (24h),81%,19%
2025-12-14 12:22:18,"$88,814.26",$1.77T,$59.29B,19.96M BTC,1.38% (24h),81%,19%
2025-12-14 12:43:33,"$88,825.77",$1.77T,$58.7B,19.96M BTC,1.4% (24h),81%,19%
2025-12-14 12:59:01,"$88,854.49",$1.77T,$58.3B,19.96M BTC,1.35% (24h),81%,19%
2025-12-14 13:39:42,"$88,912.26",$1.77T,$57.36B,19.96M BTC,1.38% (24h),81%,19%
2025-12-14 13:56:51,"$89,020.98",$1.77T,$56.29B,19.96M BTC,1.22% (24h),81%,19%
2025-12-14 14:21:28,"$88,607.92",$1.76T,$55.74B,19.96M BTC,1.73% (24h),81%,19%
2025-12-14 14:34:25,"$88,723.85",$1.77T,$55.42B,19.96M BTC,1.66% (24h),81%,19%
2025-12-14 14:49:28,"$88,637.48",$1.76T,$55.1B,19.96M BTC,1.77% (24h),81%,19%
2025-12-14 15:02:32,"$88,715.92",$1.77T,$55.14B,19.96M BTC,1.68% (24h),81%,19%
2025-12-14 15:33:07,"$88,641.93",$1.76T,$54.5B,19.96M BTC,1.66% (24h),81%,19%
2025-12-14 15:51:24,"$88,660.24",$1.76T,$53.94B,19.96M BTC,1.68% (24h),81%,19%
2025-12-14 16:11:57,"$88,513.19",$1.76T,$53.28B,19.96M BTC,1.71% (24h),81%,19%
2025-12-14 16:34:07,"$88,579.98",$1.76T,$52.55B,19.96M BTC,1.39% (24h),81%,19%
2025-12-14 16:49:23,"$88,500.64",$1.76T,$51.96B,19.96M BTC,1.73% (24h),81%,19%
2025-12-14 17:01:51,"$88,479.10",$1.76T,$51.63B,19.96M BTC,1.89% (24h),81%,19%
2025-12-14 17:30:27,"$88,337.90",$1.76T,$51.27B,19.96M BTC,1.98% (24h),81%,19%
2025-12-14 17:46:34,"$88,240.74",$1.76T,$50.94B,19.96M BTC,2.15% (24h),81%,19%
2025-12-14 17:59:30,"$88,423.93",$1.76T,$50.44B,19.96M BTC,1.87% (24h),81%,19%
2025-12-14 18:27:21,"$87,974.45",$1.75T,$50.14B,19.96M BTC,2.47% (24h),81%,19%
2025-12-14 18:43:42,"$88,083.93",$1.75T,$50.35B,19.96M BTC,2.39% (24h),81%,19%
2025-12-14 18:59:23,"$88,168.93",$1.76T,$50.5B,19.96M BTC,2.35% (24h),81%,19%
2025-12-14 21:26:05,"$89,691.01",$1.79T,$48.57B,19.96M BTC,0.78% (24h),81%,19%
2025-12-14 22:55:06,"$89,296.41",$1.78T,$47.15B,19.96M BTC,1.08% (24h),81%,19%
2025-12-14 23:47:05,"$89,667.26",$1.78T,$45.92B,19.96M BTC,0.59% (24h),81%,19%
2025-12-15 00:15:53,"$89,674.39",$1.79T,$45.34B,19.96M BTC,0.56% (24h),81%,19%
2025-12-15 00:46:22,"$89,560.91",$1.78T,$44.41B,19.96M BTC,0.68% (24h),81%,19%
2025-12-15 00:59:27,"$89,621.06",$1.78T,$44.08B,19.96M BTC,0.66% (24h),81%,19%
2025-12-15 01:50:27,"$89,789.27",$1.79T,$41.79B,19.96M BTC,0.42% (24h),81%,19%
2025-12-15 02:17:34,"$89,620.05",$1.78T,$41.7B,19.96M BTC,0.6% (24h),81%,19%
2025-12-15 02:42:03,"$89,623.21",$1.78T,$41.14B,19.96M BTC,0.59% (24h),81%,19%
2025-12-15 02:59:31,"$89,770.23",$1.79T,$40.97B,19.96M BTC,0.54% (24h),81%,19%
2025-12-15 03:45:26,"$89,849.08",$1.79T,$39.54B,19.96M BTC,0.37% (24h),81%,19%
2025-12-15 04:19:22,"$89,859.62",$1.79T,$38.63B,19.96M BTC,0.31% (24h),81%,19%
2025-12-15 04:51:39,"$89,926.03",$1.79T,$37.47B,19.96M BTC,0.12% (24h),81%,19%
2025-12-15 05:19:07,"$89,805.52",$1.79T,$30.96B,19.96M BTC,0.11% (24h),81%,19%
2025-12-15 05:49:47,"$89,854.28",$1.79T,$31.08B,19.96M BTC,0.05% (24h),81%,19%
2025-12-15 06:02:34,"$89,865.43",$1.79T,$31.21B,19.96M BTC,0.02% (24h),81%,19%
2025-12-15 06:32:38,"$89,812.95",$1.79T,$30.85B,19.96M BTC,0.23% (24h),81%,19%
2025-12-15 06:51:28,"$89,681.47",$1.79T,$30.11B,19.96M BTC,0.57% (24h),81%,19%
2025-12-15 07:24:56,"$89,615.83",$1.78T,$29.54B,19.96M BTC,0.18% (24h),81%,19%
2025-12-15 08:24:58,"$89,400.86",$1.78T,$29.26B,19.96M BTC,0.11% (24h),81%,19%
2025-12-15 08:59:23,"$89,453.52",$1.78T,$29.64B,19.96M BTC,0.05% (24h),81%,19%
2025-12-15 09:37:59,"$89,836.61",$1.79T,$29.6B,19.96M BTC,0.87% (24h),81%,19%
2025-12-15 10:00:40,"$87,951.27",$1.75T,$31.3B,19.96M BTC,1.3% (24h),81%,19%
2025-12-15 10:36:21,"$86,858.35",$1.73T,$34.97B,19.96M BTC,2.39% (24h),81%,19%
2025-12-15 10:57:25,"$86,921.75",$1.73T,$36.65B,19.96M BTC,2.37% (24h),81%,19%
2025-12-15 11:40:53,"$86,456.08",$1.72T,$37.69B,19.96M BTC,2.86% (24h),81%,19%
2025-12-15 12:05:00,"$86,370.39",$1.72T,$38.61B,19.96M BTC,2.98% (24h),81%,19%
2025-12-15 12:39:32,"$85,772.52",$1.71T,$39.45B,19.96M BTC,3.39% (24h),81%,19%
2025-12-15 12:56:36,"$85,765.48",$1.71T,$40.69B,19.96M BTC,3.53% (24h),81%,19%
2025-12-15 13:41:13,"$85,649.08",$1.7T,$42.02B,19.96M BTC,3.68% (24h),81%,19%
2025-12-15 14:02:05,"$86,408.41",$1.72T,$41.61B,19.96M BTC,2.86% (24h),81%,19%
2025-12-15 14:31:42,"$86,196.29",$1.72T,$44.31B,19.96M BTC,2.88% (24h),81%,19%
2025-12-15 14:46:18,"$86,141.60",$1.71T,$44.41B,19.96M BTC,2.78% (24h),81%,19%
2025-12-15 14:59:00,"$86,197.45",$1.72T,$44.06B,19.96M BTC,2.72% (24h),81%,19%
2025-12-15 15:35:26,"$85,898.76",$1.71T,$45.2B,19.96M BTC,3.1% (24h),81%,19%
2025-12-15 15:55:51,"$85,897.67",$1.71T,$45.42B,19.96M BTC,3.06% (24h),81%,19%
2025-12-15 16:27:47,"$86,002.50",$1.71T,$45.86B,19.96M BTC,2.93% (24h),81%,19%
2025-12-15 16:45:53,"$86,043.66",$1.71T,$46.15B,19.96M BTC,2.82% (24h),81%,19%
2025-12-15 16:59:44,"$86,214.92",$1.72T,$46.21B,19.96M BTC,2.55% (24h),81%,19%
2025-12-15 17:31:34,"$85,960.82",$1.71T,$46.18B,19.96M BTC,2.48% (24h),81%,19%
2025-12-15 17:50:26,"$86,005.83",$1.71T,$45.95B,19.96M BTC,2.48% (24h),81%,19%
2025-12-15 18:02:55,"$86,288.83",$1.72T,$45.89B,19.96M BTC,2.43% (24h),81%,19%
2025-12-15 18:32:07,"$86,235.33",$1.72T,$46.05B,19.96M BTC,2.02% (24h),81%,19%
2025-12-15 18:50:20,"$86,389.86",$1.72T,$45.45B,19.96M BTC,2.05% (24h),81%,19%
2025-12-15 19:47:59,"$86,078.13",$1.71T,$44.76B,19.96M BTC,2.51% (24h),81%,19%
2025-12-15 21:46:46,"$86,096.03",$1.71T,$43.45B,19.96M BTC,3.75% (24h),81%,19%
2025-12-15 22:52:42,"$85,817.28",$1.71T,$43.82B,19.96M BTC,3.94% (24h),81%,19%
2025-12-15 23:41:17,"$85,595.57",$1.7T,$44.06B,19.96M BTC,4.48% (24h),81%,19%
2025-12-16 00:02:05,"$85,826.92",$1.71T,$44.54B,19.96M BTC,4.24% (24h),81%,19%
2025-12-16 00:37:59,"$85,988.19",$1.71T,$44.73B,19.96M BTC,4.04% (24h),81%,19%
2025-12-16 00:55:13,"$85,988.90",$1.71T,$44.85B,19.96M BTC,3.97% (24h),81%,19%
2025-12-16 01:43:00,"$86,398.82",$1.72T,$45.18B,19.96M BTC,3.56% (24h),81%,19%
2025-12-16 02:15:09,"$86,358.84",$1.72T,$45.46B,19.96M BTC,3.59% (24h),81%,19%
2025-12-16 02:41:35,"$85,926.42",$1.71T,$45.68B,19.96M BTC,4.13% (24h),81%,19%
2025-12-16 02:54:56,"$86,046.22",$1.71T,$45.91B,19.96M BTC,4.04% (24h),81%,19%
2025-12-16 03:39:04,"$86,199.36",$1.72T,$46.5B,19.96M BTC,4.03% (24h),81%,19%
2025-12-16 04:02:35,"$86,238.73",$1.72T,$46.55B,19.96M BTC,3.95% (24h),81%,19%
2025-12-16 04:38:52,"$86,295.11",$1.72T,$46.64B,19.96M BTC,3.99% (24h),81%,19%
2025-12-16 04:56:16,"$86,297.79",$1.72T,$46.72B,19.96M BTC,4.05% (24h),81%,19%
2025-12-16 05:32:42,"$86,408.99",$1.72T,$46.34B,19.96M BTC,3.96% (24h),81%,19%
2025-12-16 05:56:15,"$87,044.14",$1.73T,$47.13B,19.96M BTC,3.16% (24h),81%,19%
2025-12-16 06:26:52,"$87,029.17",$1.73T,$47.5B,19.96M BTC,3.09% (24h),81%,19%
2025-12-16 06:44:39,"$87,084.24",$1.73T,$47.35B,19.96M BTC,2.81% (24h),81%,19%
2025-12-16 06:59:43,"$87,262.22",$1.74T,$47.62B,19.96M BTC,2.66% (24h),81%,19%
2025-12-16 08:04:25,"$87,210.93",$1.74T,$48.46B,19.96M BTC,2.73% (24h),81%,19%
2025-12-16 08:51:01,"$87,051.56",$1.73T,$49.96B,19.96M BTC,2.8% (24h),81%,19%
2025-12-16 09:16:47,"$86,910.31",$1.73T,$51.03B,19.96M BTC,2.98% (24h),81%,19%
2025-12-16 09:48:32,"$87,188.71",$1.74T,$52.02B,19.96M BTC,2.03% (24h),81%,19%
2025-12-16 10:04:58,"$87,071.40",$1.73T,$51.18B,19.96M BTC,0.49% (24h),81%,19%
2025-12-16 10:36:51,"$87,284.18",$1.74T,$49.35B,19.96M BTC,0.51% (24h),81%,19%
2025-12-16 10:54:00,"$87,839.52",$1.75T,$48.95B,19.96M BTC,1.17% (24h),81%,19%
2025-12-16 11:38:07,"$87,652.08",$1.74T,$49.41B,19.96M BTC,1.44% (24h),81%,19%
2025-12-16 12:02:46,"$87,676.53",$1.75T,$48.72B,19.96M BTC,1.41% (24h),81%,19%
2025-12-16 12:38:52,"$87,271.55",$1.74T,$47.71B,19.96M BTC,1.72% (24h),81%,19%
2025-12-16 12:55:43,"$87,212.22",$1.74T,$47.56B,19.96M BTC,1.66% (24h),81%,19%
2025-12-16 13:40:41,"$87,792.72",$1.75T,$46.44B,19.96M BTC,2.69% (24h),81%,19%
2025-12-16 14:02:01,"$87,741.29",$1.75T,$46.32B,19.96M BTC,1.87% (24h),81%,19%
2025-12-16 14:29:45,"$87,331.18",$1.74T,$45.62B,19.96M BTC,1.32% (24h),81%,19%
2025-12-16 14:45:19,"$87,538.75",$1.74T,$45.71B,19.96M BTC,1.54% (24h),81%,19%
2025-12-16 14:59:03,"$87,613.02",$1.74T,$45.41B,19.96M BTC,1.63% (24h),81%,19%
2025-12-16 15:35:13,"$87,620.55",$1.74T,$44.73B,19.96M BTC,1.99% (24h),81%,19%
2025-12-16 15:54:19,"$87,677.79",$1.75T,$44.69B,19.96M BTC,2.07% (24h),81%,19%
2025-12-16 16:27:46,"$87,703.49",$1.75T,$44.04B,19.96M BTC,1.99% (24h),81%,19%
2025-12-16 16:45:59,"$87,882.59",$1.75T,$43.86B,19.96M BTC,2.17% (24h),81%,19%
2025-12-16 16:59:35,"$87,753.35",$1.75T,$43.95B,19.96M BTC,1.75% (24h),81%,19%
2025-12-16 17:29:45,"$87,831.98",$1.75T,$43.63B,19.96M BTC,2.14% (24h),81%,19%
2025-12-16 17:47:14,"$87,762.62",$1.75T,$43.47B,19.96M BTC,2.01% (24h),81%,19%
2025-12-16 18:00:44,"$87,771.79",$1.75T,$43.48B,19.96M BTC,1.77% (24h),81%,19%
2025-12-16 18:29:33,"$87,634.27",$1.74T,$42.91B,19.96M BTC,1.68% (24h),81%,19%
2025-12-16 18:46:25,"$87,805.38",$1.75T,$42.43B,19.96M BTC,1.59% (24h),81%,19%
2025-12-16 18:59:08,"$87,847.68",$1.75T,$41.26B,19.96M BTC,1.64% (24h),81%,19%
2025-12-16 21:11:07,"$87,404.79",$1.74T,$40.9B,19.96M BTC,1.64% (24h),81%,19%
2025-12-16 22:39:03,"$87,193.83",$1.74T,$40.39B,19.96M BTC,1.78% (24h),81%,19%
2025-12-16 23:20:58,"$86,998.74",$1.73T,$39.88B,19.96M BTC,1.43% (24h),81%,19%
2025-12-16 23:51:43,"$86,808.15",$1.73T,$39.61B,19.96M BTC,1.43% (24h),81%,19%
2025-12-17 00:17:42,"$86,548.58",$1.72T,$39.45B,19.96M BTC,0.77% (24h),81%,19%
2025-12-17 00:43:48,"$86,421.52",$1.72T,$39.67B,19.96M BTC,0.39% (24h),81%,19%
2025-12-17 00:59:07,"$86,602.91",$1.72T,$39.9B,19.96M BTC,0.7% (24h),81%,19%
2025-12-17 01:48:30,"$86,729.55",$1.73T,$39.94B,19.96M BTC,0.34% (24h),81%,19%
2025-12-17 02:14:14,"$86,669.74",$1.73T,$39.65B,19.96M BTC,0.29% (24h),81%,19%
2025-12-17 02:40:38,"$87,003.73",$1.73T,$39.18B,19.96M BTC,1.1% (24h),81%,19%
2025-12-17 02:54:25,"$86,934.08",$1.73T,$39.03B,19.96M BTC,1.05% (24h),81%,19%
2025-12-17 03:38:33,"$86,459.86",$1.72T,$38.6B,19.96M BTC,0.25% (24h),81%,19%
2025-12-17 04:01:53,"$86,378.48",$1.72T,$38.85B,19.96M BTC,0.15% (24h),81%,19%
2025-12-17 04:39:17,"$86,344.79",$1.72T,$38.74B,19.96M BTC,0.04% (24h),81%,19%
2025-12-17 04:56:32,"$86,419.82",$1.72T,$38.94B,19.96M BTC,0.14% (24h),81%,19%
2025-12-17 05:32:14,"$86,508.59",$1.72T,$38.95B,19.96M BTC,0.12% (24h),81%,19%
2025-12-17 05:56:14,"$86,559.75",$1.72T,$38.36B,19.96M BTC,0.58% (24h),81%,19%
2025-12-17 06:45:02,"$86,861.49",$1.73T,$37.7B,19.96M BTC,0.26% (24h),81%,19%
2025-12-17 06:59:48,"$86,958.77",$1.73T,$37.58B,19.96M BTC,0.36% (24h),81%,19%
2025-12-17 08:04:28,"$86,997.84",$1.73T,$37.01B,19.96M BTC,0.24% (24h),81%,19%
2025-12-17 08:47:02,"$87,436.99",$1.74T,$36.32B,19.96M BTC,0.61% (24h),81%,19%
2025-12-17 09:01:20,"$87,635.85",$1.74T,$35.85B,19.96M BTC,1.34% (24h),81%,19%
2025-12-17 09:58:20,"$89,294.89",$1.78T,$34.87B,19.96M BTC,2.54% (24h),81%,19%
2025-12-17 10:34:43,"$89,962.66",$1.79T,$38.09B,19.96M BTC,3.11% (24h),81%,19%
2025-12-17 10:56:12,"$87,623.29",$1.74T,$39.23B,19.96M BTC,0.4% (24h),81%,19%
2025-12-17 11:38:01,"$86,580.96",$1.72T,$40.65B,19.96M BTC,1.13% (24h),81%,19%
2025-12-17 12:02:21,"$86,943.94",$1.73T,$41.1B,19.96M BTC,0.81% (24h),81%,19%
2025-12-17 12:35:51,"$86,762.12",$1.73T,$41.57B,19.96M BTC,0.71% (24h),81%,19%
2025-12-17 12:54:21,"$86,419.81",$1.72T,$41.81B,19.96M BTC,0.89% (24h),81%,19%
2025-12-17 13:41:27,"$86,236.46",$1.72T,$40.59B,19.96M BTC,1.78% (24h),81%,19%
2025-12-17 14:02:39,"$85,731.20",$1.71T,$41.79B,19.96M BTC,2.28% (24h),81%,19%
2025-12-17 14:31:08,"$85,739.15",$1.71T,$42.78B,19.96M BTC,1.94% (24h),81%,19%
2025-12-17 14:46:02,"$85,737.35",$1.71T,$42.82B,19.96M BTC,2.12% (24h),81%,19%
2025-12-17 14:59:27,"$85,990.21",$1.71T,$43.21B,19.96M BTC,1.85% (24h),81%,19%
2025-12-17 15:36:01,"$85,970.43",$1.71T,$43.42B,19.96M BTC,1.89% (24h),81%,19%
2025-12-17 15:54:45,"$85,978.89",$1.71T,$43.9B,19.96M BTC,1.94% (24h),81%,19%
2025-12-17 16:28:28,"$85,798.21",$1.71T,$43.89B,19.96M BTC,2.15% (24h),81%,19%
2025-12-17 16:45:49,"$85,876.32",$1.71T,$43.5B,19.96M BTC,2.25% (24h),81%,19%
2025-12-17 16:58:57,"$85,968.76",$1.71T,$43.46B,19.96M BTC,2.05% (24h),81%,19%
2025-12-17 17:31:30,"$86,229.10",$1.72T,$43.97B,19.96M BTC,1.87% (24h),81%,19%
2025-12-17 17:50:47,"$86,188.44",$1.72T,$44.23B,19.96M BTC,1.82% (24h),81%,19%
2025-12-17 18:02:52,"$86,199.35",$1.72T,$43.99B,19.96M BTC,1.84% (24h),81%,19%
2025-12-17 18:32:33,"$85,936.27",$1.71T,$44B,19.96M BTC,1.95% (24h),81%,19%
2025-12-17 18:47:58,"$86,118.50",$1.71T,$43.9B,19.96M BTC,1.87% (24h),81%,19%
2025-12-17 19:00:27,"$86,183.96",$1.72T,$44.01B,19.96M BTC,1.88% (24h),81%,19%
2025-12-17 21:14:48,"$86,469.99",$1.72T,$43.61B,19.96M BTC,0.96% (24h),81%,19%
2025-12-17 22:42:11,"$86,500.43",$1.72T,$44.98B,19.96M BTC,0.84% (24h),81%,19%
2025-12-17 23:23:37,"$86,830.94",$1.73T,$45.12B,19.96M BTC,0.2% (24h),81%,19%
2025-12-17 23:57:14,"$86,773.21",$1.73T,$44.71B,19.96M BTC,0.03% (24h),81%,19%
2025-12-18 00:30:42,"$86,514.16",$1.72T,$44.52B,19.96M BTC,0.11% (24h),81%,19%
2025-12-18 00:51:21,"$86,456.38",$1.72T,$44.23B,19.96M BTC,0.19% (24h),81%,19%
2025-12-18 01:19:40,"$86,437.87",$1.72T,$43.98B,19.96M BTC,0.44% (24h),81%,19%
2025-12-18 01:53:59,"$86,483.36",$1.72T,$44.05B,19.96M BTC,0.3% (24h),81%,19%
2025-12-18 02:28:53,"$86,783.71",$1.73T,$44.09B,19.96M BTC,0.08% (24h),81%,19%
2025-12-18 02:46:24,"$86,690.48",$1.73T,$43.76B,19.96M BTC,0.32% (24h),81%,19%
2025-12-18 02:59:28,"$86,776.40",$1.73T,$43.74B,19.96M BTC,0.29% (24h),81%,19%
2025-12-18 03:41:59,"$86,992.84",$1.73T,$44.16B,19.96M BTC,0.61% (24h),81%,19%
2025-12-18 04:03:23,"$86,899.79",$1.73T,$44.33B,19.96M BTC,0.57% (24h),81%,19%
2025-12-18 04:40:51,"$87,208.32",$1.74T,$44.62B,19.96M BTC,0.98% (24h),81%,19%
2025-12-18 04:57:50,"$87,274.92",$1.74T,$44.52B,19.96M BTC,0.99% (24h),81%,19%
2025-12-18 05:34:03,"$87,311.87",$1.74T,$44.86B,19.96M BTC,0.78% (24h),81%,19%
2025-12-18 05:55:29,"$87,236.61",$1.74T,$44.6B,19.96M BTC,0.72% (24h),81%,19%
2025-12-18 06:25:27,"$87,094.49",$1.73T,$44.39B,19.96M BTC,0.37% (24h),81%,19%
2025-12-18 06:44:30,"$87,106.72",$1.73T,$44.42B,19.96M BTC,0.28% (24h),81%,19%
2025-12-18 06:59:14,"$87,220.87",$1.74T,$44.66B,19.96M BTC,0.3% (24h),81%,19%
2025-12-18 08:01:52,"$87,500.33",$1.74T,$44.15B,19.96M BTC,0.51% (24h),81%,19%
2025-12-18 08:49:40,"$88,971.60",$1.77T,$44.87B,19.96M BTC,1.47% (24h),81%,19%
2025-12-18 09:13:02,"$88,285.66",$1.76T,$46.98B,19.96M BTC,0.8% (24h),81%,19%
2025-12-18 09:45:21,"$87,936.66",$1.75T,$49.33B,19.96M BTC,0.56% (24h),81%,19%
2025-12-18 10:01:50,"$88,437.90",$1.76T,$48.92B,19.96M BTC,1.4% (24h),81%,19%
2025-12-18 10:35:35,"$88,761.67",$1.77T,$46.18B,19.96M BTC,1.24% (24h),81%,19%
2025-12-18 10:55:09,"$88,689.38",$1.77T,$45.66B,19.96M BTC,1.25% (24h),81%,19%
2025-12-18 11:39:25,"$88,221.70",$1.76T,$43.33B,19.96M BTC,2.02% (24h),81%,19%
2025-12-18 12:01:31,"$87,835.21",$1.75T,$43B,19.96M BTC,1.06% (24h),81%,19%
2025-12-18 12:35:04,"$86,169.25",$1.72T,$44.66B,19.96M BTC,0.67% (24h),81%,19%
2025-12-18 12:54:25,"$86,336.22",$1.72T,$45.75B,19.96M BTC,0.12% (24h),81%,19%
2025-12-18 13:40:24,"$86,566.95",$1.72T,$46.71B,19.96M BTC,0.21% (24h),81%,19%
2025-12-18 14:02:08,"$85,688.11",$1.71T,$46.49B,19.96M BTC,0.04% (24h),81%,19%
2025-12-18 14:26:26,"$85,633.22",$1.7T,$48.04B,19.96M BTC,0.18% (24h),81%,19%
2025-12-18 14:41:49,"$84,914.24",$1.69T,$48.35B,19.96M BTC,0.99% (24h),81%,19%
2025-12-18 14:53:37,"$84,630.20",$1.68T,$49.79B,19.96M BTC,1.56% (24h),81%,19%
2025-12-18 15:28:36,"$85,011.13",$1.69T,$51.08B,19.96M BTC,1.3% (24h),81%,19%
2025-12-18 15:46:42,"$84,997.84",$1.69T,$51.33B,19.96M BTC,1.2% (24h),81%,19%
2025-12-18 15:59:11,"$84,752.72",$1.69T,$51.47B,19.96M BTC,1.28% (24h),81%,19%
2025-12-18 16:26:33,"$85,205.86",$1.7T,$52.63B,19.96M BTC,0.69% (24h),81%,19%
2025-12-18 16:43:26,"$85,206.28",$1.7T,$52.94B,19.96M BTC,0.73% (24h),81%,19%
2025-12-18 16:59:45,"$85,590.39",$1.7T,$52.8B,19.96M BTC,0.41% (24h),81%,19%
2025-12-18 17:30:54,"$85,542.22",$1.7T,$52.78B,19.96M BTC,0.78% (24h),81%,19%
2025-12-18 17:49:06,"$85,538.82",$1.7T,$53.17B,19.96M BTC,0.7% (24h),81%,19%
2025-12-18 18:02:07,"$85,464.97",$1.7T,$53.2B,19.96M BTC,0.8% (24h),81%,19%
2025-12-18 18:31:12,"$85,451.29",$1.7T,$53.09B,19.96M BTC,0.64% (24h),81%,19%
2025-12-18 18:46:15,"$85,412.50",$1.7T,$52.83B,19.96M BTC,0.79% (24h),81%,19%
2025-12-18 18:59:00,"$85,462.50",$1.7T,$52.76B,19.96M BTC,0.74% (24h),81%,19%
2025-12-18 21:20:51,"$85,226.50",$1.7T,$52.38B,19.96M BTC,1.55% (24h),81%,19%
2025-12-18 22:44:35,"$86,932.74",$1.73T,$53.68B,19.96M BTC,0.5% (24h),81%,19%
2025-12-18 23:25:00,"$87,036.80",$1.73T,$55.22B,19.96M BTC,0.25% (24h),81%,19%
2025-12-18 23:57:06,"$87,030.13",$1.73T,$55.66B,19.96M BTC,0.29% (24h),81%,19%
2025-12-19 00:29:42,"$86,710.60",$1.73T,$56.2B,19.96M BTC,0.2% (24h),81%,19%
2025-12-19 00:49:58,"$86,941.11",$1.73T,$56.21B,19.96M BTC,0.44% (24h),81%,19%
2025-12-19 01:01:44,"$87,012.33",$1.73T,$56.58B,19.96M BTC,0.67% (24h),81%,19%
2025-12-19 01:47:56,"$87,078.47",$1.73T,$56.85B,19.96M BTC,0.73% (24h),81%,19%
2025-12-19 02:03:33,"$87,637.87",$1.74T,$57.24B,19.96M BTC,1.09% (24h),81%,19%
2025-12-19 02:33:52,"$87,702.02",$1.75T,$58.59B,19.96M BTC,1.03% (24h),81%,19%
2025-12-19 02:51:09,"$87,760.94",$1.75T,$58.89B,19.96M BTC,1.16% (24h),81%,19%
2025-12-19 03:16:40,"$87,918.68",$1.75T,$58.59B,19.96M BTC,1.35% (24h),81%,19%
2025-12-19 03:49:11,"$88,008.95",$1.75T,$58.79B,19.96M BTC,1.11% (24h),81%,19%
2025-12-19 04:15:05,"$87,900.86",$1.75T,$58.86B,19.96M BTC,1.29% (24h),81%,19%
2025-12-19 04:42:35,"$87,954.50",$1.75T,$58.65B,19.96M BTC,0.88% (24h),81%,19%
2025-12-19 04:59:32,"$88,033.39",$1.75T,$58.34B,19.96M BTC,0.88% (24h),81%,19%
2025-12-19 05:34:41,"$87,928.36",$1.75T,$58.81B,19.96M BTC,0.7% (24h),81%,19%
2025-12-19 05:55:25,"$88,241.12",$1.76T,$58.56B,19.96M BTC,1.15% (24h),81%,19%
2025-12-19 06:24:50,"$88,154.41",$1.75T,$58.95B,19.96M BTC,1.21% (24h),81%,19%
2025-12-19 06:43:30,"$88,231.88",$1.76T,$59.31B,19.96M BTC,1.27% (24h),81%,19%
2025-12-19 06:58:50,"$88,160.06",$1.76T,$59.35B,19.96M BTC,1.07% (24h),81%,19%
2025-12-19 08:00:40,"$87,916.89",$1.75T,$59.58B,19.96M BTC,0.81% (24h),81%,19%
2025-12-19 08:41:17,"$88,054.29",$1.75T,$57.66B,19.96M BTC,0.4% (24h),81%,19%
2025-12-19 08:57:04,"$87,883.17",$1.75T,$56.92B,19.96M BTC,1.06% (24h),81%,19%
2025-12-19 09:29:34,"$87,978.50",$1.75T,$55.19B,19.96M BTC,0.56% (24h),81%,19%
2025-12-19 09:51:23,"$88,002.95",$1.75T,$55.15B,19.96M BTC,0.02% (24h),81%,19%
2025-12-19 10:14:14,"$88,616.49",$1.76T,$54.85B,19.96M BTC,0.66% (24h),81%,19%
2025-12-19 10:42:22,"$88,085.06",$1.75T,$56.03B,19.96M BTC,1.27% (24h),81%,19%
2025-12-19 10:58:54,"$87,911.55",$1.75T,$56.31B,19.96M BTC,0.65% (24h),81%,19%
2025-12-19 11:39:01,"$88,536.69",$1.76T,$56.28B,19.96M BTC,0.46% (24h),81%,19%
2025-12-19 11:58:58,"$87,957.18",$1.75T,$54.61B,19.96M BTC,0.06% (24h),81%,19%
2025-12-19 12:27:06,"$87,982.85",$1.75T,$54.09B,19.96M BTC,2.92% (24h),81%,19%
2025-12-19 12:42:20,"$86,970.32",$1.73T,$53.97B,19.96M BTC,0.55% (24h),81%,19%
2025-12-19 12:59:13,"$87,072.70",$1.73T,$54B,19.96M BTC,0.89% (24h),81%,19%
2025-12-19 13:42:39,"$86,945.55",$1.73T,$53.96B,19.96M BTC,0.46% (24h),81%,19%
2025-12-19 14:03:01,"$87,197.70",$1.74T,$53.51B,19.96M BTC,1.75% (24h),81%,19%
2025-12-19 14:28:51,"$87,603.45",$1.74T,$51.35B,19.96M BTC,2.4% (24h),81%,19%
2025-12-19 14:43:00,"$87,818.29",$1.75T,$49.75B,19.96M BTC,3.29% (24h),81%,19%
2025-12-19 14:59:54,"$87,793.79",$1.75T,$49.81B,19.96M BTC,3.84% (24h),81%,19%
2025-12-19 15:34:15,"$87,974.02",$1.75T,$48.68B,19.96M BTC,3.7% (24h),81%,19%
2025-12-19 15:52:50,"$88,197.00",$1.76T,$48.87B,19.96M BTC,3.77% (24h),81%,19%
2025-12-19 16:25:10,"$87,935.92",$1.75T,$48.23B,19.96M BTC,3.23% (24h),81%,19%
2025-12-19 16:43:09,"$87,896.45",$1.75T,$47.64B,19.96M BTC,3.18% (24h),81%,19%
2025-12-19 16:59:29,"$87,769.71",$1.75T,$47.51B,19.96M BTC,2.53% (24h),81%,19%
2025-12-19 17:30:20,"$88,180.75",$1.76T,$47.14B,19.96M BTC,3.19% (24h),81%,19%
2025-12-19 17:48:23,"$88,250.11",$1.76T,$47.3B,19.96M BTC,3.15% (24h),81%,19%
2025-12-19 18:00:45,"$88,285.39",$1.76T,$47.15B,19.96M BTC,3.2% (24h),81%,19%
2025-12-19 18:29:33,"$88,284.25",$1.76T,$46.89B,19.96M BTC,3.38% (24h),81%,19%
2025-12-19 18:44:57,"$88,185.00",$1.76T,$46.69B,19.96M BTC,3.26% (24h),81%,19%
2025-12-19 18:59:09,"$88,107.17",$1.75T,$46.73B,19.96M BTC,3.07% (24h),81%,19%
2025-12-19 21:07:59,"$88,013.53",$1.75T,$45.38B,19.96M BTC,3.28% (24h),81%,19%
2025-12-19 22:33:29,"$88,291.33",$1.76T,$43.31B,19.96M BTC,0.91% (24h),81%,19%
2025-12-19 23:04:17,"$88,190.29",$1.76T,$41.7B,19.96M BTC,1.54% (24h),81%,19%
2025-12-19 23:41:08,"$88,252.07",$1.76T,$40.37B,19.96M BTC,1.47% (24h),81%,19%
2025-12-19 23:56:11,"$88,223.03",$1.76T,$40.11B,19.96M BTC,1.39% (24h),81%,19%
2025-12-20 00:27:33,"$88,353.52",$1.76T,$39.67B,19.96M BTC,1.76% (24h),81%,19%
2025-12-20 00:47:27,"$88,349.86",$1.76T,$39.58B,19.96M BTC,1.7% (24h),81%,19%
2025-12-20 00:59:35,"$88,266.47",$1.76T,$39.33B,19.96M BTC,1.39% (24h),81%,19%
2025-12-20 01:42:47,"$88,271.07",$1.76T,$39.09B,19.96M BTC,1.45% (24h),81%,19%
2025-12-20 02:00:39,"$88,276.63",$1.76T,$38.54B,19.96M BTC,1% (24h),81%,19%
2025-12-20 02:27:50,"$88,179.25",$1.76T,$37B,19.96M BTC,0.35% (24h),81%,19%
2025-12-20 02:42:53,"$88,176.94",$1.76T,$36.73B,19.96M BTC,0.46% (24h),81%,19%
2025-12-20 02:58:57,"$88,217.12",$1.76T,$36.54B,19.96M BTC,0.36% (24h),81%,19%
2025-12-20 03:36:34,"$88,343.33",$1.76T,$36.09B,19.96M BTC,0.32% (24h),81%,19%
2025-12-20 03:55:03,"$88,263.67",$1.76T,$35.7B,19.96M BTC,0.15% (24h),81%,19%
2025-12-20 04:26:41,"$88,283.21",$1.76T,$35.42B,19.96M BTC,0.39% (24h),81%,19%
2025-12-20 04:43:32,"$88,227.07",$1.76T,$35.35B,19.96M BTC,0.32% (24h),81%,19%
2025-12-20 04:59:25,"$88,196.33",$1.76T,$35.18B,19.96M BTC,0.2% (24h),81%,19%
2025-12-20 05:30:37,"$88,123.48",$1.75T,$34.88B,19.96M BTC,0.25% (24h),81%,19%
2025-12-20 05:47:42,"$88,139.66",$1.75T,$34.74B,19.96M BTC,0.09% (24h),81%,19%
2025-12-20 06:00:18,"$88,124.50",$1.75T,$34.71B,19.96M BTC,0.12% (24h),81%,19%
2025-12-20 06:25:09,"$88,235.78",$1.76T,$34.21B,19.96M BTC,0.09% (24h),81%,19%
2025-12-20 06:41:28,"$88,239.22",$1.76T,$34.22B,19.96M BTC,0.03% (24h),81%,19%
2025-12-20 06:53:51,"$88,258.66",$1.76T,$34.05B,19.96M BTC,0.06% (24h),81%,19%
2025-12-20 07:50:30,"$88,168.15",$1.76T,$33.15B,19.96M BTC,0.09% (24h),81%,19%
2025-12-20 08:21:57,"$87,990.75",$1.75T,$32.48B,19.96M BTC,0.14% (24h),81%,19%
2025-12-20 08:43:25,"$88,120.81",$1.75T,$32.46B,19.96M BTC,0.12% (24h),81%,19%
2025-12-20 08:59:51,"$88,216.39",$1.76T,$32.31B,19.96M BTC,0.3% (24h),81%,19%
2025-12-20 09:28:17,"$88,065.35",$1.75T,$31.86B,19.96M BTC,0.05% (24h),81%,19%
2025-12-20 09:45:30,"$88,146.21",$1.75T,$30.58B,19.96M BTC,0.33% (24h),81%,19%
2025-12-20 09:59:05,"$88,215.15",$1.76T,$30.22B,19.96M BTC,0.08% (24h),81%,19%
2025-12-20 10:29:12,"$88,052.38",$1.75T,$27.64B,19.96M BTC,0.08% (24h),81%,19%
2025-12-20 10:44:39,"$88,126.51",$1.75T,$26.49B,19.96M BTC,0.2% (24h),81%,19%
2025-12-20 10:59:27,"$88,146.47",$1.75T,$26.04B,19.96M BTC,0.27% (24h),81%,19%
2025-12-20 11:34:51,"$88,102.67",$1.75T,$24.84B,19.96M BTC,0.66% (24h),81%,19%
2025-12-20 11:53:42,"$88,110.41",$1.75T,$24.44B,19.96M BTC,0.06% (24h),81%,19%
2025-12-20 12:21:48,"$88,173.16",$1.76T,$23.55B,19.96M BTC,0.02% (24h),81%,19%
2025-12-20 12:38:41,"$88,152.11",$1.75T,$22.46B,19.96M BTC,0.9% (24h),81%,19%
2025-12-20 12:51:46,"$88,181.18",$1.76T,$22B,19.96M BTC,1.07% (24h),81%,19%
2025-12-20 13:16:42,"$88,143.27",$1.75T,$20.9B,19.96M BTC,1.13% (24h),81%,19%
2025-12-20 13:44:47,"$88,150.97",$1.75T,$20.5B,19.96M BTC,1.35% (24h),81%,19%
2025-12-20 14:01:08,"$88,197.26",$1.76T,$20.15B,19.96M BTC,1.26% (24h),81%,19%
2025-12-20 14:23:50,"$88,222.44",$1.76T,$19.66B,19.96M BTC,0.75% (24h),81%,19%
2025-12-20 14:40:48,"$88,204.95",$1.76T,$19.03B,19.96M BTC,0.38% (24h),81%,19%
2025-12-20 14:53:00,"$88,190.63",$1.76T,$18.58B,19.96M BTC,0.42% (24h),81%,19%
2025-12-20 15:27:46,"$88,253.60",$1.76T,$17.66B,19.96M BTC,0.17% (24h),81%,19%
2025-12-20 15:44:50,"$88,213.33",$1.76T,$17.1B,19.96M BTC,0.14% (24h),81%,19%
2025-12-20 15:59:25,"$88,245.98",$1.76T,$16.56B,19.96M BTC,0.38% (24h),81%,19%
2025-12-20 16:26:09,"$88,301.49",$1.76T,$16.11B,19.96M BTC,0.4% (24h),81%,19%
2025-12-20 16:41:53,"$88,266.10",$1.76T,$15.98B,19.96M BTC,0.42% (24h),81%,19%
2025-12-20 16:59:11,"$88,169.68",$1.76T,$15.92B,19.96M BTC,0.44% (24h),81%,19%
2025-12-20 17:28:12,"$88,184.47",$1.76T,$15.67B,19.96M BTC,0.05% (24h),81%,19%
2025-12-20 17:46:10,"$88,238.37",$1.76T,$15.49B,19.96M BTC,0.09% (24h),81%,19%
2025-12-20 17:59:25,"$88,288.39",$1.76T,$14.99B,19.96M BTC,0.05% (24h),81%,19%
2025-12-20 18:27:35,"$88,251.46",$1.76T,$15.22B,19.96M BTC,0.04% (24h),81%,19%
2025-12-20 18:43:31,"$88,261.37",$1.76T,$15.16B,19.96M BTC,0.06% (24h),81%,19%
2025-12-20 18:59:43,"$88,341.40",$1.76T,$14.64B,19.96M BTC,0.27% (24h),81%,19%
2025-12-20 21:28:03,"$87,889.13",$1.75T,$14.97B,19.96M BTC,0.21% (24h),81%,19%
2025-12-20 23:31:45,"$88,096.56",$1.75T,$15.11B,19.96M BTC,0.11% (24h),81%,19%
2025-12-20 23:58:23,"$88,039.46",$1.75T,$15.05B,19.96M BTC,0.2% (24h),81%,19%
2025-12-21 00:30:50,"$88,113.70",$1.75T,$14.91B,19.96M BTC,0.28% (24h),81%,19%
2025-12-21 00:48:42,"$88,077.56",$1.75T,$14.67B,19.96M BTC,0.31% (24h),81%,19%
2025-12-21 01:01:16,"$88,112.47",$1.75T,$14.59B,19.96M BTC,0.14% (24h),81%,19%
2025-12-21 01:44:36,"$88,091.20",$1.75T,$14.57B,19.96M BTC,0.21% (24h),81%,19%
2025-12-21 02:01:34,"$88,073.35",$1.75T,$14.56B,19.96M BTC,0.23% (24h),81%,19%
2025-12-21 02:29:53,"$88,087.09",$1.75T,$14.39B,19.96M BTC,0.12% (24h),81%,19%
2025-12-21 02:44:25,"$88,047.99",$1.75T,$14.33B,19.96M BTC,0.13% (24h),81%,19%
2025-12-21 02:59:04,"$88,104.82",$1.75T,$14.18B,19.96M BTC,0.12% (24h),81%,19%
2025-12-21 03:37:05,"$88,290.03",$1.76T,$14.16B,19.96M BTC,0.05% (24h),81%,19%
2025-12-21 03:55:03,"$88,463.98",$1.76T,$14.61B,19.96M BTC,0.22% (24h),81%,19%
2025-12-21 04:27:33,"$88,657.29",$1.77T,$15.02B,19.96M BTC,0.42% (24h),81%,19%
2025-12-21 04:44:34,"$88,792.85",$1.77T,$15.17B,19.96M BTC,0.63% (24h),81%,19%
2025-12-21 05:00:04,"$88,842.69",$1.77T,$15.35B,19.96M BTC,0.73% (24h),81%,19%
2025-12-21 05:31:16,"$88,718.47",$1.77T,$15.78B,19.96M BTC,0.66% (24h),81%,19%
2025-12-21 05:48:41,"$88,618.74",$1.76T,$15.87B,19.96M BTC,0.53% (24h),81%,19%
2025-12-21 06:00:30,"$88,624.99",$1.76T,$15.89B,19.96M BTC,0.56% (24h),81%,19%
2025-12-21 06:26:08,"$88,621.86",$1.76T,$16B,19.96M BTC,0.4% (24h),81%,19%
2025-12-21 06:41:42,"$88,588.04",$1.76T,$15.92B,19.96M BTC,0.4% (24h),81%,19%
2025-12-21 06:54:19,"$88,574.89",$1.76T,$15.89B,19.96M BTC,0.36% (24h),81%,19%
2025-12-21 07:51:38,"$88,589.70",$1.76T,$16.24B,19.96M BTC,0.47% (24h),81%,19%
2025-12-21 08:23:10,"$88,287.58",$1.76T,$16.5B,19.96M BTC,0.37% (24h),81%,19%
2025-12-21 08:46:38,"$87,847.51",$1.75T,$17.1B,19.96M BTC,0.39% (24h),81%,19%
2025-12-21 08:59:37,"$87,675.54",$1.75T,$17.32B,19.96M BTC,0.6% (24h),81%,19%
2025-12-21 09:28:26,"$87,854.02",$1.75T,$17.86B,19.96M BTC,0.24% (24h),81%,19%
2025-12-21 09:45:46,"$88,010.36",$1.75T,$17.88B,19.96M BTC,0.14% (24h),81%,19%
2025-12-21 09:59:42,"$88,032.68",$1.75T,$17.82B,19.96M BTC,0.2% (24h),81%,19%
2025-12-21 10:29:05,"$87,864.00",$1.75T,$17.79B,19.96M BTC,0.2% (24h),81%,19%
2025-12-21 10:44:45,"$87,961.04",$1.75T,$17.76B,19.96M BTC,0.18% (24h),81%,19%
2025-12-21 10:59:23,"$88,037.43",$1.75T,$17.97B,19.96M BTC,0.12% (24h),81%,19%
2025-12-21 11:35:10,"$88,188.74",$1.76T,$18.22B,19.96M BTC,0.1% (24h),81%,19%
2025-12-21 11:54:11,"$88,260.95",$1.76T,$18.29B,19.96M BTC,0.16% (24h),81%,19%
2025-12-21 12:23:12,"$88,430.45",$1.76T,$18.57B,19.96M BTC,0.27% (24h),81%,19%
2025-12-21 12:43:39,"$88,346.38",$1.76T,$18.72B,19.96M BTC,0.22% (24h),81%,19%
2025-12-21 12:59:38,"$88,294.97",$1.76T,$18.74B,19.96M BTC,0.17% (24h),81%,19%
2025-12-21 13:40:03,"$88,238.52",$1.76T,$18.73B,19.96M BTC,0.09% (24h),81%,19%
2025-12-21 13:56:44,"$88,375.73",$1.76T,$18.92B,19.96M BTC,0.17% (24h),81%,19%
2025-12-21 14:21:39,"$88,351.31",$1.76T,$18.89B,19.96M BTC,0.13% (24h),81%,19%
2025-12-21 14:35:14,"$88,246.62",$1.76T,$19.01B,19.96M BTC,0.03% (24h),81%,19%
2025-12-21 14:49:19,"$88,347.97",$1.76T,$19.18B,19.96M BTC,0.17% (24h),81%,19%
2025-12-21 15:01:49,"$88,479.68",$1.76T,$19.22B,19.96M BTC,0.33% (24h),81%,19%
2025-12-21 15:32:58,"$88,266.59",$1.76T,$19.27B,19.96M BTC,0.03% (24h),81%,19%
2025-12-21 15:51:26,"$88,250.24",$1.76T,$19.39B,19.96M BTC,0.05% (24h),81%,19%
2025-12-21 16:12:47,"$88,252.12",$1.76T,$19.34B,19.96M BTC,0.03% (24h),81%,19%
2025-12-21 16:34:18,"$88,337.05",$1.76T,$19.26B,19.96M BTC,0.08% (24h),81%,19%
2025-12-21 16:49:29,"$88,142.85",$1.75T,$19.17B,19.96M BTC,0.03% (24h),81%,19%
2025-12-21 17:01:48,"$88,118.63",$1.75T,$19.22B,19.96M BTC,0.1% (24h),81%,19%
2025-12-21 17:32:22,"$88,321.08",$1.76T,$19.27B,19.96M BTC,0.14% (24h),81%,19%
2025-12-21 17:49:09,"$88,370.23",$1.76T,$19.31B,19.96M BTC,0.13% (24h),81%,19%
2025-12-21 18:01:17,"$88,485.24",$1.76T,$19.37B,19.96M BTC,0.28% (24h),81%,19%
2025-12-21 18:28:45,"$88,478.91",$1.76T,$19.66B,19.96M BTC,0.25% (24h),81%,19%
2025-12-21 18:44:56,"$88,463.16",$1.76T,$19.77B,19.96M BTC,0.23% (24h),81%,19%
2025-12-21 18:59:18,"$88,619.82",$1.76T,$19.81B,19.96M BTC,0.31% (24h),81%,19%
2025-12-21 21:27:06,"$88,351.37",$1.76T,$23.14B,19.96M BTC,0.53% (24h),81%,19%
2025-12-21 22:55:31,"$88,688.80",$1.77T,$23.48B,19.96M BTC,0.75% (24h),81%,19%
2025-12-21 23:46:16,"$88,963.30",$1.77T,$23.63B,19.96M BTC,1.04% (24h),81%,19%
2025-12-22 00:15:18,"$88,809.33",$1.77T,$24.14B,19.96M BTC,0.83% (24h),81%,19%
2025-12-22 00:44:45,"$88,888.16",$1.77T,$24.22B,19.96M BTC,0.89% (24h),81%,19%
2025-12-22 00:58:56,"$88,866.36",$1.77T,$24.46B,19.96M BTC,0.86% (24h),81%,19%
2025-12-22 01:49:36,"$88,889.89",$1.77T,$24.71B,19.96M BTC,0.89% (24h),81%,19%
2025-12-22 02:15:23,"$89,102.89",$1.77T,$25.02B,19.96M BTC,1.15% (24h),81%,19%
2025-12-22 02:41:38,"$89,056.17",$1.77T,$25.25B,19.96M BTC,1.09% (24h),81%,19%
2025-12-22 02:54:50,"$89,015.68",$1.77T,$25.35B,19.96M BTC,1.04% (24h),81%,19%
2025-12-22 03:39:03,"$89,569.82",$1.78T,$26.47B,19.96M BTC,1.43% (24h),81%,19%
2025-12-22 04:00:27,"$89,290.47",$1.78T,$26.65B,19.96M BTC,0.87% (24h),81%,19%
2025-12-22 04:39:34,"$89,653.79",$1.78T,$26.54B,19.96M BTC,0.97% (24h),81%,19%
2025-12-22 04:57:45,"$89,766.18",$1.79T,$26.64B,19.96M BTC,0.88% (24h),81%,19%
2025-12-22 05:31:04,"$89,699.39",$1.79T,$26.65B,19.96M BTC,1.1% (24h),81%,19%
2025-12-22 05:52:20,"$89,786.03",$1.79T,$26.7B,19.96M BTC,1.29% (24h),81%,19%
2025-12-22 06:25:00,"$89,700.61",$1.79T,$26.66B,19.96M BTC,1.14% (24h),81%,19%
2025-12-22 06:43:33,"$89,808.58",$1.79T,$27.15B,19.96M BTC,1.36% (24h),81%,19%
2025-12-22 06:59:35,"$89,921.80",$1.79T,$27.74B,19.96M BTC,1.5% (24h),81%,19%
2025-12-22 08:01:19,"$90,199.43",$1.8T,$29.27B,19.96M BTC,1.77% (24h),81%,19%
2025-12-22 08:43:23,"$89,741.42",$1.79T,$28.67B,19.96M BTC,2.09% (24h),81%,19%
2025-12-22 09:00:10,"$89,883.40",$1.79T,$28.48B,19.96M BTC,2.52% (24h),81%,19%
2025-12-22 09:33:49,"$89,952.14",$1.79T,$27.42B,19.96M BTC,2.2% (24h),81%,19%
2025-12-22 09:53:45,"$89,976.96",$1.79T,$28.43B,19.96M BTC,2.28% (24h),81%,19%
2025-12-22 10:29:19,"$89,505.61",$1.78T,$30.63B,19.96M BTC,1.86% (24h),81%,19%
2025-12-22 10:48:39,"$89,486.97",$1.78T,$31.87B,19.96M BTC,1.72% (24h),,
2025-12-22 11:00:44,"$89,759.38",$1.79T,$32.05B,19.96M BTC,1.94% (24h),81%,19%
2025-12-22 11:39:20,"$89,579.99",$1.78T,$32.7B,19.96M BTC,1.55% (24h),81%,19%
2025-12-22 11:58:47,"$89,583.62",$1.78T,$33.15B,19.96M BTC,1.45% (24h),81%,19%
2025-12-22 12:28:22,"$89,337.56",$1.78T,$33.6B,19.96M BTC,1.19% (24h),81%,19%
2025-12-22 12:46:29,"$89,216.79",$1.78T,$33.77B,19.96M BTC,0.97% (24h),81%,19%
2025-12-22 12:59:15,"$89,260.75",$1.78T,$33.75B,19.96M BTC,1.09% (24h),81%,19%
2025-12-22 13:44:42,"$89,438.83",$1.78T,$34.34B,19.96M BTC,1.34% (24h),81%,19%
2025-12-22 14:02:33,"$88,944.31",$1.77T,$34.32B,19.96M BTC,0.53% (24h),81%,19%
2025-12-22 14:28:58,"$88,512.51",$1.76T,$35.02B,19.96M BTC,0.19% (24h),81%,19%
2025-12-22 14:43:40,"$88,306.92",$1.76T,$35.49B,19.96M BTC,0.08% (24h),81%,19%
2025-12-22 14:59:34,"$88,045.29",$1.75T,$35.74B,19.96M BTC,0.49% (24h),81%,19%
2025-12-22 15:34:09,"$88,142.29",$1.75T,$36.78B,19.96M BTC,0.15% (24h),81%,19%
2025-12-22 15:53:27,"$88,182.04",$1.76T,$37.01B,19.96M BTC,0.06% (24h),81%,19%
2025-12-22 16:25:02,"$88,378.85",$1.76T,$37.41B,19.96M BTC,0.05% (24h),81%,19%
2025-12-22 16:43:35,"$88,556.42",$1.76T,$37.48B,19.96M BTC,0.35% (24h),81%,19%
2025-12-22 16:59:11,"$88,235.63",$1.76T,$37.79B,19.96M BTC,0.11% (24h),81%,19%
2025-12-22 17:31:15,"$88,356.82",$1.76T,$37.88B,19.96M BTC,0.09% (24h),81%,19%
2025-12-22 17:49:39,"$88,448.90",$1.76T,$38.11B,19.96M BTC,0.08% (24h),81%,19%
2025-12-22 18:02:10,"$88,547.12",$1.76T,$38.23B,19.96M BTC,0.02% (24h),81%,19%
2025-12-22 18:31:45,"$88,531.76",$1.76T,$38.26B,19.96M BTC,0.13% (24h),81%,19%
2025-12-22 18:47:09,"$88,423.57",$1.76T,$38.18B,19.96M BTC,0.07% (24h),81%,19%
2025-12-22 18:59:18,"$88,490.75",$1.76T,$38.19B,19.96M BTC,0.14% (24h),81%,19%
2025-12-22 21:23:22,"$88,663.63",$1.77T,$35.57B,19.96M BTC,0.35% (24h),81%,19%
2025-12-22 22:50:22,"$88,152.01",$1.76T,$35.98B,19.96M BTC,0.61% (24h),81%,19%
2025-12-22 23:28:42,"$88,206.78",$1.76T,$36.13B,19.96M BTC,0.75% (24h),81%,19%
2025-12-23 00:00:02,"$87,901.70",$1.75T,$36.23B,19.96M BTC,1.09% (24h),81%,19%
2025-12-23 00:35:50,"$87,630.42",$1.74T,$35.9B,19.96M BTC,1.33% (24h),81%,19%
2025-12-23 01:42:46,"$87,242.70",$1.74T,$37.58B,19.96M BTC,1.83% (24h),81%,19%
2025-12-23 02:14:14,"$87,375.42",$1.74T,$37.51B,19.96M BTC,1.94% (24h),81%,19%
2025-12-23 02:42:03,"$87,499.98",$1.74T,$41.76B,19.96M BTC,1.76% (24h),81%,19%
2025-12-23 02:59:11,"$87,510.86",$1.74T,$43.37B,19.96M BTC,1.77% (24h),81%,19%
2025-12-23 03:41:45,"$87,564.44",$1.74T,$45.72B,19.96M BTC,2.27% (24h),81%,19%
2025-12-23 04:02:22,"$87,509.94",$1.74T,$45.17B,19.96M BTC,2.02% (24h),81%,19%
2025-12-23 04:39:03,"$87,269.53",$1.74T,$45.11B,19.96M BTC,2.62% (24h),81%,19%
2025-12-23 04:55:15,"$87,467.00",$1.74T,$44.8B,19.96M BTC,2.44% (24h),81%,19%
2025-12-23 05:31:53,"$87,489.66",$1.74T,$44.47B,19.96M BTC,2.46% (24h),81%,19%
2025-12-23 05:53:32,"$87,569.35",$1.74T,$44.46B,19.96M BTC,2.45% (24h),81%,19%
2025-12-23 06:25:35,"$87,687.28",$1.75T,$43.53B,19.96M BTC,2.24% (24h),81%,19%
2025-12-23 06:44:10,"$87,715.32",$1.75T,$44.2B,19.96M BTC,2.31% (24h),81%,19%
2025-12-23 06:59:36,"$87,809.23",$1.75T,$43.86B,19.96M BTC,2.34% (24h),81%,19%
2025-12-23 08:03:33,"$87,700.07",$1.75T,$42.8B,19.96M BTC,2.79% (24h),81%,19%
2025-12-23 08:48:24,"$87,611.11",$1.74T,$42.57B,19.96M BTC,2.49% (24h),81%,19%
2025-12-23 09:01:48,"$87,591.24",$1.74T,$42.51B,19.96M BTC,2.55% (24h),81%,19%
2025-12-23 09:35:02,"$87,669.68",$1.75T,$42.65B,19.96M BTC,2.43% (24h),81%,19%
2025-12-23 09:55:11,"$86,939.18",$1.73T,$42.09B,19.96M BTC,3.56% (24h),81%,19%
2025-12-23 10:29:44,"$87,182.03",$1.74T,$42.54B,19.96M BTC,2.59% (24h),81%,19%
2025-12-23 10:48:59,"$87,319.34",$1.74T,$42.49B,19.96M BTC,2.38% (24h),81%,19%
2025-12-23 11:00:40,"$87,377.13",$1.74T,$42.21B,19.96M BTC,2.6% (24h),81%,19%
2025-12-23 11:40:42,"$87,728.03",$1.75T,$42.84B,19.96M BTC,2.11% (24h),81%,19%
2025-12-23 12:00:09,"$87,962.05",$1.75T,$43.04B,19.96M BTC,1.77% (24h),81%,19%
2025-12-23 12:31:56,"$87,736.28",$1.75T,$42.8B,19.96M BTC,1.77% (24h),81%,19%
2025-12-23 12:50:17,"$87,713.52",$1.75T,$43.04B,19.96M BTC,1.69% (24h),81%,19%
2025-12-23 13:01:55,"$87,254.31",$1.74T,$43.01B,19.96M BTC,2.28% (24h),81%,19%
2025-12-23 13:46:58,"$88,017.91",$1.75T,$43.97B,19.96M BTC,1.53% (24h),81%,19%
2025-12-23 14:03:46,"$87,928.68",$1.75T,$43.27B,19.96M BTC,1.12% (24h),81%,19%
2025-12-23 14:29:16,"$87,652.74",$1.75T,$43.58B,19.96M BTC,0.98% (24h),81%,19%
2025-12-23 14:43:58,"$87,787.87",$1.75T,$42.61B,19.96M BTC,0.59% (24h),81%,19%
2025-12-23 14:59:01,"$87,690.44",$1.75T,$43.29B,19.96M BTC,0.32% (24h),81%,19%
2025-12-23 15:33:26,"$87,754.55",$1.75T,$42.56B,19.96M BTC,0.33% (24h),81%,19%
2025-12-23 15:52:56,"$87,904.86",$1.75T,$42.86B,19.96M BTC,0.24% (24h),81%,19%
2025-12-23 16:25:41,"$87,791.03",$1.75T,$43.25B,19.96M BTC,0.67% (24h),81%,19%
2025-12-23 16:43:53,"$87,655.88",$1.75T,$43.03B,19.96M BTC,1.01% (24h),81%,19%
2025-12-23 16:59:10,"$87,670.30",$1.75T,$43.06B,19.96M BTC,0.63% (24h),81%,19%
2025-12-23 17:31:01,"$87,376.85",$1.74T,$43.15B,19.96M BTC,1.12% (24h),81%,19%
2025-12-23 17:48:04,"$87,579.02",$1.74T,$42.52B,19.96M BTC,1% (24h),81%,19%
2025-12-23 18:00:36,"$87,362.23",$1.74T,$43.18B,19.96M BTC,1.4% (24h),81%,19%
2025-12-23 18:29:11,"$87,367.90",$1.74T,$43.31B,19.96M BTC,1.38% (24h),81%,19%
2025-12-23 18:45:50,"$87,438.36",$1.74T,$43.56B,19.96M BTC,1.13% (24h),81%,19%
2025-12-23 19:00:27,"$87,437.89",$1.74T,$43.72B,19.96M BTC,1.23% (24h),81%,19%
2025-12-23 21:20:53,"$87,388.81",$1.74T,$43.69B,19.96M BTC,1.43% (24h),81%,19%
2025-12-23 22:45:01,"$87,256.46",$1.74T,$43.36B,19.96M BTC,1.14% (24h),81%,19%
2025-12-23 23:25:42,"$87,296.95",$1.74T,$43.31B,19.96M BTC,1.14% (24h),81%,19%
2025-12-23 23:58:43,"$87,077.40",$1.73T,$43.07B,19.96M BTC,0.95% (24h),81%,19%
2025-12-24 00:34:50,"$87,057.59",$1.73T,$42.96B,19.96M BTC,0.71% (24h),81%,19%
2025-12-24 00:55:02,"$86,915.39",$1.73T,$42.83B,19.96M BTC,0.91% (24h),81%,19%
2025-12-24 01:42:50,"$86,946.58",$1.73T,$42.07B,19.96M BTC,0.34% (24h),81%,19%
2025-12-24 02:14:17,"$86,989.87",$1.73T,$41.91B,19.96M BTC,0.45% (24h),81%,19%
2025-12-24 02:42:09,"$87,100.74",$1.73T,$37.42B,19.96M BTC,0.45% (24h),81%,19%
2025-12-24 02:55:21,"$87,031.40",$1.73T,$36.26B,19.96M BTC,0.6% (24h),81%,19%
2025-12-24 03:37:37,"$86,777.07",$1.73T,$33.18B,19.96M BTC,0.92% (24h),81%,19%
2025-12-24 04:01:33,"$86,786.72",$1.73T,$32.91B,19.96M BTC,0.75% (24h),81%,19%
2025-12-24 04:34:36,"$86,766.78",$1.73T,$32.74B,19.96M BTC,0.69% (24h),81%,19%
2025-12-24 04:53:02,"$86,779.58",$1.73T,$32.54B,19.96M BTC,0.77% (24h),81%,19%
2025-12-24 05:29:19,"$86,999.77",$1.73T,$32.79B,19.96M BTC,0.64% (24h),81%,19%
2025-12-24 05:50:09,"$87,027.74",$1.73T,$33.02B,19.96M BTC,0.61% (24h),81%,19%
2025-12-24 06:03:37,"$87,120.87",$1.73T,$33.03B,19.96M BTC,0.46% (24h),81%,19%
2025-12-24 06:30:42,"$87,179.82",$1.74T,$32.62B,19.96M BTC,0.6% (24h),81%,19%
2025-12-24 06:45:48,"$87,197.25",$1.74T,$32.88B,19.96M BTC,0.64% (24h),81%,19%
2025-12-24 06:59:36,"$87,165.32",$1.74T,$32.75B,19.96M BTC,0.74% (24h),81%,19%
2025-12-24 08:00:44,"$87,373.65",$1.74T,$32.51B,19.96M BTC,0.44% (24h),81%,19%
2025-12-24 08:41:14,"$87,128.01",$1.73T,$32.43B,19.96M BTC,0.42% (24h),81%,19%
2025-12-24 08:55:42,"$87,248.85",$1.74T,$32.24B,19.96M BTC,0.4% (24h),81%,19%
2025-12-24 09:26:43,"$87,249.78",$1.74T,$31.89B,19.96M BTC,0.46% (24h),81%,19%
2025-12-24 09:47:38,"$86,795.51",$1.73T,$32.05B,19.96M BTC,0.5% (24h),81%,19%
2025-12-24 09:59:33,"$86,886.43",$1.73T,$31.34B,19.96M BTC,0.26% (24h),81%,19%
2025-12-24 10:32:00,"$86,841.09",$1.73T,$30.08B,19.96M BTC,0.63% (24h),81%,19%
2025-12-24 10:52:16,"$86,898.27",$1.73T,$31.16B,19.96M BTC,0.4% (24h),81%,19%
2025-12-24 11:33:08,"$87,030.28",$1.73T,$30.35B,19.96M BTC,0.74% (24h),81%,19%
2025-12-24 11:56:26,"$87,199.56",$1.74T,$30.53B,19.96M BTC,0.95% (24h),81%,19%
2025-12-24 12:23:35,"$87,360.43",$1.74T,$30.55B,19.96M BTC,0.67% (24h),81%,19%
2025-12-24 12:44:59,"$87,306.88",$1.74T,$30.43B,19.96M BTC,0.49% (24h),81%,19%
2025-12-24 12:59:28,"$87,210.11",$1.74T,$30.17B,19.96M BTC,0.19% (24h),81%,19%
2025-12-24 13:42:58,"$87,390.58",$1.74T,$29.4B,19.96M BTC,0.73% (24h),81%,19%
2025-12-24 14:01:11,"$87,400.58",$1.74T,$28.88B,19.96M BTC,0.61% (24h),81%,19%
2025-12-24 14:26:09,"$87,346.02",$1.74T,$28.55B,19.96M BTC,0.49% (24h),81%,19%
2025-12-24 14:41:43,"$87,414.63",$1.74T,$28.49B,19.96M BTC,0.44% (24h),81%,19%
2025-12-24 14:54:40,"$87,490.46",$1.74T,$28.34B,19.96M BTC,0.28% (24h),81%,19%
2025-12-24 15:29:58,"$87,557.24",$1.74T,$28.11B,19.96M BTC,0.21% (24h),81%,19%
2025-12-24 15:48:30,"$87,529.62",$1.74T,$27.8B,19.96M BTC,0.55% (24h),81%,19%
2025-12-24 16:00:27,"$87,517.62",$1.74T,$27.18B,19.96M BTC,0.15% (24h),81%,19%
2025-12-24 16:28:44,"$87,648.98",$1.75T,$26.73B,19.96M BTC,0.09% (24h),81%,19%
2025-12-24 16:44:51,"$87,709.81",$1.75T,$26.02B,19.96M BTC,0.05% (24h),81%,19%
2025-12-24 16:59:51,"$87,637.45",$1.74T,$26.57B,19.96M BTC,0.03% (24h),81%,19%
2025-12-24 17:31:10,"$87,764.58",$1.75T,$26.28B,19.96M BTC,0.45% (24h),81%,19%
2025-12-24 17:50:53,"$87,908.30",$1.75T,$26.16B,19.96M BTC,0.44% (24h),81%,19%
2025-12-24 18:01:18,"$87,925.42",$1.75T,$26.12B,19.96M BTC,0.67% (24h),81%,19%
2025-12-24 18:29:35,"$87,563.43",$1.74T,$25.75B,19.96M BTC,0.23% (24h),81%,19%
2025-12-24 18:46:06,"$87,626.98",$1.74T,$25.49B,19.96M BTC,0.22% (24h),81%,19%
2025-12-24 18:58:58,"$87,611.96",$1.74T,$25.55B,19.96M BTC,0.23% (24h),81%,19%
2025-12-24 21:22:42,"$87,682.74",$1.75T,$24.02B,19.96M BTC,0.35% (24h),81%,19%
2025-12-24 22:49:56,"$87,741.68",$1.75T,$23.4B,19.96M BTC,0.49% (24h),81%,19%
2025-12-24 23:28:48,"$87,704.86",$1.75T,$23.12B,19.96M BTC,0.46% (24h),81%,19%
2025-12-25 00:00:30,"$87,736.04",$1.75T,$22.96B,19.96M BTC,0.75% (24h),81%,19%
2025-12-25 00:35:58,"$87,690.56",$1.75T,$22.85B,19.96M BTC,0.72% (24h),81%,19%
2025-12-25 00:54:16,"$87,716.47",$1.75T,$22.59B,19.96M BTC,0.91% (24h),81%,19%
2025-12-25 01:42:06,"$87,717.99",$1.75T,$22B,19.96M BTC,0.9% (24h),81%,19%
2025-12-25 02:03:57,"$87,765.11",$1.75T,$21.85B,19.96M BTC,0.88% (24h),81%,19%
2025-12-25 02:34:12,"$87,729.19",$1.75T,$21.82B,19.96M BTC,0.89% (24h),81%,19%
2025-12-25 02:50:31,"$87,710.76",$1.75T,$21.68B,19.96M BTC,0.71% (24h),81%,19%
2025-12-25 03:15:39,"$87,723.61",$1.75T,$21.33B,19.96M BTC,0.91% (24h),81%,19%
2025-12-25 03:47:48,"$87,423.72",$1.74T,$21.81B,19.96M BTC,0.6% (24h),81%,19%
2025-12-25 04:02:59,"$87,517.85",$1.74T,$21.85B,19.96M BTC,0.8% (24h),81%,19%
2025-12-25 04:36:20,"$87,394.89",$1.74T,$21.76B,19.96M BTC,0.7% (24h),81%,19%
2025-12-25 04:52:24,"$87,458.55",$1.74T,$21.81B,19.96M BTC,0.77% (24h),81%,19%
2025-12-25 05:29:52,"$87,359.53",$1.74T,$21.74B,19.96M BTC,0.42% (24h),81%,19%
2025-12-25 05:50:44,"$87,330.10",$1.74T,$21.87B,19.96M BTC,0.34% (24h),81%,19%
2025-12-25 06:02:21,"$87,384.55",$1.74T,$21.82B,19.96M BTC,0.31% (24h),81%,19%
2025-12-25 06:27:37,"$87,460.08",$1.74T,$21.57B,19.96M BTC,0.25% (24h),81%,19%
2025-12-25 06:44:26,"$87,464.25",$1.74T,$21.58B,19.96M BTC,0.31% (24h),81%,19%
2025-12-25 06:59:10,"$87,458.28",$1.74T,$21.5B,19.96M BTC,0.34% (24h),81%,19%
2025-12-25 07:59:59,"$87,515.78",$1.74T,$21.28B,19.96M BTC,0.14% (24h),81%,19%
2025-12-25 08:40:28,"$87,460.63",$1.74T,$21.05B,19.96M BTC,0.35% (24h),81%,19%
2025-12-25 08:56:21,"$87,601.20",$1.74T,$21.07B,19.96M BTC,0.39% (24h),81%,19%
2025-12-25 09:26:37,"$87,576.30",$1.74T,$20.9B,19.96M BTC,0.36% (24h),81%,19%
2025-12-25 09:47:23,"$87,594.89",$1.74T,$19.94B,19.96M BTC,0.93% (24h),81%,19%
2025-12-25 09:59:13,"$87,673.02",$1.75T,$19.83B,19.96M BTC,0.91% (24h),81%,19%
2025-12-25 10:31:16,"$88,013.76",$1.75T,$19.04B,19.96M BTC,1.3% (24h),81%,19%
2025-12-25 10:48:01,"$88,406.74",$1.76T,$19.2B,19.96M BTC,1.57% (24h),81%,19%
2025-12-25 11:00:02,"$88,259.41",$1.76T,$19.7B,19.96M BTC,1.45% (24h),81%,19%
2025-12-25 11:37:50,"$88,159.52",$1.76T,$19.68B,19.96M BTC,0.89% (24h),81%,19%
2025-12-25 11:57:21,"$88,053.52",$1.75T,$19.35B,19.96M BTC,0.97% (24h),81%,19%
2025-12-25 12:24:57,"$88,085.42",$1.75T,$19.18B,19.96M BTC,0.84% (24h),81%,19%
2025-12-25 12:44:27,"$87,999.56",$1.75T,$19.08B,19.96M BTC,0.8% (24h),81%,19%
2025-12-25 12:59:29,"$88,114.82",$1.75T,$18.96B,19.96M BTC,1.02% (24h),81%,19%
2025-12-25 13:41:32,"$88,162.71",$1.76T,$18.67B,19.96M BTC,0.88% (24h),81%,19%
2025-12-25 13:59:41,"$88,190.46",$1.76T,$18.61B,19.96M BTC,0.88% (24h),81%,19%
2025-12-25 14:25:42,"$88,050.48",$1.75T,$18.5B,19.96M BTC,0.79% (24h),81%,19%
2025-12-25 14:41:44,"$88,085.62",$1.75T,$18.49B,19.96M BTC,0.76% (24h),81%,19%
2025-12-25 14:54:11,"$88,095.48",$1.75T,$18.47B,19.96M BTC,0.69% (24h),81%,19%
2025-12-25 15:30:04,"$87,687.41",$1.75T,$18.31B,19.96M BTC,0.14% (24h),81%,19%
2025-12-25 15:48:39,"$87,820.80",$1.75T,$18.63B,19.96M BTC,0.33% (24h),81%,19%
2025-12-25 16:02:01,"$87,820.01",$1.75T,$18.67B,19.96M BTC,0.32% (24h),81%,19%
2025-12-25 16:30:01,"$87,905.93",$1.75T,$18.76B,19.96M BTC,0.28% (24h),81%,19%
2025-12-25 16:45:07,"$87,902.08",$1.75T,$18.65B,19.96M BTC,0.22% (24h),81%,19%
2025-12-25 16:59:03,"$87,851.85",$1.75T,$18.67B,19.96M BTC,0.27% (24h),81%,19%
2025-12-25 17:30:44,"$87,795.40",$1.75T,$18.66B,19.96M BTC,0.07% (24h),81%,19%
2025-12-25 17:48:15,"$87,516.40",$1.74T,$18.41B,19.96M BTC,0.45% (24h),81%,19%
2025-12-25 18:01:23,"$87,521.21",$1.74T,$18.82B,19.96M BTC,0.45% (24h),81%,19%
2025-12-25 18:29:33,"$87,464.33",$1.74T,$19B,19.96M BTC,0.09% (24h),81%,19%
2025-12-25 18:45:43,"$86,955.96",$1.73T,$19.58B,19.96M BTC,0.71% (24h),81%,19%
2025-12-25 18:58:58,"$87,234.73",$1.74T,$19.95B,19.96M BTC,0.43% (24h),81%,19%
2025-12-25 21:21:43,"$88,900.53",$1.77T,$22.36B,19.96M BTC,1.37% (24h),81%,19%
2025-12-25 22:46:10,"$88,690.10",$1.77T,$26.54B,19.96M BTC,1.07% (24h),81%,19%
2025-12-25 23:25:27,"$88,598.54",$1.76T,$28.29B,19.96M BTC,0.98% (24h),81%,19%
2025-12-25 23:57:19,"$88,918.82",$1.77T,$28.72B,19.96M BTC,1.32% (24h),81%,19%
2025-12-26 00:30:43,"$88,839.38",$1.77T,$28.97B,19.96M BTC,1.34% (24h),81%,19%
2025-12-26 00:50:38,"$88,830.15",$1.77T,$28.97B,19.96M BTC,1.25% (24h),81%,19%
2025-12-26 01:17:52,"$89,062.51",$1.77T,$29.46B,19.96M BTC,1.58% (24h),81%,19%
2025-12-26 01:52:40,"$89,063.20",$1.77T,$29.83B,19.96M BTC,1.5% (24h),81%,19%
2025-12-26 02:28:03,"$89,406.19",$1.78T,$30.36B,19.96M BTC,1.88% (24h),81%,19%
2025-12-26 02:45:05,"$88,762.04",$1.77T,$31.16B,19.96M BTC,1.19% (24h),81%,19%
2025-12-26 02:58:53,"$88,365.51",$1.76T,$32.45B,19.96M BTC,0.66% (24h),81%,19%
2025-12-26 03:39:45,"$88,578.97",$1.76T,$33.3B,19.96M BTC,1.32% (24h),81%,19%
2025-12-26 03:59:04,"$88,666.63",$1.77T,$33.17B,19.96M BTC,1.29% (24h),81%,19%
2025-12-26 04:33:22,"$88,683.70",$1.77T,$33.07B,19.96M BTC,1.44% (24h),81%,19%
2025-12-26 04:52:49,"$88,814.21",$1.77T,$33.36B,19.96M BTC,1.54% (24h),81%,19%
2025-12-26 05:29:46,"$88,764.62",$1.77T,$33.46B,19.96M BTC,1.6% (24h),81%,19%
2025-12-26 05:49:42,"$88,776.30",$1.77T,$33.36B,19.96M BTC,1.65% (24h),81%,19%
2025-12-26 06:02:40,"$88,670.82",$1.77T,$33.45B,19.96M BTC,1.47% (24h),81%,19%
2025-12-26 06:30:11,"$88,562.83",$1.76T,$33.41B,19.96M BTC,1.21% (24h),81%,19%
2025-12-26 06:45:33,"$88,529.83",$1.76T,$33.41B,19.96M BTC,1.21% (24h),81%,19%
2025-12-26 06:59:25,"$88,515.45",$1.76T,$33.61B,19.96M BTC,1.2% (24h),81%,19%
2025-12-26 08:00:03,"$88,618.73",$1.76T,$34.01B,19.96M BTC,1.25% (24h),81%,19%
2025-12-26 08:41:01,"$88,944.66",$1.77T,$34.01B,19.96M BTC,1.71% (24h),81%,19%
2025-12-26 08:56:43,"$88,974.43",$1.77T,$34.04B,19.96M BTC,1.56% (24h),81%,19%
2025-12-26 09:27:15,"$88,938.76",$1.77T,$34.1B,19.96M BTC,1.6% (24h),81%,19%
2025-12-26 09:48:14,"$88,313.57",$1.76T,$34.61B,19.96M BTC,0.81% (24h),81%,19%
2025-12-26 10:00:47,"$87,111.34",$1.73T,$35.86B,19.96M BTC,0.63% (24h),81%,19%
2025-12-26 10:32:05,"$87,053.12",$1.73T,$39.87B,19.96M BTC,1.06% (24h),81%,19%
2025-12-26 10:51:46,"$87,003.13",$1.73T,$40.9B,19.96M BTC,1.58% (24h),81%,19%
2025-12-26 11:16:24,"$87,040.95",$1.73T,$41.15B,19.96M BTC,1.41% (24h),81%,19%
2025-12-26 11:44:50,"$87,224.03",$1.74T,$41.64B,19.96M BTC,1.17% (24h),81%,19%
2025-12-26 11:59:22,"$86,812.37",$1.73T,$41.52B,19.96M BTC,1.4% (24h),81%,19%
2025-12-26 12:27:47,"$87,181.26",$1.74T,$41.78B,19.96M BTC,0.96% (24h),81%,19%
2025-12-26 12:45:40,"$87,280.86",$1.74T,$42.47B,19.96M BTC,0.81% (24h),81%,19%
2025-12-26 12:58:50,"$87,252.96",$1.74T,$42.4B,19.96M BTC,0.98% (24h),81%,19%
2025-12-26 13:41:31,"$87,179.09",$1.74T,$42.66B,19.96M BTC,1.09% (24h),81%,19%
2025-12-26 13:59:13,"$87,190.65",$1.74T,$42.78B,19.96M BTC,1.12% (24h),81%,19%
2025-12-26 14:25:18,"$87,292.09",$1.74T,$43.07B,19.96M BTC,0.86% (24h),81%,19%
2025-12-26 14:42:10,"$87,372.89",$1.74T,$43.26B,19.96M BTC,0.79% (24h),81%,19%
2025-12-26 14:58:49,"$87,398.69",$1.74T,$43.09B,19.96M BTC,0.79% (24h),81%,19%
2025-12-26 15:31:59,"$87,522.57",$1.74T,$43.74B,19.96M BTC,0.16% (24h),81%,19%
2025-12-26 15:52:31,"$87,660.32",$1.75T,$43.63B,19.96M BTC,0.18% (24h),81%,19%
2025-12-26 16:24:34,"$87,511.76",$1.74T,$43.47B,19.96M BTC,0.41% (24h),81%,19%
2025-12-26 16:43:08,"$87,427.95",$1.74T,$43.91B,19.96M BTC,0.53% (24h),81%,19%
2025-12-26 16:58:47,"$87,416.57",$1.74T,$43.91B,19.96M BTC,0.49% (24h),81%,19%
2025-12-26 17:30:26,"$87,376.02",$1.74T,$43.89B,19.96M BTC,0.47% (24h),81%,19%
2025-12-26 17:48:59,"$87,352.78",$1.74T,$44.02B,19.96M BTC,0.14% (24h),81%,19%
2025-12-26 18:01:02,"$87,468.76",$1.74T,$43.84B,19.96M BTC,0.08% (24h),81%,19%
2025-12-26 18:29:26,"$87,412.93",$1.74T,$43.33B,19.96M BTC,0.02% (24h),81%,19%
2025-12-26 18:46:19,"$87,290.33",$1.74T,$42.87B,19.96M BTC,0.36% (24h),81%,19%
2025-12-26 18:59:25,"$87,301.48",$1.74T,$42.45B,19.96M BTC,0.07% (24h),81%,19%
2025-12-26 21:19:32,"$87,378.65",$1.74T,$40.61B,19.96M BTC,1.22% (24h),81%,19%
2025-12-26 22:43:03,"$87,434.74",$1.74T,$35.07B,19.96M BTC,1.35% (24h),81%,19%
2025-12-26 23:23:11,"$87,414.03",$1.74T,$33.65B,19.96M BTC,1.41% (24h),81%,19%
2025-12-26 23:55:05,"$87,408.80",$1.74T,$33.2B,19.96M BTC,1.76% (24h),81%,19%
2025-12-27 00:27:59,"$87,398.10",$1.74T,$32.88B,19.96M BTC,1.61% (24h),81%,19%
2025-12-27 00:48:07,"$87,432.11",$1.74T,$32.72B,19.96M BTC,1.6% (24h),81%,19%
2025-12-27 01:00:07,"$87,447.64",$1.74T,$32.67B,19.96M BTC,1.66% (24h),81%,19%
2025-12-27 01:44:56,"$87,408.63",$1.74T,$32.19B,19.96M BTC,1.94% (24h),81%,19%
2025-12-27 02:01:49,"$87,415.61",$1.74T,$32.05B,19.96M BTC,1.84% (24h),81%,19%
2025-12-27 02:31:17,"$87,510.31",$1.74T,$31.27B,19.96M BTC,1.93% (24h),81%,19%
2025-12-27 02:46:07,"$87,465.29",$1.74T,$30.39B,19.96M BTC,1.42% (24h),81%,19%
2025-12-27 02:59:36,"$87,468.92",$1.74T,$29.32B,19.96M BTC,1.02% (24h),81%,19%
2025-12-27 03:38:23,"$87,545.44",$1.74T,$28.37B,19.96M BTC,1.17% (24h),81%,19%
2025-12-27 03:57:03,"$87,536.59",$1.74T,$28.21B,19.96M BTC,1.27% (24h),81%,19%
2025-12-27 04:27:51,"$87,549.73",$1.74T,$28.06B,19.96M BTC,1.28% (24h),81%,19%
2025-12-27 04:44:49,"$87,547.15",$1.74T,$28.19B,19.96M BTC,1.3% (24h),81%,19%
2025-12-27 04:59:01,"$87,568.83",$1.74T,$28.15B,19.96M BTC,1.37% (24h),81%,19%
2025-12-27 05:31:34,"$87,491.44",$1.74T,$27.89B,19.96M BTC,1.38% (24h),81%,19%
2025-12-27 05:49:06,"$87,416.31",$1.74T,$27.86B,19.96M BTC,1.52% (24h),81%,19%
2025-12-27 06:01:31,"$87,463.84",$1.74T,$27.8B,19.96M BTC,1.38% (24h),81%,19%
2025-12-27 06:25:34,"$87,469.10",$1.74T,$28.01B,19.96M BTC,1.26% (24h),81%,19%
2025-12-27 06:41:35,"$87,437.37",$1.74T,$27.91B,19.96M BTC,1.26% (24h),81%,19%
2025-12-27 06:54:00,"$87,466.75",$1.74T,$27.85B,19.96M BTC,1.18% (24h),81%,19%
2025-12-27 07:51:52,"$87,418.66",$1.74T,$27.36B,19.96M BTC,1.37% (24h),81%,19%
2025-12-27 08:24:50,"$87,351.32",$1.74T,$27.29B,19.96M BTC,1.55% (24h),81%,19%
2025-12-27 08:47:36,"$87,412.88",$1.74T,$27.03B,19.96M BTC,1.65% (24h),81%,19%
2025-12-27 08:59:46,"$87,419.90",$1.74T,$26.99B,19.96M BTC,1.75% (24h),81%,19%
2025-12-27 09:29:48,"$87,361.75",$1.74T,$26.54B,19.96M BTC,1.76% (24h),81%,19%
2025-12-27 09:46:54,"$87,470.85",$1.74T,$25.87B,19.96M BTC,0.92% (24h),81%,19%
2025-12-27 09:59:08,"$87,484.79",$1.74T,$24.49B,19.96M BTC,0.11% (24h),81%,19%
2025-12-27 10:28:56,"$87,473.37",$1.74T,$20.89B,19.96M BTC,0.72% (24h),81%,19%
2025-12-27 10:45:00,"$87,528.53",$1.74T,$19.36B,19.96M BTC,0.74% (24h),81%,19%
2025-12-27 10:58:44,"$87,508.02",$1.74T,$18.88B,19.96M BTC,0.59% (24h),81%,19%
2025-12-27 11:35:42,"$87,465.82",$1.74T,$17.42B,19.96M BTC,0.38% (24h),81%,19%
2025-12-27 11:55:17,"$87,453.48",$1.74T,$17.13B,19.96M BTC,0.33% (24h),81%,19%
2025-12-27 12:23:26,"$87,463.34",$1.74T,$16.39B,19.96M BTC,0.62% (24h),81%,19%
2025-12-27 12:43:54,"$87,484.52",$1.74T,$15.88B,19.96M BTC,0.14% (24h),81%,19%
2025-12-27 12:58:57,"$87,501.38",$1.74T,$15.73B,19.96M BTC,0.26% (24h),81%,19%
2025-12-27 13:40:18,"$87,481.75",$1.74T,$15.32B,19.96M BTC,0.3% (24h),81%,19%
2025-12-27 13:58:01,"$87,437.69",$1.74T,$15.11B,19.96M BTC,0.24% (24h),81%,19%
2025-12-27 14:23:06,"$87,484.22",$1.74T,$14.8B,19.96M BTC,0.18% (24h),81%,19%
2025-12-27 14:41:17,"$87,492.81",$1.74T,$14.77B,19.96M BTC,0.15% (24h),81%,19%
2025-12-27 14:53:48,"$87,512.94",$1.74T,$14.53B,19.96M BTC,0.14% (24h),81%,19%
2025-12-27 15:29:34,"$87,496.77",$1.74T,$14.32B,19.96M BTC,0.04% (24h),81%,19%
2025-12-27 15:47:27,"$87,498.23",$1.74T,$14.08B,19.96M BTC,0.22% (24h),81%,19%
2025-12-27 15:59:07,"$87,495.93",$1.74T,$13.91B,19.96M BTC,0.06% (24h),81%,19%
2025-12-27 16:27:02,"$87,575.58",$1.74T,$13.67B,19.96M BTC,0.06% (24h),81%,19%
2025-12-27 16:43:39,"$87,576.44",$1.74T,$13.42B,19.96M BTC,0.17% (24h),81%,19%
2025-12-27 16:59:01,"$87,607.74",$1.74T,$13.42B,19.96M BTC,0.21% (24h),81%,19%
2025-12-27 17:29:26,"$87,649.70",$1.75T,$13.6B,19.96M BTC,0.33% (24h),81%,19%
2025-12-27 17:47:28,"$87,496.13",$1.74T,$13.52B,19.96M BTC,0.24% (24h),81%,19%
2025-12-27 18:00:19,"$87,526.56",$1.74T,$13.56B,19.96M BTC,0.05% (24h),81%,19%
2025-12-27 18:29:08,"$87,615.98",$1.74T,$13.6B,19.96M BTC,0.23% (24h),81%,19%
2025-12-27 18:44:56,"$87,619.86",$1.74T,$13.52B,19.96M BTC,0.37% (24h),81%,19%
2025-12-27 18:59:28,"$87,796.68",$1.75T,$13.74B,19.96M BTC,0.56% (24h),81%,19%
2025-12-27 21:34:48,"$87,796.60",$1.75T,$13.76B,19.96M BTC,0.48% (24h),81%,19%
2025-12-27 23:02:42,"$87,635.57",$1.74T,$13.81B,19.96M BTC,0.22% (24h),81%,19%
2025-12-27 23:54:49,"$87,653.02",$1.75T,$13.91B,19.96M BTC,0.27% (24h),81%,19%
2025-12-28 00:32:07,"$87,575.14",$1.74T,$13.93B,19.96M BTC,0.2% (24h),81%,19%
2025-12-28 00:52:24,"$87,608.44",$1.74T,$13.99B,19.96M BTC,0.2% (24h),81%,19%
2025-12-28 01:21:26,"$87,671.73",$1.75T,$13.85B,19.96M BTC,0.3% (24h),81%,19%
2025-12-28 01:52:22,"$87,688.97",$1.75T,$13.83B,19.96M BTC,0.34% (24h),81%,19%
2025-12-28 02:27:06,"$87,613.86",$1.74T,$13.71B,19.96M BTC,0.01% (24h),81%,19%
2025-12-28 02:43:52,"$87,598.53",$1.74T,$13.56B,19.96M BTC,0.12% (24h),81%,19%
2025-12-28 02:59:27,"$87,659.00",$1.75T,$13.57B,19.96M BTC,0.2% (24h),81%,19%
2025-12-28 03:38:41,"$87,713.27",$1.75T,$13.33B,19.96M BTC,0.2% (24h),81%,19%
2025-12-28 03:57:35,"$87,754.96",$1.75T,$13.58B,19.96M BTC,0.24% (24h),81%,19%
2025-12-28 04:28:56,"$87,814.35",$1.75T,$13.45B,19.96M BTC,0.28% (24h),81%,19%
2025-12-28 04:46:08,"$87,708.76",$1.75T,$12.92B,19.96M BTC,0.18% (24h),81%,19%
2025-12-28 04:59:09,"$87,721.35",$1.75T,$13.29B,19.96M BTC,0.17% (24h),81%,19%
2025-12-28 05:32:05,"$87,845.81",$1.75T,$13.43B,19.96M BTC,0.4% (24h),81%,19%
2025-12-28 05:52:58,"$87,784.85",$1.75T,$13.55B,19.96M BTC,0.4% (24h),81%,19%
2025-12-28 06:22:51,"$87,832.30",$1.75T,$13.42B,19.96M BTC,0.39% (24h),81%,19%
2025-12-28 06:42:39,"$87,760.08",$1.75T,$13.5B,19.96M BTC,0.36% (24h),81%,19%
2025-12-28 06:59:39,"$87,804.57",$1.75T,$13.52B,19.96M BTC,0.44% (24h),81%,19%
2025-12-28 07:59:34,"$87,788.08",$1.75T,$13.53B,19.96M BTC,0.41% (24h),81%,19%
2025-12-28 08:36:33,"$87,845.30",$1.75T,$13.68B,19.96M BTC,0.56% (24h),81%,19%
2025-12-28 08:52:35,"$87,847.05",$1.75T,$13.6B,19.96M BTC,0.49% (24h),81%,19%
2025-12-28 09:25:47,"$87,879.44",$1.75T,$13.68B,19.96M BTC,0.59% (24h),81%,19%
2025-12-28 09:46:01,"$87,926.72",$1.75T,$13.5B,19.96M BTC,0.54% (24h),81%,19%
2025-12-28 09:59:18,"$87,852.27",$1.75T,$13.62B,19.96M BTC,0.41% (24h),81%,19%
2025-12-28 10:29:57,"$87,898.14",$1.75T,$13.79B,19.96M BTC,0.48% (24h),81%,19%
2025-12-28 10:46:27,"$87,863.86",$1.75T,$13.79B,19.96M BTC,0.37% (24h),81%,19%
2025-12-28 10:59:30,"$87,780.95",$1.75T,$13.8B,19.96M BTC,0.3% (24h),81%,19%
2025-12-28 11:36:52,"$87,762.91",$1.75T,$13.97B,19.96M BTC,0.34% (24h),81%,19%
2025-12-28 11:55:35,"$87,752.78",$1.75T,$14.01B,19.96M BTC,0.34% (24h),81%,19%
2025-12-28 12:24:15,"$87,824.86",$1.75T,$13.87B,19.96M BTC,0.38% (24h),81%,19%
2025-12-28 12:44:44,"$87,755.75",$1.75T,$13.89B,19.96M BTC,0.31% (24h),81%,19%
2025-12-28 12:59:26,"$87,693.30",$1.75T,$13.94B,19.96M BTC,0.21% (24h),81%,19%
2025-12-28 13:41:46,"$87,665.49",$1.75T,$14.31B,19.96M BTC,0.21% (24h),81%,19%
2025-12-28 14:00:00,"$87,538.58",$1.74T,$14.44B,19.96M BTC,0.11% (24h),81%,19%
2025-12-28 14:25:33,"$87,471.63",$1.74T,$14.54B,19.96M BTC,0.03% (24h),81%,19%
2025-12-28 14:41:24,"$87,564.04",$1.74T,$14.71B,19.96M BTC,0.07% (24h),81%,19%
2025-12-28 14:54:05,"$87,516.12",$1.74T,$14.84B,19.96M BTC,0% (24h),81%,19%
2025-12-28 15:30:06,"$87,501.18",$1.74T,$14.95B,19.96M BTC,0% (24h),81%,19%
2025-12-28 15:48:31,"$87,537.47",$1.74T,$14.97B,19.96M BTC,0.04% (24h),81%,19%
2025-12-28 16:00:55,"$87,455.06",$1.74T,$14.99B,19.96M BTC,0.05% (24h),81%,19%
2025-12-28 16:29:20,"$87,470.29",$1.74T,$15.17B,19.96M BTC,0.12% (24h),81%,19%
2025-12-28 16:45:00,"$87,519.24",$1.74T,$15.17B,19.96M BTC,0.06% (24h),81%,19%
2025-12-28 16:59:28,"$87,500.81",$1.74T,$15.22B,19.96M BTC,0.11% (24h),81%,19%
2025-12-28 17:30:57,"$87,537.56",$1.74T,$14.88B,19.96M BTC,0.09% (24h),81%,19%
2025-12-28 17:48:37,"$87,617.57",$1.74T,$14.85B,19.96M BTC,0.13% (24h),81%,19%
2025-12-28 18:00:33,"$87,948.49",$1.75T,$14.9B,19.96M BTC,0.5% (24h),81%,19%
2025-12-28 18:29:23,"$87,657.07",$1.75T,$15.18B,19.96M BTC,0.05% (24h),81%,19%
2025-12-28 18:45:44,"$87,745.22",$1.75T,$15.29B,19.96M BTC,0.14% (24h),81%,19%
2025-12-28 18:59:24,"$87,834.03",$1.75T,$15.15B,19.96M BTC,0.03% (24h),81%,19%
2025-12-28 21:32:41,"$89,068.98",$1.77T,$19.27B,19.96M BTC,1.49% (24h),81%,19%
2025-12-28 23:05:48,"$90,031.14",$1.79T,$23.7B,19.96M BTC,2.65% (24h),81%,19%
2025-12-28 23:59:26,"$90,080.91",$1.79T,$25.74B,19.96M BTC,2.76% (24h),81%,19%
2025-12-29 00:39:17,"$90,057.02",$1.79T,$26.73B,19.96M BTC,2.78% (24h),81%,19%
2025-12-29 00:58:26,"$89,927.11",$1.79T,$27.09B,19.96M BTC,2.67% (24h),81%,19%
2025-12-29 01:50:48,"$89,770.31",$1.79T,$27.7B,19.96M BTC,2.35% (24h),81%,19%
2025-12-29 02:19:33,"$89,543.24",$1.78T,$28.65B,19.96M BTC,2.19% (24h),81%,19%
2025-12-29 02:44:32,"$89,448.40",$1.78T,$29.29B,19.96M BTC,2.1% (24h),81%,19%
2025-12-29 02:58:51,"$89,539.48",$1.78T,$29.56B,19.96M BTC,2.15% (24h),81%,19%
2025-12-29 03:44:08,"$89,593.14",$1.78T,$30.65B,19.96M BTC,2.03% (24h),81%,19%
2025-12-29 04:17:59,"$89,366.75",$1.78T,$31.72B,19.96M BTC,1.79% (24h),81%,19%
2025-12-29 04:49:13,"$87,984.57",$1.75T,$34.08B,19.96M BTC,0.3% (24h),81%,19%
2025-12-29 05:02:09,"$87,961.62",$1.75T,$34.11B,19.96M BTC,0.25% (24h),81%,19%
2025-12-29 05:37:43,"$87,873.61",$1.75T,$35.6B,19.96M BTC,0% (24h),81%,19%
2025-12-29 05:55:55,"$87,781.79",$1.75T,$35.74B,19.96M BTC,0% (24h),81%,19%
2025-12-29 06:25:53,"$87,638.88",$1.75T,$36.37B,19.96M BTC,0.21% (24h),81%,19%
2025-12-29 06:44:49,"$87,561.85",$1.74T,$36.72B,19.96M BTC,0.23% (24h),81%,19%
2025-12-29 06:59:39,"$87,487.98",$1.74T,$36.69B,19.96M BTC,0.34% (24h),81%,19%
2025-12-29 08:04:31,"$87,403.51",$1.74T,$39.74B,19.96M BTC,0.47% (24h),81%,19%
2025-12-29 08:50:27,"$87,114.19",$1.73T,$40.56B,19.96M BTC,0.82% (24h),81%,19%
2025-12-29 09:03:45,"$87,261.81",$1.74T,$39.2B,19.96M BTC,0.72% (24h),81%,19%
2025-12-29 09:39:19,"$87,927.72",$1.75T,$41.5B,19.96M BTC,0.01% (24h),81%,19%
2025-12-29 09:56:39,"$87,549.86",$1.74T,$41.92B,19.96M BTC,0.35% (24h),81%,19%
2025-12-29 10:30:24,"$87,634.85",$1.74T,$43.86B,19.96M BTC,0.29% (24h),81%,19%
2025-12-29 10:50:24,"$87,610.80",$1.74T,$44.75B,19.96M BTC,0.3% (24h),81%,19%
2025-12-29 11:02:43,"$87,627.53",$1.74T,$44.72B,19.96M BTC,0.16% (24h),81%,19%
2025-12-29 11:41:43,"$87,539.12",$1.74T,$45.29B,19.96M BTC,0.24% (24h),81%,19%
2025-12-29 11:59:30,"$87,537.02",$1.74T,$44.07B,19.96M BTC,0.24% (24h),81%,19%
2025-12-29 12:29:06,"$87,282.61",$1.74T,$46.08B,19.96M BTC,0.61% (24h),81%,19%
2025-12-29 12:47:25,"$87,592.14",$1.74T,$46.5B,19.96M BTC,0.18% (24h),81%,19%
2025-12-29 12:59:45,"$87,722.80",$1.75T,$46.18B,19.96M BTC,0.03% (24h),81%,19%
2025-12-29 13:46:51,"$87,478.41",$1.74T,$46.71B,19.96M BTC,0.17% (24h),81%,19%
2025-12-29 14:01:39,"$87,362.99",$1.74T,$46.85B,19.96M BTC,0.2% (24h),81%,19%
2025-12-29 14:26:24,"$87,427.16",$1.74T,$47.17B,19.96M BTC,0.03% (24h),81%,19%
2025-12-29 14:42:03,"$87,300.25",$1.74T,$46.81B,19.96M BTC,0.3% (24h),81%,19%
2025-12-29 14:59:06,"$87,238.09",$1.74T,$47.45B,19.96M BTC,0.28% (24h),81%,19%
2025-12-29 15:34:54,"$87,227.67",$1.74T,$47.74B,19.96M BTC,0.36% (24h),81%,19%
2025-12-29 15:54:15,"$86,998.38",$1.73T,$47.68B,19.96M BTC,0.64% (24h),81%,19%
2025-12-29 16:25:48,"$87,148.93",$1.74T,$48.76B,19.96M BTC,0.34% (24h),81%,19%
2025-12-29 16:44:01,"$87,238.30",$1.74T,$48.54B,19.96M BTC,0.31% (24h),81%,19%
2025-12-29 16:58:59,"$87,224.46",$1.74T,$48.9B,19.96M BTC,0.31% (24h),81%,19%
2025-12-29 17:30:15,"$87,105.29",$1.73T,$49.22B,19.96M BTC,0.49% (24h),81%,19%
2025-12-29 17:49:20,"$87,272.53",$1.74T,$48.96B,19.96M BTC,0.47% (24h),81%,19%
2025-12-29 18:00:52,"$87,236.65",$1.74T,$48.64B,19.96M BTC,0.67% (24h),81%,19%
2025-12-29 18:30:04,"$87,113.56",$1.73T,$48.38B,19.96M BTC,0.61% (24h),81%,19%
2025-12-29 18:46:46,"$87,098.31",$1.73T,$48.26B,19.96M BTC,0.74% (24h),81%,19%
2025-12-29 18:59:58,"$87,134.13",$1.73T,$48.46B,19.96M BTC,0.79% (24h),81%,19%
2025-12-29 21:23:32,"$87,162.95",$1.74T,$45.61B,19.96M BTC,1.98% (24h),81%,19%
2025-12-29 22:51:03,"$87,232.30",$1.74T,$43.62B,19.96M BTC,2.99% (24h),81%,19%
2025-12-29 23:32:57,"$87,304.18",$1.74T,$40.8B,19.96M BTC,3% (24h),81%,19%
2025-12-30 00:03:10,"$87,216.79",$1.74T,$40.28B,19.96M BTC,3.1% (24h),81%,19%
2025-12-30 00:39:12,"$87,099.36",$1.73T,$39.27B,19.96M BTC,3.27% (24h),81%,19%
2025-12-30 00:55:40,"$87,125.27",$1.73T,$39.25B,19.96M BTC,3.04% (24h),81%,19%
2025-12-30 01:42:12,"$87,380.04",$1.74T,$38.65B,19.96M BTC,2.72% (24h),81%,19%
2025-12-30 02:02:45,"$87,311.66",$1.74T,$38.63B,19.96M BTC,2.67% (24h),81%,19%
2025-12-30 02:34:39,"$87,346.04",$1.74T,$37.96B,19.96M BTC,2.42% (24h),81%,19%
2025-12-30 02:51:47,"$87,386.19",$1.74T,$37.8B,19.96M BTC,2.4% (24h),81%,19%
2025-12-30 03:20:46,"$88,039.90",$1.75T,$37.78B,19.96M BTC,1.75% (24h),81%,19%
2025-12-30 03:50:35,"$87,849.98",$1.75T,$38.15B,19.96M BTC,2.01% (24h),81%,19%
2025-12-30 04:16:26,"$87,663.78",$1.75T,$37.28B,19.96M BTC,1.94% (24h),81%,19%
2025-12-30 04:43:58,"$87,740.37",$1.75T,$36.14B,19.96M BTC,0.45% (24h),81%,19%
2025-12-30 04:58:48,"$87,880.02",$1.75T,$35.21B,19.96M BTC,0.1% (24h),81%,19%
2025-12-30 05:34:59,"$87,888.05",$1.75T,$34.3B,19.96M BTC,0% (24h),81%,19%
2025-12-30 05:55:14,"$87,861.50",$1.75T,$32.99B,19.96M BTC,0.06% (24h),81%,19%
2025-12-30 06:25:44,"$87,824.65",$1.75T,$33.88B,19.96M BTC,0.21% (24h),81%,19%
2025-12-30 06:44:29,"$87,783.97",$1.75T,$33.97B,19.96M BTC,0.22% (24h),81%,19%
2025-12-30 06:59:35,"$87,756.60",$1.75T,$33.44B,19.96M BTC,0.28% (24h),81%,19%
2025-12-30 08:03:11,"$87,896.38",$1.75T,$31.72B,19.96M BTC,0.57% (24h),81%,19%
2025-12-30 08:49:13,"$87,950.13",$1.75T,$31.76B,19.96M BTC,0.9% (24h),81%,19%
2025-12-30 09:01:54,"$87,958.12",$1.75T,$31.59B,19.96M BTC,0.8% (24h),81%,19%
2025-12-30 09:35:22,"$87,922.64",$1.75T,$31.36B,19.96M BTC,0.08% (24h),81%,19%
2025-12-30 09:55:15,"$88,788.78",$1.77T,$31.25B,19.96M BTC,1.38% (24h),81%,19%
2025-12-30 10:30:25,"$88,373.06",$1.76T,$32.71B,19.96M BTC,0.83% (24h),81%,19%
2025-12-30 10:50:02,"$88,802.76",$1.77T,$32.75B,19.96M BTC,1.36% (24h),81%,19%
2025-12-30 11:01:38,"$88,988.93",$1.77T,$33.36B,19.96M BTC,1.62% (24h),81%,19%
2025-12-30 11:41:27,"$88,621.97",$1.76T,$35.16B,19.96M BTC,1.23% (24h),81%,19%
2025-12-30 12:01:41,"$88,713.46",$1.77T,$35.55B,19.96M BTC,1.33% (24h),81%,19%
2025-12-30 12:33:08,"$88,527.08",$1.76T,$35.45B,19.96M BTC,1.27% (24h),81%,19%
2025-12-30 12:53:31,"$88,341.40",$1.76T,$35.53B,19.96M BTC,0.74% (24h),81%,19%
2025-12-30 13:40:16,"$88,335.48",$1.76T,$35.91B,19.96M BTC,0.88% (24h),81%,19%
2025-12-30 14:00:17,"$88,226.45",$1.76T,$36.08B,19.96M BTC,1.01% (24h),81%,19%
2025-12-30 14:25:52,"$88,161.01",$1.76T,$35.3B,19.96M BTC,0.85% (24h),81%,19%
2025-12-30 14:41:46,"$88,237.46",$1.76T,$35.54B,19.96M BTC,1.06% (24h),81%,19%
2025-12-30 14:54:40,"$88,117.80",$1.75T,$36.38B,19.96M BTC,1% (24h),81%,19%
2025-12-30 15:30:51,"$87,984.11",$1.75T,$35.88B,19.96M BTC,0.83% (24h),81%,19%
2025-12-30 15:49:32,"$87,937.08",$1.75T,$36.17B,19.96M BTC,1.02% (24h),81%,19%
2025-12-30 16:01:52,"$87,876.46",$1.75T,$35.81B,19.96M BTC,0.82% (24h),81%,19%
2025-12-30 16:30:55,"$88,093.28",$1.75T,$35.64B,19.96M BTC,1.04% (24h),81%,19%
2025-12-30 16:47:19,"$88,231.70",$1.76T,$35.6B,19.96M BTC,1.15% (24h),81%,19%
2025-12-30 16:59:15,"$88,177.81",$1.76T,$35.51B,19.96M BTC,1.09% (24h),81%,19%
2025-12-30 17:30:20,"$88,343.54",$1.76T,$35.82B,19.96M BTC,1.41% (24h),81%,19%
2025-12-30 17:49:09,"$88,286.60",$1.76T,$35.29B,19.96M BTC,1.15% (24h),81%,19%
2025-12-30 18:01:05,"$88,358.49",$1.76T,$35.55B,19.96M BTC,1.28% (24h),81%,19%
2025-12-30 18:29:10,"$88,433.30",$1.76T,$35.6B,19.96M BTC,1.39% (24h),81%,19%
2025-12-30 18:46:18,"$88,443.98",$1.76T,$35.5B,19.96M BTC,1.54% (24h),81%,19%
2025-12-30 18:59:10,"$88,427.89",$1.76T,$35.58B,19.96M BTC,1.48% (24h),81%,19%
2025-12-30 21:23:15,"$88,611.77",$1.76T,$36.17B,19.96M BTC,1.65% (24h),81%,19%
2025-12-30 22:50:38,"$88,350.48",$1.76T,$35.04B,19.96M BTC,1.26% (24h),81%,19%
2025-12-30 23:31:27,"$88,327.38",$1.76T,$33.9B,19.96M BTC,1.1% (24h),81%,19%
2025-12-31 00:00:41,"$88,241.87",$1.76T,$35.11B,19.96M BTC,1.19% (24h),81%,19%
2025-12-31 00:38:00,"$88,330.30",$1.76T,$34.8B,19.96M BTC,1.43% (24h),81%,19%
2025-12-31 00:55:12,"$88,367.16",$1.76T,$34.87B,19.96M BTC,1.41% (24h),81%,19%
2025-12-31 01:42:06,"$88,413.25",$1.76T,$34.86B,19.96M BTC,1.18% (24h),81%,19%
2025-12-31 02:14:24,"$88,376.73",$1.76T,$34.98B,19.96M BTC,1.18% (24h),81%,19%
2025-12-31 02:42:00,"$88,517.14",$1.76T,$34.97B,19.96M BTC,1.3% (24h),81%,19%
2025-12-31 02:55:11,"$88,495.39",$1.76T,$34.96B,19.96M BTC,1.28% (24h),81%,19%
2025-12-31 03:37:27,"$88,469.18",$1.76T,$33.85B,19.96M BTC,0.86% (24h),81%,19%
2025-12-31 04:00:39,"$88,349.38",$1.76T,$33.51B,19.96M BTC,0.67% (24h),81%,19%
2025-12-31 04:35:50,"$88,461.37",$1.76T,$33.52B,19.96M BTC,0.94% (24h),81%,19%
2025-12-31 04:53:37,"$88,576.11",$1.76T,$33.51B,19.96M BTC,0.8% (24h),81%,19%
2025-12-31 05:29:08,"$88,656.58",$1.77T,$32.68B,19.96M BTC,0.87% (24h),81%,19%
2025-12-31 05:50:45,"$88,646.06",$1.77T,$33.58B,19.96M BTC,0.72% (24h),81%,19%
2025-12-31 06:10:39,"$88,833.21",$1.77T,$33.66B,19.96M BTC,1.09% (24h),81%,19%
2025-12-31 06:31:34,"$88,821.17",$1.77T,$33.52B,19.96M BTC,1.14% (24h),81%,19%
2025-12-31 06:45:44,"$88,846.61",$1.77T,$33.94B,19.96M BTC,1.22% (24h),81%,19%
2025-12-31 06:59:06,"$88,863.51",$1.77T,$33.7B,19.96M BTC,1.26% (24h),81%,19%
2025-12-31 08:01:05,"$88,680.65",$1.77T,$33.77B,19.96M BTC,0.88% (24h),81%,19%
2025-12-31 08:41:08,"$88,645.47",$1.77T,$33.78B,19.96M BTC,0.79% (24h),81%,19%
2025-12-31 08:56:37,"$88,871.26",$1.77T,$33.91B,19.96M BTC,1% (24h),81%,19%
2025-12-31 09:27:04,"$88,878.81",$1.77T,$34.2B,19.96M BTC,0.94% (24h),81%,19%
2025-12-31 09:48:28,"$88,215.22",$1.76T,$34.11B,19.96M BTC,0.16% (24h),81%,19%
2025-12-31 10:00:34,"$88,337.17",$1.76T,$34.15B,19.96M BTC,0.5% (24h),81%,19%
2025-12-31 10:31:44,"$87,811.45",$1.75T,$32.79B,19.96M BTC,0.64% (24h),81%,19%
2025-12-31 10:48:26,"$87,930.30",$1.75T,$33.83B,19.96M BTC,0.82% (24h),81%,19%
2025-12-31 11:00:56,"$87,831.77",$1.75T,$33.4B,19.96M BTC,1.22% (24h),81%,19%
2025-12-31 11:38:23,"$87,624.87",$1.74T,$32.54B,19.96M BTC,1.29% (24h),81%,19%
2025-12-31 11:57:04,"$87,504.37",$1.74T,$32.81B,19.96M BTC,1.29% (24h),81%,19%
2025-12-31 12:25:48,"$87,479.90",$1.74T,$32.94B,19.96M BTC,1.25% (24h),81%,19%
2025-12-31 12:45:16,"$87,499.56",$1.74T,$33.08B,19.96M BTC,1.07% (24h),81%,19%
2025-12-31 12:59:18,"$87,509.63",$1.74T,$32.91B,19.96M BTC,0.93% (24h),81%,19%
2025-12-31 13:42:16,"$87,752.08",$1.75T,$32.66B,19.96M BTC,0.63% (24h),81%,19%
2025-12-31 14:01:55,"$87,642.28",$1.75T,$32.43B,19.96M BTC,0.6% (24h),81%,19%
2025-12-31 14:26:11,"$87,575.33",$1.74T,$32.34B,19.96M BTC,0.67% (24h),81%,19%
2025-12-31 14:41:21,"$87,553.72",$1.74T,$32.75B,19.96M BTC,0.74% (24h),81%,19%
2025-12-31 14:53:53,"$87,526.38",$1.74T,$32.94B,19.96M BTC,0.62% (24h),81%,19%
2025-12-31 15:30:13,"$87,342.58",$1.74T,$33.24B,19.96M BTC,0.72% (24h),81%,19%
2025-12-31 15:48:55,"$87,265.95",$1.74T,$33.47B,19.96M BTC,0.78% (24h),81%,19%
2025-12-31 16:00:30,"$87,558.72",$1.74T,$32.78B,19.96M BTC,0.3% (24h),81%,19%
2025-12-31 16:29:25,"$87,609.05",$1.74T,$33.65B,19.96M BTC,0.51% (24h),81%,19%
2025-12-31 16:45:22,"$87,673.25",$1.75T,$33.75B,19.96M BTC,0.58% (24h),81%,19%
2025-12-31 16:58:59,"$87,643.11",$1.75T,$34.16B,19.96M BTC,0.59% (24h),81%,19%
2025-12-31 17:31:06,"$87,718.14",$1.75T,$33.95B,19.96M BTC,0.72% (24h),81%,19%
2025-12-31 17:50:03,"$87,597.34",$1.74T,$33.96B,19.96M BTC,0.75% (24h),81%,19%
2025-12-31 18:02:01,"$87,582.93",$1.74T,$34.16B,19.96M BTC,0.87% (24h),81%,19%
2025-12-31 18:31:43,"$87,536.83",$1.74T,$33.85B,19.96M BTC,1.05% (24h),81%,19%
2025-12-31 18:47:06,"$87,522.55",$1.74T,$33.77B,19.96M BTC,1.02% (24h),81%,19%
2025-12-31 18:59:27,"$87,507.59",$1.74T,$33.83B,19.96M BTC,1.04% (24h),81%,19%
2025-12-31 21:35:10,"$87,859.35",$1.75T,$33.18B,19.96M BTC,0.82% (24h),81%,19%
2025-12-31 23:05:09,"$87,678.21",$1.75T,$32.54B,19.96M BTC,0.75% (24h),81%,19%
2025-12-31 23:57:34,"$87,434.73",$1.74T,$32.99B,19.96M BTC,0.91% (24h),81%,19%
2026-01-01 00:35:42,"$87,572.60",$1.74T,$33.11B,19.96M BTC,0.88% (24h),81%,19%
2026-01-01 00:56:33,"$87,555.60",$1.74T,$33.08B,19.96M BTC,0.92% (24h),81%,19%
2026-01-01 01:42:36,"$87,514.55",$1.74T,$32.85B,19.96M BTC,1.01% (24h),81%,19%
2026-01-01 02:13:32,"$87,483.19",$1.74T,$32.91B,19.96M BTC,1% (24h),81%,19%
2026-01-01 02:40:30,"$87,507.84",$1.74T,$32.5B,19.96M BTC,1.12% (24h),81%,19%
2026-01-01 02:53:33,"$87,508.47",$1.74T,$32.36B,19.96M BTC,1.1% (24h),81%,19%
2026-01-01 03:37:02,"$87,607.28",$1.74T,$32.36B,19.96M BTC,0.98% (24h),81%,19%
2026-01-01 03:58:58,"$87,598.37",$1.74T,$31.92B,19.96M BTC,0.81% (24h),81%,19%
2026-01-01 04:34:54,"$87,701.23",$1.75T,$31.79B,19.96M BTC,0.86% (24h),81%,19%
2026-01-01 04:53:25,"$87,718.90",$1.75T,$31.54B,19.96M BTC,0.96% (24h),81%,19%
2026-01-01 05:30:39,"$87,701.38",$1.75T,$31.22B,19.96M BTC,1.06% (24h),81%,19%
2026-01-01 05:51:28,"$87,694.22",$1.75T,$30.88B,19.96M BTC,1.07% (24h),81%,19%
2026-01-01 06:13:40,"$87,781.74",$1.75T,$30.48B,19.97M BTC,1.16% (24h),81%,19%
2026-01-01 06:34:52,"$87,783.68",$1.75T,$30.31B,19.97M BTC,1.19% (24h),81%,19%
2026-01-01 06:49:28,"$87,802.02",$1.75T,$30.32B,19.97M BTC,1.22% (24h),81%,19%
2026-01-01 07:02:11,"$87,869.41",$1.75T,$29.75B,19.97M BTC,1.17% (24h),81%,19%
2026-01-01 08:04:15,"$87,796.47",$1.75T,$28.87B,19.97M BTC,1% (24h),81%,19%
2026-01-01 08:46:12,"$87,832.28",$1.75T,$28.56B,19.97M BTC,0.95% (24h),81%,19%
2026-01-01 09:00:06,"$87,793.84",$1.75T,$28.2B,19.97M BTC,1.21% (24h),81%,19%
2026-01-01 09:31:39,"$87,738.09",$1.75T,$27.74B,19.97M BTC,1.19% (24h),81%,19%
2026-01-01 09:50:45,"$87,814.57",$1.75T,$26.84B,19.97M BTC,0.45% (24h),81%,19%
2026-01-01 10:12:30,"$87,817.54",$1.75T,$26.08B,19.97M BTC,0.26% (24h),81%,19%
2026-01-01 10:40:07,"$87,854.20",$1.75T,$24.46B,19.97M BTC,0.11% (24h),81%,19%
2026-01-01 10:54:02,"$87,903.01",$1.75T,$24.41B,19.97M BTC,0.05% (24h),81%,19%
2026-01-01 11:34:57,"$87,854.86",$1.75T,$23.13B,19.97M BTC,0.12% (24h),81%,19%
2026-01-01 11:58:12,"$87,853.02",$1.75T,$22.12B,19.97M BTC,0.38% (24h),81%,19%
2026-01-01 12:27:17,"$88,104.10",$1.75T,$21.38B,19.97M BTC,0.65% (24h),81%,19%
2026-01-01 12:45:58,"$88,230.07",$1.76T,$21.44B,19.97M BTC,0.82% (24h),81%,19%
2026-01-01 12:59:17,"$88,185.84",$1.76T,$21.66B,19.97M BTC,0.79% (24h),81%,19%
2026-01-01 13:42:19,"$88,041.56",$1.75T,$21.24B,19.97M BTC,0.32% (24h),81%,19%
2026-01-01 14:02:06,"$88,064.02",$1.75T,$21.01B,19.97M BTC,0.48% (24h),81%,19%
2026-01-01 14:29:14,"$88,040.19",$1.75T,$20.89B,19.97M BTC,0.48% (24h),81%,19%
2026-01-01 14:44:07,"$88,204.42",$1.76T,$20.38B,19.97M BTC,0.77% (24h),81%,19%
2026-01-01 14:59:21,"$88,221.25",$1.76T,$20.27B,19.97M BTC,0.87% (24h),81%,19%
2026-01-01 15:34:35,"$88,205.86",$1.76T,$19.49B,19.97M BTC,1% (24h),81%,19%
2026-01-01 15:54:40,"$88,145.94",$1.76T,$19.03B,19.97M BTC,0.92% (24h),81%,19%
2026-01-01 16:26:24,"$88,256.79",$1.76T,$18.51B,19.97M BTC,0.75% (24h),81%,19%
2026-01-01 16:43:52,"$88,241.82",$1.76T,$18.37B,19.97M BTC,0.64% (24h),81%,19%
2026-01-01 16:58:54,"$88,269.98",$1.76T,$18.21B,19.97M BTC,0.72% (24h),81%,19%
2026-01-01 17:30:46,"$88,437.26",$1.76T,$18.2B,19.97M BTC,0.81% (24h),81%,19%
2026-01-01 17:49:17,"$88,473.63",$1.76T,$18.36B,19.97M BTC,1.01% (24h),81%,19%
2026-01-01 18:01:29,"$88,609.18",$1.76T,$18.4B,19.97M BTC,1.16% (24h),81%,19%
2026-01-01 18:30:52,"$88,661.82",$1.77T,$18.69B,19.97M BTC,1.29% (24h),81%,19%
2026-01-01 18:47:01,"$88,803.22",$1.77T,$18.78B,19.97M BTC,1.45% (24h),81%,19%
2026-01-01 19:00:02,"$88,726.53",$1.77T,$19B,19.97M BTC,1.39% (24h),81%,19%
2026-01-01 21:26:07,"$88,346.93",$1.76T,$19.37B,19.97M BTC,0.6% (24h),81%,19%
2026-01-01 22:54:11,"$88,955.21",$1.77T,$20.48B,19.97M BTC,1.41% (24h),81%,19%
2026-01-01 23:47:22,"$88,626.89",$1.76T,$20.51B,19.97M BTC,1.35% (24h),81%,19%
2026-01-02 00:16:10,"$88,576.52",$1.76T,$20.43B,19.97M BTC,1.17% (24h),81%,19%
2026-01-02 00:47:15,"$88,613.65",$1.76T,$20.27B,19.97M BTC,1.21% (24h),81%,19%
2026-01-02 00:59:57,"$88,650.84",$1.77T,$20.27B,19.97M BTC,1.24% (24h),81%,19%
2026-01-02 01:49:13,"$88,889.71",$1.77T,$20.81B,19.97M BTC,1.58% (24h),81%,19%
2026-01-02 02:15:35,"$88,935.94",$1.77T,$20.99B,19.97M BTC,1.66% (24h),81%,19%
2026-01-02 02:41:22,"$88,781.53",$1.77T,$21.22B,19.97M BTC,1.45% (24h),81%,19%
2026-01-02 02:55:31,"$88,755.80",$1.77T,$21.3B,19.97M BTC,1.42% (24h),81%,19%
2026-01-02 03:37:35,"$88,969.86",$1.77T,$21.66B,19.97M BTC,1.55% (24h),81%,19%
2026-01-02 03:59:50,"$89,058.21",$1.77T,$21.79B,19.97M BTC,1.66% (24h),81%,19%
2026-01-02 04:35:31,"$89,050.96",$1.77T,$22.56B,19.97M BTC,1.54% (24h),81%,19%
2026-01-02 04:54:02,"$89,314.81",$1.78T,$22.98B,19.97M BTC,1.81% (24h),81%,19%
2026-01-02 05:28:59,"$89,566.29",$1.78T,$25.12B,19.97M BTC,2.16% (24h),81%,19%
2026-01-02 05:49:26,"$89,638.60",$1.79T,$25.52B,19.97M BTC,2.21% (24h),81%,19%
2026-01-02 06:01:37,"$89,525.48",$1.78T,$25.87B,19.97M BTC,2.06% (24h),81%,19%
2026-01-02 06:28:44,"$89,347.31",$1.78T,$26.12B,19.97M BTC,1.77% (24h),81%,19%
2026-01-02 06:44:38,"$89,373.21",$1.78T,$26.63B,19.97M BTC,1.84% (24h),81%,19%
2026-01-02 06:58:48,"$89,442.15",$1.78T,$26.46B,19.97M BTC,1.8% (24h),81%,19%
2026-01-02 08:00:42,"$89,308.76",$1.78T,$27.1B,19.97M BTC,1.68% (24h),81%,19%
2026-01-02 08:41:25,"$89,356.33",$1.78T,$27.94B,19.97M BTC,1.72% (24h),81%,19%
2026-01-02 08:56:54,"$89,318.64",$1.78T,$27.98B,19.97M BTC,1.72% (24h),81%,19%
2026-01-02 09:29:06,"$88,854.43",$1.77T,$28.51B,19.97M BTC,1.21% (24h),81%,19%
2026-01-02 09:49:21,"$89,719.31",$1.79T,$30.12B,19.97M BTC,2.19% (24h),81%,19%
2026-01-02 10:02:16,"$89,654.85",$1.79T,$30.88B,19.97M BTC,2.05% (24h),81%,19%
2026-01-02 10:33:41,"$89,328.18",$1.78T,$33.38B,19.97M BTC,1.64% (24h),81%,19%
2026-01-02 10:53:34,"$89,544.27",$1.78T,$34.09B,19.97M BTC,1.87% (24h),81%,19%
2026-01-02 11:33:58,"$90,517.09",$1.8T,$37.09B,19.97M BTC,3.01% (24h),81%,19%
2026-01-02 11:57:29,"$90,226.49",$1.8T,$38.92B,19.97M BTC,2.7% (24h),81%,19%
2026-01-02 12:25:58,"$90,562.84",$1.8T,$41.18B,19.97M BTC,2.82% (24h),81%,19%
2026-01-02 12:45:43,"$90,495.35",$1.8T,$41.38B,19.97M BTC,2.55% (24h),81%,19%
2026-01-02 12:59:37,"$90,307.55",$1.8T,$41.79B,19.97M BTC,2.4% (24h),81%,19%
2026-01-02 13:42:51,"$89,987.97",$1.79T,$42.75B,19.97M BTC,2.2% (24h),81%,19%
2026-01-02 14:02:13,"$89,731.71",$1.79T,$43.11B,19.97M BTC,1.89% (24h),81%,19%
2026-01-02 14:23:16,"$89,980.93",$1.79T,$43.93B,19.97M BTC,2.21% (24h),81%,19%
2026-01-02 14:42:43,"$89,984.77",$1.79T,$44.62B,19.97M BTC,2.02% (24h),81%,19%
2026-01-02 14:58:53,"$89,914.75",$1.79T,$44.77B,19.97M BTC,1.9% (24h),81%,19%
2026-01-02 15:33:28,"$89,785.77",$1.79T,$45.34B,19.97M BTC,1.78% (24h),81%,19%
2026-01-02 15:53:31,"$89,644.95",$1.79T,$45.57B,19.97M BTC,1.69% (24h),81%,19%
2026-01-02 16:21:43,"$89,811.43",$1.79T,$46.22B,19.97M BTC,1.77% (24h),81%,19%
2026-01-02 16:37:02,"$89,855.69",$1.79T,$46.09B,19.97M BTC,1.85% (24h),81%,19%
2026-01-02 16:48:56,"$89,916.78",$1.79T,$46.5B,19.97M BTC,1.93% (24h),81%,19%
2026-01-02 17:00:55,"$90,014.15",$1.79T,$46.49B,19.97M BTC,1.97% (24h),81%,19%
2026-01-02 17:33:31,"$90,143.43",$1.8T,$46.77B,19.97M BTC,1.89% (24h),81%,19%
2026-01-02 17:53:32,"$90,229.35",$1.8T,$46.78B,19.97M BTC,1.93% (24h),81%,19%
2026-01-02 18:25:49,"$89,919.68",$1.79T,$46.63B,19.97M BTC,1.43% (24h),81%,19%
2026-01-02 18:43:43,"$89,933.36",$1.79T,$46.4B,19.97M BTC,1.39% (24h),81%,19%
2026-01-02 18:59:58,"$89,948.13",$1.79T,$46.39B,19.97M BTC,1.36% (24h),81%,19%
2026-01-02 21:12:40,"$90,105.08",$1.79T,$45.46B,19.97M BTC,1.94% (24h),81%,19%
2026-01-02 22:42:40,"$90,206.80",$1.8T,$45.04B,19.97M BTC,1.37% (24h),81%,19%
2026-01-02 23:22:37,"$90,231.88",$1.8T,$44.28B,19.97M BTC,1.76% (24h),81%,19%
2026-01-02 23:55:48,"$90,113.58",$1.79T,$44.62B,19.97M BTC,1.68% (24h),81%,19%
2026-01-03 00:28:57,"$89,994.76",$1.79T,$44.7B,19.97M BTC,1.69% (24h),81%,19%
2026-01-03 00:48:56,"$89,945.62",$1.79T,$44.73B,19.97M BTC,1.49% (24h),81%,19%
2026-01-03 01:02:06,"$90,012.21",$1.79T,$44.49B,19.97M BTC,1.5% (24h),81%,19%
2026-01-03 01:46:21,"$89,871.33",$1.79T,$44.41B,19.97M BTC,1.07% (24h),81%,19%
2026-01-03 02:02:40,"$89,917.89",$1.79T,$44.56B,19.97M BTC,1.18% (24h),81%,19%
2026-01-03 02:31:45,"$89,459.04",$1.78T,$44.95B,19.97M BTC,0.74% (24h),81%,19%
2026-01-03 02:46:15,"$89,538.26",$1.78T,$45.38B,19.97M BTC,0.85% (24h),81%,19%
2026-01-03 02:59:06,"$89,553.96",$1.78T,$45.54B,19.97M BTC,0.87% (24h),81%,19%
2026-01-03 03:38:49,"$89,765.69",$1.79T,$45.53B,19.97M BTC,0.88% (24h),81%,19%
2026-01-03 03:57:26,"$89,643.24",$1.79T,$45.58B,19.97M BTC,0.7% (24h),81%,19%
2026-01-03 04:28:01,"$89,786.22",$1.79T,$44.93B,19.97M BTC,0.82% (24h),81%,19%
2026-01-03 04:44:54,"$89,882.15",$1.79T,$45.05B,19.97M BTC,0.88% (24h),81%,19%
2026-01-03 04:59:38,"$89,792.11",$1.79T,$44.54B,19.97M BTC,0.5% (24h),81%,19%
2026-01-03 05:31:55,"$89,773.08",$1.79T,$42.82B,19.97M BTC,0.26% (24h),81%,19%
2026-01-03 05:52:59,"$89,779.15",$1.79T,$42.38B,19.97M BTC,0.17% (24h),81%,19%
2026-01-03 06:42:42,"$89,727.54",$1.79T,$41.25B,19.97M BTC,0.41% (24h),81%,19%
2026-01-03 06:59:05,"$89,713.37",$1.79T,$41.16B,19.97M BTC,0.31% (24h),81%,19%
2026-01-03 07:57:50,"$89,922.58",$1.79T,$40.96B,19.97M BTC,0.64% (24h),81%,19%
2026-01-03 08:36:03,"$89,949.19",$1.79T,$40.95B,19.97M BTC,0.66% (24h),81%,19%
2026-01-03 08:51:56,"$89,971.21",$1.79T,$40.79B,19.97M BTC,0.61% (24h),81%,19%
2026-01-03 09:25:44,"$90,120.35",$1.79T,$39.68B,19.97M BTC,1.55% (24h),81%,19%
2026-01-03 09:47:33,"$90,059.35",$1.79T,$38.9B,19.97M BTC,1.1% (24h),81%,19%
2026-01-03 10:00:59,"$90,049.16",$1.79T,$36.85B,19.97M BTC,0.57% (24h),81%,19%
2026-01-03 10:32:27,"$90,030.18",$1.79T,$35.03B,19.97M BTC,1% (24h),81%,19%
2026-01-03 10:49:47,"$89,944.50",$1.79T,$34.18B,19.97M BTC,0.2% (24h),81%,19%
2026-01-03 11:01:22,"$89,934.76",$1.79T,$33.09B,19.97M BTC,0.66% (24h),81%,19%
2026-01-03 11:38:23,"$90,088.49",$1.79T,$29.68B,19.97M BTC,0.45% (24h),81%,19%
2026-01-03 12:01:52,"$90,063.89",$1.79T,$28.63B,19.97M BTC,0.37% (24h),81%,19%
2026-01-03 12:25:53,"$90,017.55",$1.79T,$27.14B,19.97M BTC,0.68% (24h),81%,19%
2026-01-03 12:44:25,"$90,060.28",$1.79T,$26.37B,19.97M BTC,0.45% (24h),81%,19%
2026-01-03 13:01:18,"$90,029.31",$1.79T,$25.84B,19.97M BTC,0.4% (24h),81%,19%
2026-01-03 13:42:15,"$90,091.73",$1.79T,$24.69B,19.97M BTC,0.12% (24h),81%,19%
2026-01-03 14:00:42,"$90,085.34",$1.79T,$23.79B,19.97M BTC,0.38% (24h),81%,19%
2026-01-03 14:23:40,"$90,061.30",$1.79T,$23.06B,19.97M BTC,0.1% (24h),81%,19%
2026-01-03 14:41:33,"$90,082.90",$1.79T,$22.79B,19.97M BTC,0.09% (24h),81%,19%
2026-01-03 14:53:57,"$90,057.54",$1.79T,$22.55B,19.97M BTC,0.18% (24h),81%,19%
2026-01-03 15:29:46,"$90,063.86",$1.79T,$21.7B,19.97M BTC,0.19% (24h),81%,19%
2026-01-03 15:48:12,"$90,277.19",$1.8T,$21.39B,19.97M BTC,0.58% (24h),81%,19%
2026-01-03 16:00:45,"$90,301.87",$1.8T,$21.33B,19.97M BTC,0.64% (24h),81%,19%
2026-01-03 16:28:25,"$90,402.23",$1.8T,$21.03B,19.97M BTC,0.5% (24h),81%,19%
2026-01-03 16:44:31,"$90,553.41",$1.8T,$21.2B,19.97M BTC,0.76% (24h),81%,19%
2026-01-03 16:59:00,"$90,484.28",$1.8T,$21.21B,19.97M BTC,0.49% (24h),81%,19%
2026-01-03 17:30:28,"$90,571.17",$1.8T,$20.76B,19.97M BTC,0.52% (24h),81%,19%
2026-01-03 17:48:11,"$90,521.44",$1.8T,$20.79B,19.97M BTC,0.19% (24h),81%,19%
2026-01-03 18:00:49,"$90,602.83",$1.8T,$20.71B,19.97M BTC,0.48% (24h),81%,19%
2026-01-03 18:29:22,"$90,575.30",$1.8T,$20.77B,19.97M BTC,0.73% (24h),81%,19%
2026-01-03 18:45:38,"$90,614.99",$1.8T,$20.78B,19.97M BTC,0.75% (24h),81%,19%
2026-01-03 18:59:09,"$90,602.42",$1.8T,$20.77B,19.97M BTC,0.73% (24h),81%,19%
2026-01-03 21:36:40,"$91,206.57",$1.82T,$23.28B,19.97M BTC,1.07% (24h),81%,19%
2026-01-03 23:05:39,"$91,242.76",$1.82T,$23.71B,19.97M BTC,0.95% (24h),81%,19%
2026-01-03 23:58:51,"$91,364.57",$1.82T,$23.82B,19.97M BTC,1.39% (24h),81%,19%
2026-01-04 00:35:44,"$91,425.73",$1.82T,$23.77B,19.97M BTC,1.6% (24h),81%,19%
2026-01-04 00:55:40,"$91,385.95",$1.82T,$23.54B,19.97M BTC,1.55% (24h),81%,19%
2026-01-04 01:40:44,"$91,431.68",$1.82T,$24.38B,19.97M BTC,1.66% (24h),81%,19%
2026-01-04 02:01:23,"$91,224.96",$1.82T,$23.83B,19.97M BTC,1.53% (24h),81%,19%
2026-01-04 02:31:45,"$91,298.15",$1.82T,$24.15B,19.97M BTC,2.18% (24h),81%,19%
2026-01-04 02:47:09,"$91,451.47",$1.82T,$23.77B,19.97M BTC,2.21% (24h),81%,19%
2026-01-04 02:59:24,"$91,476.82",$1.82T,$23.85B,19.97M BTC,2.14% (24h),81%,19%
2026-01-04 03:39:42,"$91,283.56",$1.82T,$23.91B,19.97M BTC,1.7% (24h),81%,19%
2026-01-04 03:57:38,"$91,301.71",$1.82T,$24.1B,19.97M BTC,1.83% (24h),81%,19%
2026-01-04 04:27:55,"$91,249.24",$1.82T,$24.67B,19.97M BTC,1.65% (24h),81%,19%
2026-01-04 04:44:36,"$91,365.98",$1.82T,$24.74B,19.97M BTC,1.63% (24h),81%,19%
2026-01-04 04:59:19,"$91,410.05",$1.82T,$24.85B,19.97M BTC,1.78% (24h),81%,19%
2026-01-04 05:31:26,"$91,445.92",$1.82T,$25.64B,19.97M BTC,1.86% (24h),81%,19%
2026-01-04 05:49:20,"$91,550.12",$1.82T,$25.55B,19.97M BTC,1.98% (24h),81%,19%
2026-01-04 06:01:35,"$91,530.25",$1.82T,$25.84B,19.97M BTC,1.99% (24h),81%,19%
2026-01-04 06:26:51,"$91,310.28",$1.82T,$26.16B,19.97M BTC,1.79% (24h),81%,19%
2026-01-04 06:42:00,"$91,312.29",$1.82T,$26.16B,19.97M BTC,1.78% (24h),81%,19%
2026-01-04 06:59:36,"$91,245.65",$1.82T,$26.3B,19.97M BTC,1.7% (24h),81%,19%
2026-01-04 07:58:51,"$91,108.63",$1.81T,$26.61B,19.97M BTC,1.32% (24h),81%,19%
2026-01-04 08:37:20,"$91,183.04",$1.82T,$26.65B,19.97M BTC,1.36% (24h),81%,19%
2026-01-04 08:52:48,"$91,187.64",$1.82T,$26.72B,19.97M BTC,1.35% (24h),81%,19%
2026-01-04 09:24:45,"$91,234.52",$1.82T,$26.8B,19.97M BTC,1.3% (24h),81%,19%
2026-01-04 09:44:44,"$91,148.97",$1.82T,$26.66B,19.97M BTC,1.13% (24h),81%,19%
2026-01-04 09:59:15,"$91,265.18",$1.82T,$26.68B,19.97M BTC,1.33% (24h),81%,19%
2026-01-04 10:29:47,"$91,201.99",$1.82T,$26.71B,19.97M BTC,1.31% (24h),81%,19%
2026-01-04 10:45:28,"$91,154.20",$1.82T,$26.85B,19.97M BTC,1.33% (24h),81%,19%
2026-01-04 10:59:33,"$91,279.32",$1.82T,$26.89B,19.97M BTC,1.5% (24h),81%,19%
2026-01-04 11:36:11,"$91,357.16",$1.82T,$27.24B,19.97M BTC,1.4% (24h),81%,19%
2026-01-04 11:55:30,"$91,275.16",$1.82T,$27.25B,19.97M BTC,1.27% (24h),81%,19%
2026-01-04 12:23:46,"$91,369.90",$1.82T,$27.3B,19.97M BTC,1.53% (24h),81%,19%
2026-01-04 12:44:34,"$91,344.08",$1.82T,$27.34B,19.97M BTC,1.43% (24h),81%,19%
2026-01-04 12:59:40,"$91,298.27",$1.82T,$27.4B,19.97M BTC,1.39% (24h),81%,19%
2026-01-04 13:41:25,"$91,057.70",$1.81T,$27.5B,19.97M BTC,1.06% (24h),81%,19%
2026-01-04 13:58:41,"$91,158.69",$1.82T,$27.76B,19.97M BTC,1.18% (24h),81%,19%
2026-01-04 14:24:32,"$91,124.34",$1.81T,$27.97B,19.97M BTC,1.17% (24h),81%,19%
2026-01-04 14:41:31,"$91,024.02",$1.81T,$28.21B,19.97M BTC,1.04% (24h),81%,19%
2026-01-04 14:54:15,"$91,069.19",$1.81T,$28.24B,19.97M BTC,1.12% (24h),81%,19%
2026-01-04 15:31:03,"$91,253.86",$1.82T,$28.49B,19.97M BTC,1.31% (24h),81%,19%
2026-01-04 15:49:02,"$91,235.44",$1.82T,$28.45B,19.97M BTC,1.06% (24h),81%,19%
2026-01-04 16:00:53,"$91,253.79",$1.82T,$28.37B,19.97M BTC,1.04% (24h),81%,19%
2026-01-04 16:28:47,"$91,282.28",$1.82T,$28.26B,19.97M BTC,0.98% (24h),81%,19%
2026-01-04 16:45:04,"$91,174.97",$1.82T,$28.03B,19.97M BTC,0.68% (24h),81%,19%
2026-01-04 16:58:55,"$91,225.77",$1.82T,$27.84B,19.97M BTC,0.84% (24h),81%,19%
2026-01-04 17:30:24,"$91,219.89",$1.82T,$27.75B,19.97M BTC,0.71% (24h),81%,19%
2026-01-04 17:49:47,"$91,186.07",$1.82T,$27.76B,19.97M BTC,0.75% (24h),81%,19%
2026-01-04 18:01:48,"$91,319.70",$1.82T,$27.55B,19.97M BTC,0.79% (24h),81%,19%
2026-01-04 18:30:23,"$91,301.33",$1.82T,$27.5B,19.97M BTC,0.78% (24h),81%,19%
2026-01-04 18:47:28,"$91,273.28",$1.82T,$27.66B,19.97M BTC,0.75% (24h),81%,19%
2026-01-04 18:59:22,"$91,421.85",$1.82T,$26.77B,19.97M BTC,0.9% (24h),81%,19%
2026-01-04 21:36:04,"$92,908.54",$1.85T,$32.38B,19.97M BTC,1.84% (24h),81%,19%
2026-01-04 23:10:50,"$92,795.40",$1.85T,$33.52B,19.97M BTC,1.75% (24h),81%,19%
2026-01-05 00:07:48,"$92,574.51",$1.84T,$33.89B,19.97M BTC,1.36% (24h),81%,19%
2026-01-05 00:51:40,"$92,395.48",$1.84T,$34.24B,19.97M BTC,1.06% (24h),81%,19%
2026-01-05 01:27:53,"$92,276.16",$1.84T,$33.98B,19.97M BTC,0.8% (24h),81%,19%
2026-01-05 02:05:57,"$92,508.92",$1.84T,$33.73B,19.97M BTC,1.36% (24h),81%,19%
2026-01-05 02:42:18,"$92,511.14",$1.84T,$33.8B,19.97M BTC,1.23% (24h),81%,19%
2026-01-05 02:59:48,"$92,474.70",$1.84T,$33.98B,19.97M BTC,1.09% (24h),81%,19%
2026-01-05 03:49:13,"$92,446.33",$1.84T,$33.56B,19.97M BTC,1.18% (24h),81%,19%
2026-01-05 04:20:28,"$92,436.01",$1.84T,$33.89B,19.97M BTC,1.18% (24h),81%,19%
2026-01-05 04:52:51,"$92,691.02",$1.85T,$33.54B,19.97M BTC,1.38% (24h),81%,19%
2026-01-05 05:33:21,"$92,930.21",$1.85T,$33.15B,19.97M BTC,1.55% (24h),81%,19%
2026-01-05 05:57:58,"$93,056.89",$1.85T,$33.37B,19.97M BTC,1.64% (24h),81%,19%
2026-01-05 06:28:45,"$93,006.53",$1.85T,$33.72B,19.97M BTC,1.85% (24h),81%,19%
2026-01-05 06:46:47,"$93,001.75",$1.85T,$33.81B,19.97M BTC,1.85% (24h),81%,19%
2026-01-05 06:59:25,"$93,049.33",$1.85T,$34.1B,19.97M BTC,1.98% (24h),81%,19%
2026-01-05 08:06:18,"$92,865.32",$1.85T,$34.24B,19.97M BTC,1.93% (24h),81%,19%
2026-01-05 08:52:00,"$92,573.30",$1.84T,$34.51B,19.97M BTC,1.52% (24h),81%,19%
2026-01-05 09:31:38,"$92,643.08",$1.85T,$35.16B,19.97M BTC,1.59% (24h),81%,19%
2026-01-05 09:56:01,"$93,597.33",$1.86T,$36.38B,19.97M BTC,2.54% (24h),81%,19%
2026-01-05 10:31:59,"$93,416.77",$1.86T,$38.89B,19.97M BTC,2.42% (24h),81%,19%
2026-01-05 10:52:51,"$93,897.11",$1.87T,$40.7B,19.97M BTC,2.94% (24h),81%,19%
2026-01-05 11:36:11,"$93,794.57",$1.87T,$42.92B,19.97M BTC,2.65% (24h),81%,19%
2026-01-05 12:00:08,"$93,689.97",$1.87T,$43.74B,19.97M BTC,2.63% (24h),81%,19%
2026-01-05 12:34:02,"$93,469.57",$1.86T,$44.58B,19.97M BTC,2.3% (24h),81%,19%
2026-01-05 12:55:13,"$94,022.37",$1.87T,$45.14B,19.97M BTC,2.97% (24h),81%,19%
2026-01-05 13:41:43,"$93,920.26",$1.87T,$47.7B,19.97M BTC,3.12% (24h),81%,19%
2026-01-05 14:11:48,"$94,311.18",$1.88T,$48.35B,19.97M BTC,3.74% (24h),81%,19%
2026-01-05 14:36:51,"$94,431.78",$1.88T,$48.74B,19.97M BTC,3.62% (24h),81%,19%
2026-01-05 14:50:46,"$94,216.46",$1.88T,$47.54B,19.97M BTC,3.44% (24h),81%,19%
2026-01-05 15:14:04,"$94,345.42",$1.88T,$49.63B,19.97M BTC,3.42% (24h),81%,19%
2026-01-05 15:44:24,"$94,193.90",$1.88T,$51.26B,19.97M BTC,3.23% (24h),81%,19%
2026-01-05 15:59:48,"$94,143.08",$1.88T,$51.52B,19.97M BTC,3.16% (24h),81%,19%
2026-01-05 16:31:46,"$93,878.83",$1.87T,$52.33B,19.97M BTC,2.84% (24h),81%,19%
2026-01-05 16:49:15,"$94,139.65",$1.88T,$52.63B,19.97M BTC,3.28% (24h),81%,19%
2026-01-05 17:01:20,"$94,086.88",$1.87T,$52.72B,19.97M BTC,3.15% (24h),81%,19%
2026-01-05 17:34:50,"$94,223.02",$1.88T,$52.78B,19.97M BTC,3.3% (24h),81%,19%
2026-01-05 17:54:22,"$94,127.83",$1.87T,$53.33B,19.97M BTC,3.26% (24h),81%,19%
2026-01-05 18:27:10,"$94,008.92",$1.87T,$53.36B,19.97M BTC,2.82% (24h),81%,19%
2026-01-05 18:45:28,"$93,925.46",$1.87T,$53.42B,19.97M BTC,2.9% (24h),81%,19%
2026-01-05 18:59:24,"$93,872.59",$1.87T,$53.39B,19.97M BTC,2.68% (24h),81%,19%
2026-01-05 21:25:07,"$93,714.94",$1.87T,$47.13B,19.97M BTC,1.01% (24h),81%,19%
2026-01-05 22:52:03,"$93,749.45",$1.87T,$45.05B,19.97M BTC,0.89% (24h),81%,19%
2026-01-05 23:45:25,"$93,808.34",$1.87T,$46.12B,19.97M BTC,1.58% (24h),81%,19%
2026-01-06 00:15:53,"$93,710.95",$1.87T,$45.78B,19.97M BTC,1.19% (24h),81%,19%
2026-01-06 00:47:20,"$93,583.08",$1.86T,$45.83B,19.97M BTC,1.19% (24h),81%,19%
2026-01-06 01:00:13,"$93,557.07",$1.86T,$45.85B,19.97M BTC,1.33% (24h),81%,19%
2026-01-06 01:51:35,"$93,815.31",$1.87T,$46.32B,19.97M BTC,1.53% (24h),81%,19%
2026-01-06 02:21:30,"$93,521.12",$1.86T,$46.37B,19.97M BTC,1.04% (24h),81%,19%
2026-01-06 02:46:06,"$93,222.41",$1.86T,$46.89B,19.97M BTC,0.79% (24h),81%,19%
2026-01-06 02:59:17,"$93,209.37",$1.86T,$47.08B,19.97M BTC,0.79% (24h),81%,19%
2026-01-06 03:44:14,"$93,230.91",$1.86T,$46.95B,19.97M BTC,0.86% (24h),81%,19%
2026-01-06 04:16:08,"$93,369.06",$1.86T,$46.64B,19.97M BTC,1.07% (24h),81%,19%
2026-01-06 04:46:15,"$93,393.10",$1.86T,$46.4B,19.97M BTC,0.86% (24h),81%,19%
2026-01-06 04:59:45,"$93,434.09",$1.86T,$46.11B,19.97M BTC,0.83% (24h),81%,19%
2026-01-06 05:37:20,"$93,563.46",$1.86T,$46.21B,19.97M BTC,0.82% (24h),81%,19%
2026-01-06 05:56:57,"$93,479.67",$1.86T,$45.89B,19.97M BTC,0.43% (24h),81%,19%
2026-01-06 06:25:23,"$93,726.98",$1.87T,$44.26B,19.97M BTC,0.71% (24h),81%,19%
2026-01-06 06:44:14,"$93,755.99",$1.87T,$45.52B,19.97M BTC,0.81% (24h),81%,19%
2026-01-06 06:59:02,"$93,789.01",$1.87T,$45.38B,19.97M BTC,0.79% (24h),81%,19%
2026-01-06 08:03:48,"$93,768.83",$1.87T,$45.23B,19.97M BTC,1.04% (24h),81%,19%
2026-01-06 08:50:23,"$93,649.55",$1.87T,$44.85B,19.97M BTC,1.17% (24h),81%,19%
2026-01-06 09:13:43,"$94,103.24",$1.87T,$44.6B,19.97M BTC,1.48% (24h),81%,19%
2026-01-06 09:45:22,"$94,012.09",$1.87T,$45.79B,19.97M BTC,0.81% (24h),81%,19%
2026-01-06 10:01:28,"$93,811.89",$1.87T,$44.55B,19.97M BTC,0.47% (24h),81%,19%
2026-01-06 10:35:50,"$94,015.65",$1.87T,$45.68B,19.97M BTC,0.4% (24h),81%,19%
2026-01-06 10:54:42,"$93,428.67",$1.86T,$45.63B,19.97M BTC,0.51% (24h),81%,19%
2026-01-06 11:38:09,"$92,701.92",$1.85T,$46.6B,19.97M BTC,1.12% (24h),81%,19%
2026-01-06 12:01:57,"$92,552.46",$1.84T,$47.58B,19.97M BTC,1.21% (24h),81%,19%
2026-01-06 12:38:05,"$92,516.70",$1.84T,$48.24B,19.97M BTC,1.18% (24h),81%,19%
2026-01-06 12:55:41,"$91,669.12",$1.83T,$49B,19.97M BTC,2.48% (24h),81%,19%
2026-01-06 13:44:13,"$91,897.72",$1.83T,$50.21B,19.97M BTC,2.2% (24h),81%,19%
2026-01-06 14:00:03,"$91,975.23",$1.83T,$50.34B,19.97M BTC,2.62% (24h),81%,19%
2026-01-06 14:27:00,"$92,145.82",$1.84T,$50.4B,19.97M BTC,2.27% (24h),81%,19%
2026-01-06 14:44:04,"$92,076.50",$1.83T,$50.18B,19.97M BTC,2.31% (24h),81%,19%
2026-01-06 15:00:26,"$92,062.55",$1.83T,$50.06B,19.97M BTC,2.37% (24h),81%,19%
2026-01-06 15:35:35,"$92,510.34",$1.84T,$49.71B,19.97M BTC,1.94% (24h),81%,19%
2026-01-06 15:53:24,"$92,446.64",$1.84T,$49.34B,19.97M BTC,1.8% (24h),81%,19%
2026-01-06 16:28:06,"$93,457.28",$1.86T,$50.62B,19.97M BTC,0.52% (24h),81%,19%
2026-01-06 16:47:06,"$93,482.03",$1.86T,$51.3B,19.97M BTC,0.65% (24h),81%,19%
2026-01-06 16:59:21,"$93,238.40",$1.86T,$51.63B,19.97M BTC,0.9% (24h),81%,19%
2026-01-06 17:32:35,"$93,054.35",$1.85T,$52.06B,19.97M BTC,1.24% (24h),81%,19%
2026-01-06 17:54:38,"$93,228.67",$1.86T,$52.08B,19.97M BTC,0.91% (24h),81%,19%
2026-01-06 18:27:50,"$93,399.99",$1.86T,$52.37B,19.97M BTC,0.64% (24h),81%,19%
2026-01-06 18:44:45,"$93,519.45",$1.86T,$52.16B,19.97M BTC,0.45% (24h),81%,19%
2026-01-06 18:59:22,"$93,732.42",$1.87T,$52.43B,19.97M BTC,0.15% (24h),81%,19%
2026-01-06 21:25:04,"$92,528.49",$1.84T,$55B,19.97M BTC,1.26% (24h),81%,19%
2026-01-06 22:52:47,"$92,757.40",$1.85T,$55.43B,19.97M BTC,1.05% (24h),81%,19%
2026-01-06 23:49:44,"$92,608.64",$1.84T,$55.57B,19.97M BTC,1.27% (24h),81%,19%
2026-01-07 00:16:15,"$92,649.72",$1.85T,$55.73B,19.97M BTC,1.13% (24h),81%,19%
2026-01-07 00:46:56,"$92,562.52",$1.84T,$55.52B,19.97M BTC,1.09% (24h),81%,19%
2026-01-07 00:59:21,"$92,456.62",$1.84T,$55.54B,19.97M BTC,1.17% (24h),81%,19%
2026-01-07 01:49:29,"$92,658.66",$1.85T,$54.94B,19.97M BTC,1.26% (24h),81%,19%
2026-01-07 02:16:38,"$92,708.31",$1.85T,$54.66B,19.97M BTC,0.88% (24h),81%,19%
2026-01-07 02:43:33,"$92,779.64",$1.85T,$54.21B,19.97M BTC,0.49% (24h),81%,19%
2026-01-07 02:59:25,"$92,774.58",$1.85T,$53.49B,19.97M BTC,0.47% (24h),81%,19%
2026-01-07 03:44:19,"$92,684.09",$1.85T,$52.18B,19.97M BTC,0.58% (24h),81%,19%
2026-01-07 04:17:17,"$92,209.24",$1.84T,$53.32B,19.97M BTC,1.27% (24h),81%,19%
2026-01-07 04:47:38,"$91,563.37",$1.82T,$55.03B,19.97M BTC,1.97% (24h),81%,19%
2026-01-07 05:00:56,"$91,583.96",$1.82T,$55.31B,19.97M BTC,1.97% (24h),81%,19%
2026-01-07 05:38:18,"$91,896.10",$1.83T,$55.51B,19.97M BTC,1.77% (24h),81%,19%
2026-01-07 05:57:52,"$91,862.51",$1.83T,$55.48B,19.97M BTC,1.72% (24h),81%,19%
2026-01-07 06:28:21,"$92,100.48",$1.83T,$56.24B,19.97M BTC,1.75% (24h),81%,19%
2026-01-07 06:46:09,"$92,115.45",$1.83T,$56.17B,19.97M BTC,1.78% (24h),81%,19%
2026-01-07 07:00:10,"$92,025.80",$1.83T,$56.16B,19.97M BTC,1.88% (24h),81%,19%
2026-01-07 08:06:00,"$91,972.91",$1.83T,$55.92B,19.97M BTC,1.9% (24h),81%,19%
2026-01-07 08:52:01,"$92,007.46",$1.83T,$56.39B,19.97M BTC,1.74% (24h),81%,19%
2026-01-07 09:31:39,"$91,500.81",$1.82T,$55.67B,19.97M BTC,2.88% (24h),81%,19%
2026-01-07 09:56:25,"$92,040.92",$1.83T,$55.88B,19.97M BTC,1.63% (24h),81%,19%
2026-01-07 10:33:18,"$91,178.98",$1.82T,$55.83B,19.97M BTC,2.92% (24h),81%,19%
2026-01-07 10:56:57,"$91,294.29",$1.82T,$55.26B,19.97M BTC,2.25% (24h),81%,19%
2026-01-07 11:39:00,"$91,197.10",$1.82T,$51.84B,19.97M BTC,1.61% (24h),81%,19%
2026-01-07 12:03:52,"$91,062.34",$1.81T,$51.64B,19.97M BTC,1.65% (24h),81%,19%
2026-01-07 12:42:58,"$91,490.61",$1.82T,$50.61B,19.97M BTC,0.64% (24h),81%,19%
2026-01-07 13:00:33,"$91,178.17",$1.82T,$49.5B,19.97M BTC,0.38% (24h),81%,19%
2026-01-07 13:49:40,"$91,145.84",$1.82T,$47.36B,19.97M BTC,1.06% (24h),81%,19%
2026-01-07 14:12:56,"$90,739.82",$1.81T,$47.36B,19.97M BTC,1.44% (24h),81%,19%
2026-01-07 14:37:32,"$91,033.11",$1.81T,$47.58B,19.97M BTC,1.13% (24h),81%,19%
2026-01-07 14:51:22,"$91,099.59",$1.81T,$47.55B,19.97M BTC,1.05% (24h),81%,19%
2026-01-07 15:15:02,"$90,895.01",$1.81T,$46.94B,19.97M BTC,1.57% (24h),81%,19%
2026-01-07 15:44:53,"$90,933.38",$1.81T,$46.61B,19.97M BTC,1.83% (24h),81%,19%
2026-01-07 16:01:26,"$91,074.51",$1.81T,$46.63B,19.97M BTC,1.47% (24h),81%,19%
2026-01-07 16:31:50,"$91,115.44",$1.81T,$44.85B,19.97M BTC,2.52% (24h),81%,19%
2026-01-07 16:48:44,"$91,025.49",$1.81T,$44.36B,19.97M BTC,2.62% (24h),81%,19%
2026-01-07 17:01:47,"$90,874.84",$1.81T,$44.11B,19.97M BTC,2.58% (24h),81%,19%
2026-01-07 17:34:18,"$91,201.60",$1.82T,$43.32B,19.97M BTC,1.98% (24h),81%,19%
2026-01-07 17:54:44,"$91,156.45",$1.82T,$43.12B,19.97M BTC,2.21% (24h),81%,19%
2026-01-07 18:28:02,"$91,268.29",$1.82T,$43.09B,19.97M BTC,2.33% (24h),81%,19%
2026-01-07 18:45:51,"$91,120.95",$1.81T,$43.67B,19.97M BTC,2.56% (24h),81%,19%
2026-01-07 19:01:44,"$91,235.79",$1.82T,$43.14B,19.97M BTC,2.55% (24h),81%,19%
2026-01-07 21:25:39,"$91,022.42",$1.81T,$39.45B,19.97M BTC,1.62% (24h),81%,19%
2026-01-07 22:51:56,"$90,715.09",$1.81T,$39.63B,19.97M BTC,2.18% (24h),81%,19%
2026-01-07 23:34:02,"$91,000.80",$1.81T,$39.62B,19.97M BTC,1.84% (24h),81%,19%
2026-01-08 00:03:19,"$90,948.19",$1.81T,$39.33B,19.97M BTC,1.76% (24h),81%,19%
2026-01-08 00:41:25,"$90,925.19",$1.81T,$39.5B,19.97M BTC,1.97% (24h),81%,19%
2026-01-08 00:58:09,"$90,691.18",$1.81T,$38.95B,19.97M BTC,1.93% (24h),81%,19%
2026-01-08 01:47:43,"$90,239.24",$1.8T,$40.4B,19.97M BTC,2.57% (24h),81%,19%
2026-01-08 02:15:04,"$89,929.64",$1.79T,$41.83B,19.97M BTC,2.98% (24h),81%,19%
2026-01-08 02:43:23,"$90,326.36",$1.8T,$42.55B,19.97M BTC,2.64% (24h),81%,19%
2026-01-08 02:59:22,"$90,428.52",$1.8T,$42.54B,19.97M BTC,2.52% (24h),81%,19%
2026-01-08 03:42:55,"$90,302.04",$1.8T,$43.3B,19.97M BTC,2.57% (24h),81%,19%
2026-01-08 04:17:09,"$90,226.87",$1.8T,$43.59B,19.97M BTC,2.16% (24h),81%,19%
2026-01-08 04:47:45,"$89,918.64",$1.79T,$42.59B,19.97M BTC,1.8% (24h),81%,19%
2026-01-08 05:01:26,"$89,799.66",$1.79T,$41.55B,19.97M BTC,1.93% (24h),81%,19%
2026-01-08 05:39:24,"$90,084.49",$1.79T,$41.89B,19.97M BTC,1.98% (24h),81%,19%
2026-01-08 05:58:23,"$90,351.08",$1.8T,$41.92B,19.97M BTC,1.64% (24h),81%,19%
2026-01-08 06:30:12,"$90,093.49",$1.79T,$42.03B,19.97M BTC,2.17% (24h),81%,19%
2026-01-08 06:47:47,"$89,919.89",$1.79T,$42.37B,19.97M BTC,2.37% (24h),81%,19%
2026-01-08 07:00:16,"$90,114.32",$1.79T,$42.12B,19.97M BTC,2.12% (24h),81%,19%
2026-01-08 08:06:13,"$89,825.26",$1.79T,$43.68B,19.97M BTC,2.33% (24h),81%,19%
2026-01-08 08:52:28,"$89,803.97",$1.79T,$42.93B,19.97M BTC,2.4% (24h),81%,19%
2026-01-08 09:32:26,"$89,493.93",$1.78T,$43.24B,19.97M BTC,2.09% (24h),81%,19%
2026-01-08 10:00:01,"$89,931.84",$1.79T,$43.14B,19.97M BTC,2.13% (24h),81%,19%
2026-01-08 10:37:16,"$90,260.88",$1.8T,$42.76B,19.97M BTC,1.21% (24h),81%,19%
2026-01-08 10:57:48,"$90,467.18",$1.8T,$42.69B,19.97M BTC,0.88% (24h),81%,19%
2026-01-08 11:41:51,"$90,378.99",$1.8T,$43.43B,19.97M BTC,0.93% (24h),81%,19%
2026-01-08 12:05:37,"$90,938.79",$1.81T,$43.38B,19.97M BTC,0.21% (24h),81%,19%
2026-01-08 12:43:13,"$91,126.35",$1.82T,$43.87B,19.97M BTC,0.39% (24h),81%,19%
2026-01-08 13:01:26,"$91,300.24",$1.82T,$43.9B,19.97M BTC,0.18% (24h),81%,19%
2026-01-08 13:44:43,"$90,950.23",$1.81T,$44.15B,19.97M BTC,0.19% (24h),81%,19%
2026-01-08 14:04:12,"$91,099.44",$1.81T,$43.71B,19.97M BTC,0.22% (24h),81%,19%
2026-01-08 14:31:56,"$91,072.38",$1.81T,$43.12B,19.97M BTC,0.17% (24h),81%,19%
2026-01-08 14:50:37,"$91,079.78",$1.81T,$42.97B,19.97M BTC,0.03% (24h),81%,19%
2026-01-08 15:13:34,"$90,586.70",$1.8T,$42.94B,19.97M BTC,0.38% (24h),81%,19%
2026-01-08 15:43:44,"$90,738.08",$1.81T,$43.09B,19.97M BTC,0.29% (24h),81%,19%
2026-01-08 16:00:05,"$90,836.75",$1.81T,$42.99B,19.97M BTC,0.13% (24h),81%,19%
2026-01-08 16:33:17,"$91,011.83",$1.81T,$43.5B,19.97M BTC,0.12% (24h),81%,19%
2026-01-08 16:53:00,"$91,193.46",$1.82T,$43.65B,19.97M BTC,0.19% (24h),81%,19%
2026-01-08 17:28:49,"$91,187.40",$1.82T,$43.84B,19.97M BTC,0.24% (24h),81%,19%
2026-01-08 17:52:41,"$91,132.48",$1.82T,$43.97B,19.97M BTC,0.21% (24h),81%,19%
2026-01-08 18:02:48,"$91,228.53",$1.82T,$43.85B,19.97M BTC,0.18% (24h),81%,19%
2026-01-08 18:29:17,"$91,205.49",$1.82T,$43.62B,19.97M BTC,0.07% (24h),81%,19%
2026-01-08 18:45:47,"$91,039.95",$1.81T,$43.19B,19.97M BTC,0.09% (24h),81%,19%
2026-01-08 18:59:33,"$91,021.10",$1.81T,$42.96B,19.97M BTC,0.31% (24h),81%,19%
2026-01-08 21:26:06,"$91,292.10",$1.82T,$42.99B,19.97M BTC,0.32% (24h),81%,19%
2026-01-08 22:52:46,"$91,100.85",$1.81T,$42.6B,19.97M BTC,0.45% (24h),81%,19%
2026-01-08 23:46:34,"$90,920.57",$1.81T,$41.62B,19.97M BTC,0.04% (24h),81%,19%
2026-01-09 00:15:52,"$90,974.89",$1.81T,$41.68B,19.97M BTC,0% (24h),81%,19%
2026-01-09 00:47:09,"$90,916.28",$1.81T,$42.02B,19.97M BTC,0.14% (24h),81%,19%
2026-01-09 01:00:38,"$90,987.63",$1.81T,$41.71B,19.97M BTC,0.31% (24h),81%,19%
2026-01-09 01:51:38,"$90,987.99",$1.81T,$39.92B,19.97M BTC,0.98% (24h),81%,19%
2026-01-09 02:18:23,"$90,946.38",$1.81T,$38.57B,19.97M BTC,1.05% (24h),81%,19%
2026-01-09 02:43:57,"$90,872.40",$1.81T,$38.24B,19.97M BTC,0.6% (24h),81%,19%
2026-01-09 02:59:05,"$90,687.08",$1.81T,$38.2B,19.97M BTC,0.27% (24h),81%,19%
2026-01-09 03:43:00,"$90,255.96",$1.8T,$38.45B,19.97M BTC,0.02% (24h),81%,19%
2026-01-09 04:16:16,"$90,014.98",$1.79T,$39.38B,19.97M BTC,0.2% (24h),81%,19%
2026-01-09 04:47:25,"$90,234.90",$1.8T,$39.31B,19.97M BTC,0.34% (24h),81%,19%
2026-01-09 05:02:06,"$90,213.97",$1.8T,$38.42B,19.97M BTC,0.53% (24h),81%,19%
2026-01-09 05:38:25,"$90,397.42",$1.8T,$38.49B,19.97M BTC,0.28% (24h),81%,19%
2026-01-09 05:57:36,"$90,419.60",$1.8T,$38.34B,19.97M BTC,0.07% (24h),81%,19%
2026-01-09 06:27:33,"$90,462.00",$1.8T,$38.07B,19.97M BTC,0.44% (24h),81%,19%
2026-01-09 06:45:12,"$90,418.80",$1.8T,$38.05B,19.97M BTC,0.51% (24h),81%,19%
2026-01-09 06:59:32,"$90,354.71",$1.8T,$38.06B,19.97M BTC,0.3% (24h),81%,19%
2026-01-09 08:05:09,"$90,339.98",$1.8T,$37.54B,19.97M BTC,0.52% (24h),81%,19%
2026-01-09 08:50:03,"$90,392.20",$1.8T,$38.14B,19.97M BTC,0.63% (24h),81%,19%
2026-01-09 09:14:08,"$90,264.30",$1.8T,$38.04B,19.97M BTC,0.58% (24h),81%,19%
2026-01-09 09:46:15,"$90,103.77",$1.79T,$37.31B,19.97M BTC,0.91% (24h),81%,19%
2026-01-09 10:01:57,"$89,983.98",$1.79T,$37.03B,19.97M BTC,0.15% (24h),81%,19%
2026-01-09 10:37:03,"$91,638.84",$1.83T,$37.84B,19.97M BTC,1.54% (24h),81%,19%
2026-01-09 10:55:45,"$90,823.68",$1.81T,$39.43B,19.97M BTC,0.53% (24h),81%,19%
2026-01-09 11:37:04,"$91,270.34",$1.82T,$39.66B,19.97M BTC,1.14% (24h),81%,19%
2026-01-09 12:01:13,"$91,503.84",$1.82T,$39.71B,19.97M BTC,0.73% (24h),81%,19%
2026-01-09 12:35:07,"$91,038.22",$1.81T,$39.95B,19.97M BTC,0.1% (24h),81%,19%
2026-01-09 12:54:39,"$91,411.79",$1.82T,$39.5B,19.97M BTC,0.13% (24h),81%,19%
2026-01-09 13:42:19,"$90,689.65",$1.81T,$39.41B,19.97M BTC,0.24% (24h),81%,19%
2026-01-09 14:02:55,"$90,513.73",$1.8T,$39.43B,19.97M BTC,0.48% (24h),81%,19%
2026-01-09 14:31:40,"$90,194.28",$1.8T,$39.78B,19.97M BTC,0.99% (24h),81%,19%
2026-01-09 14:46:18,"$90,311.99",$1.8T,$40.16B,19.97M BTC,0.83% (24h),81%,19%
2026-01-09 14:58:48,"$90,276.50",$1.8T,$40.01B,19.97M BTC,0.53% (24h),81%,19%
2026-01-09 15:35:47,"$90,442.67",$1.8T,$39.67B,19.97M BTC,0.13% (24h),81%,19%
2026-01-09 15:54:57,"$90,169.28",$1.8T,$39.9B,19.97M BTC,0.7% (24h),81%,19%
2026-01-09 16:27:55,"$90,384.72",$1.8T,$39.59B,19.97M BTC,0.72% (24h),81%,19%
2026-01-09 16:46:15,"$90,334.16",$1.8T,$39.18B,19.97M BTC,0.94% (24h),81%,19%
2026-01-09 16:59:49,"$90,422.57",$1.8T,$39.06B,19.97M BTC,0.87% (24h),81%,19%
2026-01-09 17:33:00,"$90,481.74",$1.8T,$38.92B,19.97M BTC,0.68% (24h),81%,19%
2026-01-09 17:54:01,"$90,542.04",$1.8T,$39.02B,19.97M BTC,0.65% (24h),81%,19%
2026-01-09 18:27:43,"$90,595.55",$1.8T,$38.55B,19.97M BTC,0.66% (24h),81%,19%
2026-01-09 18:45:45,"$90,570.12",$1.8T,$38.54B,19.97M BTC,0.51% (24h),81%,19%
2026-01-09 18:59:43,"$90,515.76",$1.8T,$38.3B,19.97M BTC,0.56% (24h),81%,19%
2026-01-09 21:21:35,"$90,587.12",$1.8T,$36.68B,19.97M BTC,0.83% (24h),81%,19%
2026-01-09 22:45:05,"$90,474.58",$1.8T,$36.32B,19.97M BTC,0.67% (24h),81%,19%
2026-01-09 23:23:47,"$90,433.89",$1.8T,$35.69B,19.97M BTC,0.59% (24h),81%,19%
2026-01-09 23:56:54,"$90,315.91",$1.8T,$35.55B,19.97M BTC,0.67% (24h),81%,19%
2026-01-10 00:28:57,"$90,433.00",$1.8T,$35.25B,19.97M BTC,0.52% (24h),81%,19%
2026-01-10 00:48:18,"$90,484.95",$1.8T,$35.43B,19.97M BTC,0.45% (24h),81%,19%
2026-01-10 01:00:29,"$90,479.25",$1.8T,$35.2B,19.97M BTC,0.54% (24h),81%,19%
2026-01-10 01:44:04,"$90,417.27",$1.8T,$35.01B,19.97M BTC,0.65% (24h),81%,19%
2026-01-10 02:01:46,"$90,387.72",$1.8T,$35.15B,19.97M BTC,0.69% (24h),81%,19%
2026-01-10 02:30:03,"$90,473.64",$1.8T,$34.69B,19.97M BTC,0.48% (24h),81%,19%
2026-01-10 02:45:12,"$90,484.05",$1.8T,$34.44B,19.97M BTC,0.42% (24h),81%,19%
2026-01-10 02:59:19,"$90,537.20",$1.8T,$34.46B,19.97M BTC,0.16% (24h),81%,19%
2026-01-10 03:40:12,"$90,535.82",$1.8T,$33.51B,19.97M BTC,0.2% (24h),81%,19%
2026-01-10 03:56:50,"$90,522.70",$1.8T,$32.88B,19.97M BTC,0.86% (24h),81%,19%
2026-01-10 04:27:40,"$90,565.16",$1.8T,$31.78B,19.97M BTC,0.34% (24h),81%,19%
2026-01-10 04:45:09,"$90,557.86",$1.8T,$31.57B,19.97M BTC,0.35% (24h),81%,19%
2026-01-10 04:59:16,"$90,620.28",$1.81T,$31.81B,19.97M BTC,0.44% (24h),81%,19%
2026-01-10 05:32:23,"$90,630.62",$1.81T,$31.18B,19.97M BTC,0.35% (24h),81%,19%
2026-01-10 05:52:33,"$90,681.46",$1.81T,$31.01B,19.97M BTC,0.29% (24h),81%,19%
2026-01-10 06:22:39,"$90,674.60",$1.81T,$30.63B,19.97M BTC,0.18% (24h),81%,19%
2026-01-10 06:42:42,"$90,672.29",$1.81T,$30.43B,19.97M BTC,0.29% (24h),81%,19%
2026-01-10 06:59:07,"$90,610.26",$1.8T,$30.07B,19.97M BTC,0.3% (24h),81%,19%
2026-01-10 07:57:54,"$90,603.84",$1.8T,$28.92B,19.97M BTC,0.26% (24h),81%,19%
2026-01-10 08:36:33,"$90,595.21",$1.8T,$28.31B,19.97M BTC,0.07% (24h),81%,19%
2026-01-10 08:52:36,"$90,567.46",$1.8T,$27.6B,19.97M BTC,0.1% (24h),81%,19%
2026-01-10 09:25:43,"$90,513.53",$1.8T,$27.18B,19.97M BTC,0.12% (24h),81%,19%
2026-01-10 09:46:34,"$90,451.49",$1.8T,$26.7B,19.97M BTC,0.4% (24h),81%,19%
2026-01-10 09:59:19,"$90,456.88",$1.8T,$26.17B,19.97M BTC,0.44% (24h),81%,19%
2026-01-10 10:30:21,"$90,478.55",$1.8T,$23.65B,19.97M BTC,1.21% (24h),81%,19%
2026-01-10 10:46:13,"$90,509.57",$1.8T,$21.44B,19.97M BTC,0.86% (24h),81%,19%
2026-01-10 10:59:17,"$90,542.84",$1.8T,$21.09B,19.97M BTC,0.5% (24h),81%,19%
2026-01-10 11:36:38,"$90,528.94",$1.8T,$19.08B,19.97M BTC,0.74% (24h),81%,19%
2026-01-10 11:55:46,"$90,558.47",$1.8T,$18.69B,19.97M BTC,1.04% (24h),81%,19%
2026-01-10 12:23:39,"$90,610.58",$1.8T,$17.46B,19.97M BTC,0.54% (24h),81%,19%
2026-01-10 12:44:51,"$90,548.51",$1.8T,$17.17B,19.97M BTC,0.58% (24h),81%,19%
2026-01-10 12:59:15,"$90,432.82",$1.8T,$17.09B,19.97M BTC,0.99% (24h),81%,19%
2026-01-10 13:41:41,"$90,465.68",$1.8T,$16.06B,19.97M BTC,0.18% (24h),81%,19%
2026-01-10 13:58:56,"$90,468.83",$1.8T,$15.79B,19.97M BTC,0.35% (24h),81%,19%
2026-01-10 14:24:55,"$90,478.11",$1.8T,$15.15B,19.97M BTC,0.22% (24h),81%,19%
2026-01-10 14:41:20,"$90,510.20",$1.8T,$14.88B,19.97M BTC,0.23% (24h),81%,19%
2026-01-10 14:54:16,"$90,512.93",$1.8T,$14.62B,19.97M BTC,0.01% (24h),81%,19%
2026-01-10 15:30:13,"$90,518.88",$1.8T,$13.95B,19.97M BTC,0.17% (24h),81%,19%
2026-01-10 15:47:37,"$90,459.53",$1.8T,$13.78B,19.97M BTC,0.23% (24h),81%,19%
2026-01-10 16:00:22,"$90,448.95",$1.8T,$13.51B,19.97M BTC,0.26% (24h),81%,19%
2026-01-10 16:28:37,"$90,454.08",$1.8T,$13.21B,19.97M BTC,0.03% (24h),81%,19%
2026-01-10 16:45:16,"$90,417.01",$1.8T,$13.11B,19.97M BTC,0.1% (24h),81%,19%
2026-01-10 16:59:48,"$90,387.47",$1.8T,$13.03B,19.97M BTC,0.03% (24h),81%,19%
2026-01-10 17:30:44,"$90,386.53",$1.8T,$12.84B,19.97M BTC,0.11% (24h),81%,19%
2026-01-10 17:48:56,"$90,390.92",$1.8T,$12.6B,19.97M BTC,0.07% (24h),81%,19%
2026-01-10 18:00:52,"$90,319.70",$1.8T,$12.5B,19.97M BTC,0.21% (24h),81%,19%
2026-01-10 18:29:41,"$90,419.08",$1.8T,$12.46B,19.97M BTC,0.19% (24h),81%,19%
2026-01-10 18:45:50,"$90,392.81",$1.8T,$12.43B,19.97M BTC,0.18% (24h),81%,19%
2026-01-10 18:59:12,"$90,384.27",$1.8T,$12.38B,19.97M BTC,0.13% (24h),81%,19%
2026-01-10 21:37:08,"$90,535.70",$1.8T,$12.03B,19.97M BTC,0.07% (24h),81%,19%
2026-01-10 23:05:26,"$90,603.55",$1.8T,$11.96B,19.97M BTC,0.13% (24h),81%,19%
2026-01-10 23:57:42,"$90,652.71",$1.81T,$11.87B,19.97M BTC,0.37% (24h),81%,19%
2026-01-11 00:33:58,"$90,661.64",$1.81T,$11.87B,19.97M BTC,0.26% (24h),81%,19%
2026-01-11 00:55:20,"$90,654.53",$1.81T,$11.83B,19.97M BTC,0.19% (24h),81%,19%
2026-01-11 01:41:28,"$90,548.74",$1.8T,$12.13B,19.97M BTC,0.14% (24h),81%,19%
2026-01-11 02:01:34,"$90,633.85",$1.81T,$12.23B,19.97M BTC,0.28% (24h),81%,19%
2026-01-11 02:31:54,"$90,611.84",$1.8T,$12.11B,19.97M BTC,0.14% (24h),81%,19%
2026-01-11 02:47:22,"$90,589.73",$1.8T,$12.08B,19.97M BTC,0.11% (24h),81%,19%
2026-01-11 02:59:35,"$90,589.09",$1.8T,$12.07B,19.97M BTC,0.05% (24h),81%,19%
2026-01-11 03:38:40,"$90,668.70",$1.81T,$11.74B,19.97M BTC,0.15% (24h),81%,19%
2026-01-11 03:57:11,"$90,682.25",$1.81T,$11.88B,19.97M BTC,0.17% (24h),81%,19%
2026-01-11 04:29:15,"$90,639.21",$1.81T,$12.08B,19.97M BTC,0.09% (24h),81%,19%
2026-01-11 04:46:44,"$90,626.35",$1.81T,$12.1B,19.97M BTC,0.06% (24h),81%,19%
2026-01-11 04:59:13,"$90,626.40",$1.81T,$12.04B,19.97M BTC,0.01% (24h),81%,19%
2026-01-11 05:33:04,"$90,593.26",$1.8T,$11.98B,19.97M BTC,0.04% (24h),81%,19%
2026-01-11 05:53:22,"$90,608.79",$1.8T,$12.02B,19.97M BTC,0.09% (24h),81%,19%
2026-01-11 06:23:17,"$90,581.06",$1.8T,$12B,19.97M BTC,0.1% (24h),81%,19%
2026-01-11 06:43:05,"$90,622.00",$1.81T,$12.09B,19.97M BTC,0.05% (24h),81%,19%
2026-01-11 06:59:56,"$90,597.38",$1.8T,$12.12B,19.97M BTC,0.01% (24h),81%,19%
2026-01-11 07:59:33,"$90,823.08",$1.81T,$12.28B,19.97M BTC,0.24% (24h),81%,19%
2026-01-11 08:38:12,"$90,722.67",$1.81T,$12.66B,19.97M BTC,0.13% (24h),81%,19%
2026-01-11 08:53:59,"$90,766.26",$1.81T,$12.62B,19.97M BTC,0.21% (24h),81%,19%
2026-01-11 09:25:54,"$90,851.88",$1.81T,$12.61B,19.97M BTC,0.37% (24h),81%,19%
2026-01-11 09:46:35,"$90,924.86",$1.81T,$12.67B,19.97M BTC,0.51% (24h),81%,19%
2026-01-11 09:59:27,"$91,041.45",$1.81T,$12.85B,19.97M BTC,0.64% (24h),81%,19%
2026-01-11 10:30:26,"$90,859.75",$1.81T,$13.3B,19.97M BTC,0.41% (24h),81%,19%
2026-01-11 10:46:41,"$90,721.79",$1.81T,$13.38B,19.97M BTC,0.22% (24h),81%,19%
2026-01-11 10:59:16,"$90,745.29",$1.81T,$13.68B,19.97M BTC,0.22% (24h),81%,19%
2026-01-11 11:36:26,"$91,080.84",$1.81T,$14.12B,19.97M BTC,0.61% (24h),81%,19%
2026-01-11 11:55:44,"$90,929.26",$1.81T,$14.27B,19.97M BTC,0.41% (24h),81%,19%
2026-01-11 12:23:59,"$90,896.03",$1.81T,$14.59B,19.97M BTC,0.31% (24h),81%,19%
2026-01-11 12:45:20,"$90,862.07",$1.81T,$14.57B,19.97M BTC,0.34% (24h),81%,19%
2026-01-11 12:59:17,"$90,860.96",$1.81T,$14.68B,19.97M BTC,0.47% (24h),81%,19%
2026-01-11 13:41:17,"$90,683.09",$1.81T,$14.45B,19.97M BTC,0.24% (24h),81%,19%
2026-01-11 13:59:06,"$90,745.35",$1.81T,$14.61B,19.97M BTC,0.29% (24h),81%,19%
2026-01-11 14:24:27,"$90,774.40",$1.81T,$14.71B,19.97M BTC,0.33% (24h),81%,19%
2026-01-11 14:42:01,"$90,696.79",$1.81T,$14.83B,19.97M BTC,0.21% (24h),81%,19%
2026-01-11 14:54:56,"$90,613.81",$1.8T,$14.86B,19.97M BTC,0.12% (24h),81%,19%
2026-01-11 15:30:45,"$90,398.62",$1.8T,$15.47B,19.97M BTC,0.13% (24h),81%,19%
2026-01-11 15:49:08,"$90,505.64",$1.8T,$15.72B,19.97M BTC,0.05% (24h),81%,19%
2026-01-11 16:00:38,"$90,520.63",$1.8T,$15.75B,19.97M BTC,0.07% (24h),81%,19%
2026-01-11 16:29:13,"$90,512.61",$1.8T,$15.72B,19.97M BTC,0.06% (24h),81%,19%
2026-01-11 16:45:18,"$90,556.25",$1.8T,$15.87B,19.97M BTC,0.15% (24h),81%,19%
2026-01-11 16:59:00,"$90,642.89",$1.81T,$15.88B,19.97M BTC,0.28% (24h),81%,19%
2026-01-11 17:30:30,"$90,565.11",$1.8T,$15.98B,19.97M BTC,0.22% (24h),81%,19%
2026-01-11 17:48:53,"$90,584.62",$1.8T,$15.99B,19.97M BTC,0.2% (24h),81%,19%
2026-01-11 18:01:18,"$90,403.09",$1.8T,$16.05B,19.97M BTC,0.09% (24h),81%,19%
2026-01-11 18:29:59,"$90,624.10",$1.81T,$16.98B,19.97M BTC,0.21% (24h),81%,19%
2026-01-11 18:46:41,"$90,747.60",$1.81T,$17.04B,19.97M BTC,0.39% (24h),81%,19%
2026-01-11 18:59:37,"$90,814.15",$1.81T,$17.16B,19.97M BTC,0.47% (24h),81%,19%
2026-01-11 21:32:09,"$91,636.70",$1.83T,$21.22B,19.97M BTC,1.19% (24h),81%,19%
2026-01-11 23:05:05,"$91,647.98",$1.83T,$24.09B,19.97M BTC,1.14% (24h),81%,19%
2026-01-12 00:00:42,"$92,029.37",$1.83T,$25.38B,19.97M BTC,1.49% (24h),81%,19%
2026-01-12 00:40:55,"$92,028.77",$1.83T,$25.6B,19.97M BTC,1.48% (24h),81%,19%
2026-01-12 01:00:33,"$91,972.29",$1.83T,$25.63B,19.97M BTC,1.45% (24h),81%,19%
2026-01-12 01:53:45,"$91,708.49",$1.83T,$25.99B,19.97M BTC,1.26% (24h),81%,19%
2026-01-12 02:34:41,"$91,656.28",$1.83T,$26.48B,19.97M BTC,1.13% (24h),81%,19%
2026-01-12 02:55:00,"$91,301.58",$1.82T,$26.71B,19.97M BTC,0.78% (24h),81%,19%
2026-01-12 03:41:35,"$90,489.63",$1.8T,$27.96B,19.97M BTC,0.08% (24h),81%,19%
2026-01-12 04:05:50,"$90,690.77",$1.81T,$28.98B,19.97M BTC,0.02% (24h),81%,19%
2026-01-12 04:47:50,"$90,726.60",$1.81T,$29.34B,19.97M BTC,0.11% (24h),81%,19%
2026-01-12 05:03:33,"$90,520.41",$1.8T,$29.76B,19.97M BTC,0.1% (24h),81%,19%
2026-01-12 05:45:32,"$90,403.68",$1.8T,$29.99B,19.97M BTC,0.2% (24h),81%,19%
2026-01-12 06:01:49,"$90,339.73",$1.8T,$30.48B,19.97M BTC,0.29% (24h),81%,19%
2026-01-12 06:32:53,"$90,583.33",$1.8T,$30.94B,19.97M BTC,0.03% (24h),81%,19%
2026-01-12 06:52:32,"$90,520.94",$1.8T,$30.91B,19.97M BTC,0.08% (24h),81%,19%
2026-01-12 08:02:30,"$90,651.71",$1.81T,$31.24B,19.97M BTC,0.19% (24h),81%,19%
2026-01-12 08:51:10,"$90,535.33",$1.8T,$31.46B,19.97M BTC,0.23% (24h),81%,19%
2026-01-12 09:18:34,"$90,344.97",$1.8T,$31.59B,19.97M BTC,0.51% (24h),81%,19%
2026-01-12 09:51:08,"$90,840.76",$1.81T,$33.63B,19.97M BTC,0.04% (24h),81%,19%
2026-01-12 10:17:31,"$90,841.15",$1.81T,$34.22B,19.97M BTC,0.04% (24h),81%,19%
2026-01-12 10:47:01,"$91,409.73",$1.82T,$35.06B,19.97M BTC,0.78% (24h),81%,19%
2026-01-12 11:03:37,"$91,603.88",$1.82T,$35.84B,19.97M BTC,0.9% (24h),81%,19%
2026-01-12 11:45:42,"$92,155.41",$1.84T,$37.77B,19.97M BTC,1.27% (24h),81%,19%
2026-01-12 12:13:50,"$91,892.87",$1.83T,$37.68B,19.97M BTC,0.96% (24h),81%,19%
2026-01-12 12:43:19,"$91,290.15",$1.82T,$38.02B,19.97M BTC,0.48% (24h),81%,19%
2026-01-12 12:59:09,"$91,420.71",$1.82T,$40.3B,19.97M BTC,0.6% (24h),81%,19%
2026-01-12 13:47:48,"$91,587.17",$1.82T,$41.17B,19.97M BTC,0.93% (24h),81%,19%
2026-01-12 14:12:43,"$91,569.78",$1.82T,$41.37B,19.97M BTC,0.9% (24h),81%,19%
2026-01-12 14:36:41,"$91,734.35",$1.83T,$41.78B,19.97M BTC,1.09% (24h),81%,19%
2026-01-12 14:49:19,"$91,665.80",$1.83T,$41.82B,19.97M BTC,1.22% (24h),81%,19%
2026-01-12 15:01:35,"$91,779.70",$1.83T,$41.82B,19.97M BTC,1.35% (24h),81%,19%
2026-01-12 15:37:59,"$91,500.75",$1.82T,$67.28B,19.97M BTC,1.1% (24h),81%,19%
2026-01-12 15:56:19,"$91,406.35",$1.82T,$41.54B,19.97M BTC,0.95% (24h),81%,19%
2026-01-12 16:28:49,"$91,309.72",$1.82T,$41.94B,19.97M BTC,0.87% (24h),81%,19%
2026-01-12 16:47:28,"$91,123.30",$1.82T,$42B,19.97M BTC,0.61% (24h),81%,19%
2026-01-12 16:59:51,"$90,974.51",$1.81T,$42.03B,19.97M BTC,0.36% (24h),81%,19%
2026-01-12 17:30:42,"$91,176.91",$1.82T,$42.26B,19.97M BTC,0.67% (24h),81%,19%
2026-01-12 17:48:53,"$91,152.31",$1.82T,$42.47B,19.97M BTC,0.62% (24h),81%,19%
2026-01-12 18:00:53,"$91,186.91",$1.82T,$42.43B,19.97M BTC,0.87% (24h),81%,19%
2026-01-12 18:26:43,"$91,144.67",$1.82T,$41.87B,19.97M BTC,0.57% (24h),81%,19%
2026-01-12 18:43:13,"$91,161.16",$1.82T,$41.74B,19.97M BTC,0.54% (24h),81%,19%
2026-01-12 18:58:57,"$91,187.40",$1.82T,$41.34B,19.97M BTC,0.41% (24h),81%,19%
2026-01-12 21:23:16,"$91,165.68",$1.82T,$38.69B,19.97M BTC,0.37% (24h),81%,19%
2026-01-12 22:52:30,"$91,201.40",$1.82T,$36.48B,19.97M BTC,0.69% (24h),81%,19%
2026-01-12 23:46:41,"$91,244.22",$1.82T,$35.4B,19.97M BTC,0.91% (24h),81%,19%
2026-01-13 00:16:25,"$91,605.16",$1.82T,$35.26B,19.97M BTC,0.41% (24h),81%,19%
2026-01-13 00:46:44,"$91,839.20",$1.83T,$36.48B,19.97M BTC,0.16% (24h),81%,19%
2026-01-13 00:59:22,"$91,804.38",$1.83T,$37.01B,19.97M BTC,0.2% (24h),81%,19%
2026-01-13 01:50:15,"$91,943.98",$1.83T,$36.84B,19.97M BTC,0.21% (24h),81%,19%
2026-01-13 02:17:04,"$91,850.15",$1.83T,$37.56B,19.97M BTC,0.08% (24h),81%,19%
2026-01-13 02:42:59,"$91,880.13",$1.83T,$37.73B,19.97M BTC,0.39% (24h),81%,19%
2026-01-13 02:58:51,"$91,852.62",$1.83T,$37.84B,19.97M BTC,0.56% (24h),81%,19%
2026-01-13 03:43:50,"$92,042.11",$1.83T,$37.24B,19.97M BTC,1.77% (24h),81%,19%
2026-01-13 04:17:33,"$92,299.08",$1.84T,$36.3B,19.97M BTC,1.72% (24h),81%,19%
2026-01-13 04:47:49,"$92,118.72",$1.84T,$36.98B,19.97M BTC,1.53% (24h),81%,19%
2026-01-13 05:01:37,"$92,138.87",$1.84T,$37.56B,19.97M BTC,1.74% (24h),81%,19%
2026-01-13 05:39:27,"$92,167.04",$1.84T,$37.5B,19.97M BTC,1.85% (24h),81%,19%
2026-01-13 05:58:34,"$92,021.51",$1.83T,$69.61B,19.97M BTC,1.94% (24h),81%,19%
2026-01-13 06:31:14,"$92,105.94",$1.83T,$37.47B,19.97M BTC,1.68% (24h),81%,19%
2026-01-13 06:49:02,"$91,951.55",$1.83T,$70.32B,19.97M BTC,1.6% (24h),81%,19%
2026-01-13 07:00:55,"$91,923.45",$1.83T,$70.92B,19.97M BTC,1.53% (24h),81%,19%
2026-01-13 08:07:43,"$91,929.06",$1.83T,$71.75B,19.97M BTC,1.47% (24h),81%,19%
2026-01-13 08:53:10,"$91,994.43",$1.83T,$39B,19.97M BTC,1.58% (24h),81%,19%
2026-01-13 09:35:07,"$92,357.10",$1.84T,$39.18B,19.97M BTC,1.99% (24h),81%,19%
2026-01-13 10:04:28,"$92,097.70",$1.83T,$39.51B,19.97M BTC,1.42% (24h),81%,19%
2026-01-13 10:37:20,"$93,044.97",$1.85T,$39.67B,19.97M BTC,1.8% (24h),81%,19%
2026-01-13 10:58:22,"$93,322.46",$1.86T,$40.2B,19.97M BTC,2% (24h),81%,19%
2026-01-13 11:44:32,"$93,528.27",$1.86T,$40.98B,19.97M BTC,1.62% (24h),81%,19%
2026-01-13 12:17:24,"$93,225.67",$1.86T,$41.22B,19.97M BTC,1.47% (24h),81%,19%
2026-01-13 12:48:16,"$93,377.11",$1.86T,$40.79B,19.97M BTC,2.24% (24h),81%,19%
2026-01-13 13:02:44,"$93,194.90",$1.86T,$40.63B,19.97M BTC,1.9% (24h),81%,19%
2026-01-13 13:49:31,"$93,761.57",$1.87T,$41.37B,19.97M BTC,2.33% (24h),81%,19%
2026-01-13 14:13:01,"$93,506.52",$1.86T,$41.76B,19.97M BTC,2.09% (24h),81%,19%
2026-01-13 14:35:38,"$93,896.42",$1.87T,$42.05B,19.97M BTC,2.32% (24h),81%,19%
2026-01-13 14:50:08,"$94,026.33",$1.87T,$43B,19.97M BTC,2.56% (24h),81%,19%
2026-01-13 15:03:18,"$94,157.35",$1.88T,$43.3B,19.97M BTC,2.52% (24h),81%,19%
2026-01-13 15:39:39,"$94,203.41",$1.88T,$44.99B,19.97M BTC,3% (24h),81%,19%
2026-01-13 15:57:09,"$94,347.88",$1.88T,$45.76B,19.97M BTC,3.24% (24h),81%,19%
2026-01-13 16:29:42,"$94,310.69",$1.88T,$47.06B,19.97M BTC,3.29% (24h),81%,19%
2026-01-13 16:48:28,"$94,128.26",$1.88T,$47.42B,19.97M BTC,3.35% (24h),81%,19%
2026-01-13 17:00:57,"$94,069.49",$1.87T,$47.39B,19.97M BTC,3.39% (24h),81%,19%
2026-01-13 17:39:34,"$95,348.87",$1.9T,$51.4B,19.97M BTC,4.56% (24h),81%,19%
2026-01-13 17:55:59,"$95,585.44",$1.9T,$52.18B,19.97M BTC,4.85% (24h),81%,19%
2026-01-13 18:25:57,"$95,351.56",$1.9T,$54.01B,19.97M BTC,4.61% (24h),81%,19%
2026-01-13 18:44:50,"$95,137.76",$1.9T,$54.2B,19.97M BTC,4.36% (24h),81%,19%
2026-01-13 18:59:34,"$95,349.11",$1.9T,$54.99B,19.97M BTC,4.56% (24h),81%,19%
2026-01-13 21:30:51,"$95,393.96",$1.9T,$57.22B,19.97M BTC,4.6% (24h),81%,19%
2026-01-13 23:02:31,"$95,665.51",$1.91T,$60.09B,19.97M BTC,4.76% (24h),81%,19%
2026-01-13 23:55:46,"$95,230.23",$1.9T,$60.77B,19.97M BTC,4.27% (24h),81%,19%
2026-01-14 00:32:18,"$95,014.09",$1.89T,$60.22B,19.97M BTC,3.41% (24h),81%,19%
2026-01-14 00:56:45,"$94,983.64",$1.89T,$60.06B,19.97M BTC,3.34% (24h),81%,19%
2026-01-14 01:43:36,"$94,821.68",$1.89T,$60.72B,19.97M BTC,3.04% (24h),81%,19%
2026-01-14 02:17:08,"$95,128.00",$1.9T,$60.44B,19.97M BTC,3.56% (24h),81%,19%
2026-01-14 02:43:38,"$94,978.02",$1.89T,$61.15B,19.97M BTC,3.37% (24h),81%,19%
2026-01-14 02:58:56,"$95,168.25",$1.9T,$61.39B,19.97M BTC,3.61% (24h),81%,19%
2026-01-14 03:43:03,"$94,910.01",$1.89T,$61.26B,19.97M BTC,3.11% (24h),81%,19%
2026-01-14 04:17:43,"$95,063.80",$1.89T,$61.07B,19.97M BTC,2.96% (24h),81%,19%
2026-01-14 04:49:34,"$94,985.52",$1.89T,$60.27B,19.97M BTC,3.07% (24h),81%,19%
2026-01-14 05:02:27,"$95,062.81",$1.89T,$59.98B,19.97M BTC,3.18% (24h),81%,19%
2026-01-14 05:45:35,"$95,060.40",$1.89T,$60.15B,19.97M BTC,3.35% (24h),81%,19%
2026-01-14 06:02:42,"$94,984.33",$1.89T,$60.41B,19.97M BTC,3.21% (24h),81%,19%
2026-01-14 06:35:15,"$94,926.44",$1.89T,$59.05B,19.97M BTC,3.15% (24h),81%,19%
2026-01-14 06:54:17,"$94,756.29",$1.89T,$60.53B,19.97M BTC,3.12% (24h),81%,19%
2026-01-14 08:00:22,"$95,031.30",$1.89T,$60.87B,19.97M BTC,3.28% (24h),81%,19%
2026-01-14 08:49:29,"$94,932.40",$1.89T,$59.41B,19.97M BTC,3.07% (24h),81%,19%
2026-01-14 09:14:53,"$95,426.16",$1.9T,$58.96B,19.97M BTC,3.86% (24h),81%,19%
2026-01-14 09:49:07,"$96,571.43",$1.92T,$59.88B,19.97M BTC,4.4% (24h),81%,19%
2026-01-14 10:14:36,"$96,963.27",$1.93T,$61.74B,19.97M BTC,4.86% (24h),81%,19%
2026-01-14 10:43:45,"$96,369.90",$1.92T,$63.66B,19.97M BTC,3.72% (24h),81%,19%
2026-01-14 11:01:50,"$96,773.93",$1.93T,$63.87B,19.97M BTC,3.5% (24h),81%,19%
2026-01-14 11:48:16,"$97,601.00",$1.94T,$64.46B,19.97M BTC,4.31% (24h),81%,19%
2026-01-14 12:18:32,"$97,587.85",$1.94T,$65.05B,19.97M BTC,4.78% (24h),81%,19%
2026-01-14 12:49:15,"$97,394.19",$1.94T,$66.8B,19.97M BTC,4.38% (24h),81%,19%
2026-01-14 13:01:59,"$96,932.46",$1.93T,$67.81B,19.97M BTC,4.03% (24h),81%,19%
2026-01-14 13:50:48,"$96,681.69",$1.93T,$68.38B,19.97M BTC,3.21% (24h),81%,19%
2026-01-14 14:12:38,"$96,850.82",$1.93T,$68.46B,19.97M BTC,3.53% (24h),81%,19%
2026-01-14 14:36:39,"$97,193.65",$1.94T,$69.04B,19.97M BTC,3.41% (24h),81%,19%
2026-01-14 14:51:02,"$97,432.29",$1.94T,$69.3B,19.97M BTC,3.62% (24h),81%,19%
2026-01-14 15:13:14,"$97,609.59",$1.94T,$68.57B,19.97M BTC,3.41% (24h),,
2026-01-14 15:42:24,"$97,656.08",$1.95T,$68.25B,19.97M BTC,3.7% (24h),81%,19%
2026-01-14 16:00:32,"$97,591.67",$1.94T,$68.31B,19.97M BTC,3.33% (24h),81%,19%
2026-01-14 16:33:14,"$97,680.16",$1.95T,$66.91B,19.97M BTC,3.56% (24h),81%,19%
2026-01-14 16:53:46,"$97,583.23",$1.94T,$66.78B,19.97M BTC,3.73% (24h),81%,19%
2026-01-14 17:29:53,"$97,360.13",$1.94T,$62.89B,19.97M BTC,2.07% (24h),81%,19%
2026-01-14 17:52:52,"$97,122.22",$1.94T,$62.28B,19.97M BTC,1.63% (24h),81%,19%
2026-01-14 18:24:47,"$97,152.09",$1.94T,$61.12B,19.97M BTC,1.76% (24h),81%,19%
2026-01-14 18:43:50,"$97,028.83",$1.93T,$60.06B,19.97M BTC,2.03% (24h),81%,19%
2026-01-14 18:59:29,"$96,931.69",$1.93T,$60.74B,19.97M BTC,1.68% (24h),81%,19%
2026-01-14 21:25:10,"$96,453.06",$1.92T,$59.02B,19.97M BTC,1.12% (24h),81%,19%
2026-01-14 22:54:46,"$95,880.12",$1.91T,$59.96B,19.97M BTC,0.34% (24h),81%,19%
2026-01-14 23:47:51,"$96,181.96",$1.92T,$60.32B,19.97M BTC,0.96% (24h),81%,19%
2026-01-15 00:17:33,"$96,302.42",$1.92T,$60.61B,19.97M BTC,1.19% (24h),81%,19%
2026-01-15 00:46:45,"$96,439.20",$1.92T,$60.34B,19.97M BTC,1.4% (24h),81%,19%
2026-01-15 01:00:24,"$96,392.28",$1.92T,$60.11B,19.97M BTC,1.49% (24h),81%,19%
2026-01-15 01:50:12,"$96,282.80",$1.92T,$59.41B,19.97M BTC,1.47% (24h),81%,19%
2026-01-15 02:17:02,"$96,276.77",$1.92T,$59.06B,19.97M BTC,1.21% (24h),81%,19%
2026-01-15 02:43:41,"$96,584.19",$1.92T,$59.04B,19.97M BTC,1.71% (24h),81%,19%
2026-01-15 02:59:33,"$96,519.11",$1.92T,$58.92B,19.97M BTC,1.41% (24h),81%,19%
2026-01-15 03:44:45,"$96,368.65",$1.92T,$59.15B,19.97M BTC,1.54% (24h),81%,19%
2026-01-15 04:15:51,"$96,554.45",$1.92T,$59.27B,19.97M BTC,1.58% (24h),81%,19%
2026-01-15 04:47:10,"$97,003.54",$1.93T,$59.55B,19.97M BTC,2.14% (24h),81%,19%
2026-01-15 05:01:01,"$97,017.76",$1.93T,$60.04B,19.97M BTC,2.06% (24h),81%,19%
2026-01-15 05:38:46,"$96,737.13",$1.93T,$60.16B,19.97M BTC,1.87% (24h),81%,19%
2026-01-15 05:57:47,"$96,780.16",$1.93T,$60B,19.97M BTC,1.78% (24h),81%,19%
2026-01-15 06:29:39,"$96,786.96",$1.93T,$59.74B,19.97M BTC,1.95% (24h),81%,19%
2026-01-15 06:47:22,"$96,634.12",$1.93T,$59.88B,19.97M BTC,1.86% (24h),81%,19%
2026-01-15 06:59:49,"$96,557.37",$1.92T,$60.03B,19.97M BTC,1.95% (24h),81%,19%
2026-01-15 08:06:14,"$96,872.96",$1.93T,$59.66B,19.97M BTC,2.07% (24h),81%,19%
2026-01-15 08:52:53,"$96,926.81",$1.93T,$59.84B,19.97M BTC,2.17% (24h),81%,19%
2026-01-15 09:31:53,"$96,745.98",$1.93T,$59.03B,19.97M BTC,1.19% (24h),81%,19%
2026-01-15 09:58:39,"$96,015.67",$1.91T,$58.88B,19.97M BTC,0.47% (24h),81%,19%
2026-01-15 10:37:14,"$95,835.11",$1.91T,$57.06B,19.97M BTC,0.94% (24h),81%,19%
2026-01-15 11:02:49,"$96,453.56",$1.92T,$56.75B,19.97M BTC,0.34% (24h),81%,19%
2026-01-15 11:54:10,"$96,592.44",$1.92T,$56.75B,19.97M BTC,0.9% (24h),81%,19%
2026-01-15 12:39:22,"$96,795.67",$1.93T,$54.81B,19.97M BTC,0.12% (24h),81%,19%
2026-01-15 13:03:09,"$96,549.73",$1.92T,$55.01B,19.97M BTC,0.47% (24h),81%,19%
2026-01-15 13:55:56,"$95,815.17",$1.91T,$56.03B,19.97M BTC,0.98% (24h),81%,19%
2026-01-15 14:31:04,"$95,438.30",$1.9T,$56.51B,19.97M BTC,1.98% (24h),81%,19%
2026-01-15 14:50:49,"$95,586.18",$1.9T,$56.53B,19.97M BTC,1.89% (24h),81%,19%
2026-01-15 15:14:20,"$95,516.64",$1.9T,$55.95B,19.97M BTC,2.25% (24h),81%,19%
2026-01-15 15:45:00,"$95,226.92",$1.9T,$55.71B,19.97M BTC,2.42% (24h),81%,19%
2026-01-15 16:01:09,"$95,165.82",$1.9T,$55.21B,19.97M BTC,2.41% (24h),81%,19%
2026-01-15 16:32:51,"$95,389.11",$1.9T,$55.18B,19.97M BTC,2.34% (24h),81%,19%
2026-01-15 16:52:43,"$95,562.45",$1.9T,$55.14B,19.97M BTC,2.05% (24h),81%,19%
2026-01-15 17:29:18,"$95,693.01",$1.91T,$54.56B,19.97M BTC,1.71% (24h),81%,19%
2026-01-15 17:50:34,"$95,616.50",$1.91T,$53.86B,19.97M BTC,1.67% (24h),81%,19%
2026-01-15 18:12:19,"$95,475.80",$1.9T,$53.17B,19.97M BTC,1.75% (24h),81%,19%
2026-01-15 18:38:57,"$95,477.70",$1.9T,$52.3B,19.97M BTC,1.65% (24h),81%,19%
2026-01-15 18:52:26,"$95,562.53",$1.9T,$53.12B,19.97M BTC,1.53% (24h),81%,19%
2026-01-15 21:09:59,"$95,453.81",$1.9T,$50.97B,19.97M BTC,1.15% (24h),81%,19%
2026-01-15 22:48:29,"$95,390.66",$1.9T,$49.65B,19.97M BTC,0.57% (24h),81%,19%
2026-01-15 23:31:01,"$95,386.54",$1.9T,$48.82B,19.97M BTC,0.85% (24h),81%,19%
2026-01-16 00:01:26,"$95,295.74",$1.9T,$49.25B,19.97M BTC,1.02% (24h),81%,19%
2026-01-16 00:38:11,"$95,366.22",$1.9T,$49.59B,19.97M BTC,0.97% (24h),81%,19%
2026-01-16 00:55:47,"$95,571.59",$1.9T,$49.55B,19.97M BTC,0.86% (24h),81%,19%
2026-01-16 01:43:11,"$95,684.30",$1.91T,$49.65B,19.97M BTC,0.57% (24h),81%,19%
2026-01-16 02:14:34,"$95,683.51",$1.91T,$49.63B,19.97M BTC,0.58% (24h),81%,19%
2026-01-16 02:43:06,"$95,464.15",$1.9T,$49.3B,19.97M BTC,1.16% (24h),81%,19%
2026-01-16 02:58:46,"$95,625.72",$1.91T,$48.69B,19.97M BTC,0.92% (24h),81%,19%
2026-01-16 03:42:22,"$95,691.10",$1.91T,$48.99B,19.97M BTC,0.7% (24h),81%,19%
2026-01-16 04:14:38,"$95,675.81",$1.91T,$48.51B,19.97M BTC,0.94% (24h),81%,19%
2026-01-16 04:46:09,"$95,602.79",$1.9T,$47.73B,19.97M BTC,1.46% (24h),81%,19%
2026-01-16 05:00:28,"$95,571.47",$1.9T,$47.62B,19.97M BTC,1.46% (24h),81%,19%
2026-01-16 05:38:07,"$95,327.16",$1.9T,$46.69B,19.97M BTC,1.45% (24h),81%,19%
2026-01-16 05:56:23,"$95,295.77",$1.9T,$46.87B,19.97M BTC,1.55% (24h),81%,19%
2026-01-16 06:26:45,"$95,321.62",$1.9T,$46.86B,19.97M BTC,1.49% (24h),81%,19%
2026-01-16 06:45:58,"$95,295.13",$1.9T,$46.91B,19.97M BTC,1.4% (24h),81%,19%
2026-01-16 06:58:59,"$95,389.04",$1.9T,$46.73B,19.97M BTC,1.26% (24h),81%,19%
2026-01-16 08:08:56,"$95,360.67",$1.9T,$46.3B,19.97M BTC,1.55% (24h),81%,19%
2026-01-16 08:50:29,"$95,441.53",$1.9T,$46.08B,19.97M BTC,1.56% (24h),81%,19%
2026-01-16 09:15:18,"$95,396.02",$1.9T,$45.71B,19.97M BTC,1.75% (24h),81%,19%
2026-01-16 09:46:06,"$95,412.65",$1.9T,$44.85B,19.97M BTC,0.3% (24h),81%,19%
2026-01-16 10:02:45,"$95,060.86",$1.89T,$44.19B,19.97M BTC,1.19% (24h),81%,19%
2026-01-16 10:38:33,"$94,618.33",$1.89T,$43.63B,19.97M BTC,1.24% (24h),81%,19%
2026-01-16 10:56:38,"$94,580.35",$1.88T,$43.87B,19.97M BTC,1.15% (24h),81%,19%
2026-01-16 11:38:08,"$94,811.96",$1.89T,$42.21B,19.97M BTC,1.7% (24h),81%,19%
2026-01-16 12:01:34,"$94,761.44",$1.89T,$41.65B,19.97M BTC,2.03% (24h),81%,19%
2026-01-16 12:35:59,"$94,746.80",$1.89T,$40.71B,19.97M BTC,2.04% (24h),81%,19%
2026-01-16 12:55:33,"$94,766.47",$1.89T,$39.76B,19.97M BTC,1.92% (24h),81%,19%
2026-01-16 13:41:48,"$95,072.47",$1.89T,$37.76B,19.97M BTC,0.79% (24h),81%,19%
2026-01-16 14:03:18,"$94,900.76",$1.89T,$36.61B,19.97M BTC,0.7% (24h),81%,19%
2026-01-16 14:30:10,"$94,799.33",$1.89T,$34.97B,19.97M BTC,0.7% (24h),81%,19%
2026-01-16 14:43:42,"$94,891.82",$1.89T,$34.42B,19.97M BTC,0.43% (24h),81%,19%
2026-01-16 14:59:00,"$94,960.90",$1.89T,$33.87B,19.97M BTC,0.49% (24h),81%,19%
2026-01-16 15:32:28,"$95,105.02",$1.89T,$33.57B,19.97M BTC,0.03% (24h),81%,19%
2026-01-16 15:53:11,"$95,255.23",$1.9T,$33.49B,19.97M BTC,0.05% (24h),81%,19%
2026-01-16 16:28:40,"$95,386.03",$1.9T,$33.81B,19.97M BTC,0% (24h),81%,19%
2026-01-16 16:47:25,"$95,484.53",$1.9T,$33.8B,19.97M BTC,0.03% (24h),81%,19%
2026-01-16 16:59:21,"$95,455.71",$1.9T,$33.76B,19.97M BTC,0.09% (24h),81%,19%
2026-01-16 17:32:51,"$95,334.94",$1.9T,$33.66B,19.97M BTC,0.38% (24h),81%,19%
2026-01-16 17:53:44,"$95,380.42",$1.9T,$33.69B,19.97M BTC,0.2% (24h),81%,19%
2026-01-16 18:27:26,"$95,502.49",$1.9T,$33.4B,19.97M BTC,0.16% (24h),81%,19%
2026-01-16 18:45:41,"$95,438.62",$1.9T,$33.34B,19.97M BTC,0.05% (24h),81%,19%
2026-01-16 18:59:20,"$95,523.48",$1.9T,$33.24B,19.97M BTC,0.03% (24h),81%,19%
2026-01-16 21:19:32,"$95,253.43",$1.9T,$31.98B,19.97M BTC,0.15% (24h),81%,19%
2026-01-16 22:42:23,"$95,235.58",$1.9T,$31.3B,19.97M BTC,0.17% (24h),81%,19%
2026-01-16 23:22:19,"$95,237.00",$1.9T,$31.05B,19.97M BTC,0.19% (24h),81%,19%
2026-01-16 23:55:06,"$95,311.75",$1.9T,$30.24B,19.97M BTC,0.16% (24h),81%,19%
2026-01-17 00:27:40,"$95,288.15",$1.9T,$29.55B,19.97M BTC,0.03% (24h),81%,19%
2026-01-17 00:46:58,"$95,266.51",$1.9T,$29.04B,19.97M BTC,0.28% (24h),81%,19%
2026-01-17 00:58:49,"$95,250.49",$1.9T,$28.91B,19.97M BTC,0.37% (24h),81%,19%
2026-01-17 01:43:46,"$95,261.36",$1.9T,$28.03B,19.97M BTC,0.44% (24h),81%,19%
2026-01-17 02:02:07,"$95,106.02",$1.89T,$27.97B,19.97M BTC,0.62% (24h),81%,19%
2026-01-17 02:31:41,"$95,134.74",$1.9T,$27.88B,19.97M BTC,0.36% (24h),81%,19%
2026-01-17 02:46:03,"$95,083.20",$1.89T,$27.73B,19.97M BTC,0.41% (24h),81%,19%
2026-01-17 02:59:10,"$95,065.82",$1.89T,$27.5B,19.97M BTC,0.59% (24h),81%,19%
2026-01-17 03:40:05,"$95,203.30",$1.9T,$27B,19.97M BTC,0.48% (24h),81%,19%
2026-01-17 03:56:29,"$95,204.81",$1.9T,$26.76B,19.97M BTC,0.5% (24h),81%,19%
2026-01-17 04:27:31,"$95,172.58",$1.9T,$26.58B,19.97M BTC,0.42% (24h),81%,19%
2026-01-17 04:44:36,"$95,211.45",$1.9T,$26.5B,19.97M BTC,0.44% (24h),81%,19%
2026-01-17 04:59:29,"$95,212.13",$1.9T,$26.51B,19.97M BTC,0.38% (24h),81%,19%
2026-01-17 05:32:30,"$95,192.20",$1.9T,$26.21B,19.97M BTC,0.19% (24h),81%,19%
2026-01-17 05:52:16,"$95,065.54",$1.89T,$26.02B,19.97M BTC,0.22% (24h),81%,19%
2026-01-17 06:22:59,"$95,138.89",$1.9T,$25.53B,19.97M BTC,0.16% (24h),81%,19%
2026-01-17 06:42:18,"$95,250.12",$1.9T,$25.5B,19.97M BTC,0.07% (24h),81%,19%
2026-01-17 06:59:46,"$95,261.02",$1.9T,$25.48B,19.97M BTC,0.13% (24h),81%,19%
2026-01-17 07:58:17,"$95,202.78",$1.9T,$25.2B,19.97M BTC,0.2% (24h),81%,19%
2026-01-17 08:36:17,"$95,312.62",$1.9T,$25.1B,19.97M BTC,0.13% (24h),81%,19%
2026-01-17 08:52:04,"$95,389.98",$1.9T,$24.9B,19.97M BTC,0.04% (24h),81%,19%
2026-01-17 09:25:44,"$95,369.45",$1.9T,$24.62B,19.97M BTC,0.01% (24h),81%,19%
2026-01-17 09:45:31,"$95,411.41",$1.9T,$24.15B,19.97M BTC,0.19% (24h),81%,19%
2026-01-17 09:59:22,"$95,382.14",$1.9T,$23.83B,19.97M BTC,0.22% (24h),81%,19%
2026-01-17 10:30:35,"$95,490.61",$1.9T,$22.61B,19.97M BTC,0.85% (24h),81%,19%
2026-01-17 10:47:15,"$95,510.33",$1.9T,$21.86B,19.97M BTC,1.19% (24h),81%,19%
2026-01-17 10:59:21,"$95,522.09",$1.9T,$21.29B,19.97M BTC,0.96% (24h),81%,19%
2026-01-17 11:35:06,"$95,279.16",$1.9T,$20.36B,19.97M BTC,0.65% (24h),81%,19%
2026-01-17 11:54:09,"$95,292.81",$1.9T,$20.14B,19.97M BTC,0.39% (24h),81%,19%
2026-01-17 12:23:30,"$95,327.56",$1.9T,$19.95B,19.97M BTC,0.61% (24h),81%,19%
2026-01-17 12:44:10,"$95,360.28",$1.9T,$19.54B,19.97M BTC,0.53% (24h),81%,19%
2026-01-17 12:59:11,"$95,323.46",$1.9T,$19.35B,19.97M BTC,0.45% (24h),81%,19%
2026-01-17 13:40:51,"$95,422.46",$1.9T,$18.71B,19.97M BTC,0.35% (24h),81%,19%
2026-01-17 13:58:37,"$95,381.10",$1.9T,$18.46B,19.97M BTC,0.39% (24h),81%,19%
2026-01-17 14:23:23,"$95,318.44",$1.9T,$18.19B,19.97M BTC,0.49% (24h),81%,19%
2026-01-17 14:41:38,"$95,325.78",$1.9T,$18.08B,19.97M BTC,0.42% (24h),81%,19%
2026-01-17 14:54:20,"$95,258.50",$1.9T,$17.97B,19.97M BTC,0.32% (24h),81%,19%
2026-01-17 15:30:09,"$95,283.43",$1.9T,$17.58B,19.97M BTC,0.21% (24h),81%,19%
2026-01-17 15:47:49,"$95,333.29",$1.9T,$17.39B,19.97M BTC,0.14% (24h),81%,19%
2026-01-17 15:59:39,"$95,340.40",$1.9T,$17.1B,19.97M BTC,0.06% (24h),81%,19%
2026-01-17 16:27:49,"$95,330.22",$1.9T,$16.46B,19.97M BTC,0.02% (24h),81%,19%
2026-01-17 16:44:04,"$95,247.86",$1.9T,$16.43B,19.97M BTC,0.26% (24h),81%,19%
2026-01-17 16:59:25,"$95,262.28",$1.9T,$16.28B,19.97M BTC,0.19% (24h),81%,19%
2026-01-17 17:30:21,"$95,140.04",$1.9T,$16.07B,19.97M BTC,0.23% (24h),81%,19%
2026-01-17 17:48:40,"$95,041.63",$1.89T,$16.07B,19.97M BTC,0.3% (24h),81%,19%
2026-01-17 18:00:32,"$95,122.21",$1.9T,$16.04B,19.97M BTC,0.36% (24h),81%,19%
2026-01-17 18:29:43,"$95,099.37",$1.89T,$16.04B,19.97M BTC,0.42% (24h),81%,19%
2026-01-17 18:45:49,"$95,096.89",$1.89T,$16B,19.97M BTC,0.35% (24h),81%,19%
2026-01-17 18:59:15,"$95,101.36",$1.89T,$16B,19.97M BTC,0.44% (24h),81%,19%
2026-01-17 21:34:55,"$94,892.33",$1.89T,$16.24B,19.97M BTC,0.33% (24h),81%,19%
2026-01-17 23:00:47,"$95,129.19",$1.9T,$16.49B,19.97M BTC,0.2% (24h),81%,19%
2026-01-17 23:50:51,"$95,069.12",$1.89T,$16.49B,19.97M BTC,0.24% (24h),81%,19%
2026-01-18 00:17:01,"$95,051.05",$1.89T,$16.41B,19.97M BTC,0.19% (24h),81%,19%
2026-01-18 00:44:00,"$95,113.32",$1.9T,$16.48B,19.97M BTC,0.15% (24h),81%,19%
2026-01-18 00:59:21,"$95,145.50",$1.9T,$16.61B,19.97M BTC,0.1% (24h),81%,19%
2026-01-18 01:44:56,"$95,154.43",$1.9T,$16.63B,19.97M BTC,0.1% (24h),81%,19%
2026-01-18 02:02:42,"$95,136.55",$1.9T,$16.64B,19.97M BTC,0.02% (24h),81%,19%
2026-01-18 02:32:38,"$95,028.88",$1.89T,$16.74B,19.97M BTC,0.1% (24h),81%,19%
2026-01-18 02:49:33,"$95,024.49",$1.89T,$16.75B,19.97M BTC,0.04% (24h),81%,19%
2026-01-18 03:01:59,"$95,009.80",$1.89T,$16.7B,19.97M BTC,0.04% (24h),81%,19%
2026-01-18 03:38:59,"$95,084.01",$1.89T,$16.68B,19.97M BTC,0.12% (24h),81%,19%
2026-01-18 03:57:10,"$95,145.34",$1.9T,$16.66B,19.97M BTC,0.06% (24h),81%,19%
2026-01-18 04:28:43,"$95,160.19",$1.9T,$16.72B,19.97M BTC,0.01% (24h),81%,19%
2026-01-18 04:46:33,"$95,213.27",$1.9T,$16.85B,19.97M BTC,0% (24h),81%,19%
2026-01-18 04:59:25,"$95,240.97",$1.9T,$16.96B,19.97M BTC,0.02% (24h),81%,19%
2026-01-18 05:32:23,"$95,090.86",$1.89T,$17.32B,19.97M BTC,0.1% (24h),81%,19%
2026-01-18 05:52:50,"$95,139.95",$1.9T,$17.38B,19.97M BTC,0.06% (24h),81%,19%
2026-01-18 06:22:31,"$95,081.10",$1.89T,$17.33B,19.97M BTC,0.04% (24h),81%,19%
2026-01-18 06:42:07,"$95,066.67",$1.89T,$17.19B,19.97M BTC,0.2% (24h),81%,19%
2026-01-18 06:59:01,"$95,124.70",$1.9T,$17.23B,19.97M BTC,0.13% (24h),81%,19%
2026-01-18 07:58:20,"$95,047.91",$1.89T,$17.06B,19.97M BTC,0.15% (24h),81%,19%
2026-01-18 08:36:59,"$94,928.47",$1.89T,$17.21B,19.97M BTC,0.4% (24h),81%,19%
2026-01-18 08:52:21,"$95,119.57",$1.9T,$17.4B,19.97M BTC,0.28% (24h),81%,19%
2026-01-18 09:24:51,"$95,165.94",$1.9T,$17.46B,19.97M BTC,0.24% (24h),81%,19%
2026-01-18 09:45:32,"$95,095.44",$1.89T,$17.67B,19.97M BTC,0.32% (24h),81%,19%
2026-01-18 09:58:53,"$94,926.83",$1.89T,$17.85B,19.97M BTC,0.48% (24h),81%,19%
2026-01-18 10:29:16,"$95,024.80",$1.89T,$17.68B,19.97M BTC,0.47% (24h),81%,19%
2026-01-18 10:46:27,"$95,024.36",$1.89T,$17.22B,19.97M BTC,0.55% (24h),81%,19%
2026-01-18 10:59:19,"$95,087.71",$1.89T,$17.09B,19.97M BTC,0.45% (24h),81%,19%
2026-01-18 11:36:05,"$95,050.52",$1.89T,$16.58B,19.97M BTC,0.23% (24h),81%,19%
2026-01-18 11:55:12,"$95,146.77",$1.9T,$16.37B,19.97M BTC,0.13% (24h),81%,19%
2026-01-18 12:23:54,"$95,202.43",$1.9T,$16.34B,19.97M BTC,0.12% (24h),81%,19%
2026-01-18 12:45:09,"$95,160.42",$1.9T,$16.37B,19.97M BTC,0.23% (24h),81%,19%
2026-01-18 12:59:10,"$95,169.12",$1.9T,$16.34B,19.97M BTC,0.16% (24h),81%,19%
2026-01-18 13:40:07,"$95,307.49",$1.9T,$16.52B,19.97M BTC,0.11% (24h),81%,19%
2026-01-18 13:57:14,"$95,490.29",$1.9T,$16.67B,19.97M BTC,0.1% (24h),81%,19%
2026-01-18 14:22:37,"$95,406.20",$1.9T,$17.18B,19.97M BTC,0.08% (24h),81%,19%
2026-01-18 14:41:20,"$95,428.92",$1.9T,$17.29B,19.97M BTC,0.1% (24h),81%,19%
2026-01-18 14:53:33,"$95,316.02",$1.9T,$17.33B,19.97M BTC,0.07% (24h),81%,19%
2026-01-18 15:29:45,"$95,402.95",$1.9T,$17.34B,19.97M BTC,0.09% (24h),81%,19%
2026-01-18 15:47:38,"$95,305.35",$1.9T,$17.37B,19.97M BTC,0.03% (24h),81%,19%
2026-01-18 15:59:53,"$95,266.84",$1.9T,$17.43B,19.97M BTC,0.08% (24h),81%,19%
2026-01-18 16:28:11,"$95,289.98",$1.9T,$17.35B,19.97M BTC,0.04% (24h),81%,19%
2026-01-18 16:44:44,"$95,343.48",$1.9T,$17.37B,19.97M BTC,0.1% (24h),81%,19%
2026-01-18 16:59:04,"$95,389.79",$1.9T,$17.32B,19.97M BTC,0.13% (24h),81%,19%
2026-01-18 17:30:30,"$95,418.63",$1.9T,$17.43B,19.97M BTC,0.29% (24h),81%,19%
2026-01-18 17:48:58,"$95,447.69",$1.9T,$17.42B,19.97M BTC,0.45% (24h),81%,19%
2026-01-18 18:00:49,"$95,411.54",$1.9T,$17.42B,19.97M BTC,0.29% (24h),81%,19%
2026-01-18 18:29:49,"$94,599.59",$1.88T,$18.01B,19.97M BTC,0.53% (24h),81%,19%
2026-01-18 18:47:03,"$94,059.55",$1.87T,$19.13B,19.97M BTC,1.08% (24h),81%,19%
2026-01-18 18:59:59,"$93,642.77",$1.87T,$20.82B,19.97M BTC,1.53% (24h),81%,19%
2026-01-18 21:33:11,"$92,477.43",$1.84T,$30.46B,19.97M BTC,2.56% (24h),81%,19%
2026-01-18 23:06:30,"$92,656.40",$1.85T,$31.82B,19.97M BTC,2.6% (24h),81%,19%
2026-01-19 00:02:05,"$92,699.16",$1.85T,$32.46B,19.97M BTC,2.48% (24h),81%,19%
2026-01-19 00:49:11,"$92,566.95",$1.84T,$32.8B,19.97M BTC,2.74% (24h),81%,19%
2026-01-19 01:21:39,"$92,500.83",$1.84T,$33.22B,19.97M BTC,2.74% (24h),81%,19%
2026-01-19 02:02:38,"$92,583.36",$1.84T,$33.6B,19.97M BTC,2.67% (24h),81%,19%
2026-01-19 02:43:26,"$92,621.32",$1.85T,$33.82B,19.97M BTC,2.49% (24h),81%,19%
2026-01-19 03:00:48,"$92,778.29",$1.85T,$33.99B,19.97M BTC,2.33% (24h),81%,19%
2026-01-19 03:49:37,"$93,206.25",$1.86T,$35.94B,19.97M BTC,2.01% (24h),81%,19%
2026-01-19 04:22:50,"$93,003.04",$1.85T,$36.73B,19.97M BTC,2.28% (24h),81%,19%
2026-01-19 04:59:34,"$92,994.75",$1.85T,$36.08B,19.97M BTC,2.35% (24h),81%,19%
2026-01-19 05:42:10,"$92,946.79",$1.85T,$36.27B,19.97M BTC,2.26% (24h),81%,19%
2026-01-19 06:03:37,"$92,947.17",$1.85T,$36.2B,19.97M BTC,2.27% (24h),81%,19%
2026-01-19 06:35:10,"$93,054.20",$1.85T,$37.45B,19.97M BTC,2.11% (24h),81%,19%
2026-01-19 06:53:18,"$93,133.40",$1.86T,$37.4B,19.97M BTC,2.09% (24h),81%,19%
2026-01-19 08:03:19,"$92,973.57",$1.85T,$38.42B,19.97M BTC,2.19% (24h),81%,19%
2026-01-19 08:54:37,"$92,982.43",$1.85T,$38.6B,19.97M BTC,2.25% (24h),81%,19%
2026-01-19 09:35:24,"$92,874.87",$1.85T,$38.33B,19.97M BTC,2.44% (24h),81%,19%
2026-01-19 10:00:27,"$92,769.56",$1.85T,$38.55B,19.97M BTC,2.27% (24h),81%,19%
2026-01-19 10:38:27,"$92,907.26",$1.85T,$38.98B,19.97M BTC,2.25% (24h),81%,19%
2026-01-19 10:58:19,"$93,004.84",$1.85T,$39.07B,19.97M BTC,2.17% (24h),81%,19%
2026-01-19 11:40:51,"$93,174.19",$1.86T,$39.58B,19.97M BTC,1.99% (24h),81%,19%
2026-01-19 12:04:10,"$93,111.57",$1.86T,$39.65B,19.97M BTC,2.12% (24h),81%,19%
2026-01-19 12:38:26,"$93,155.08",$1.86T,$40.15B,19.97M BTC,2.13% (24h),81%,19%
2026-01-19 12:55:47,"$93,189.75",$1.86T,$40.16B,19.97M BTC,2.08% (24h),81%,19%
2026-01-19 13:41:02,"$92,977.96",$1.85T,$40.36B,19.97M BTC,2.44% (24h),81%,19%
2026-01-19 14:02:37,"$93,037.29",$1.85T,$40.11B,19.97M BTC,2.52% (24h),81%,19%
2026-01-19 14:30:48,"$93,020.68",$1.85T,$40.02B,19.97M BTC,2.51% (24h),81%,19%
2026-01-19 14:46:16,"$93,088.46",$1.85T,$39.76B,19.97M BTC,2.39% (24h),81%,19%
2026-01-19 14:59:29,"$93,072.21",$1.85T,$40.07B,19.97M BTC,2.37% (24h),81%,19%
2026-01-19 15:35:58,"$93,112.89",$1.86T,$40.12B,19.97M BTC,2.37% (24h),81%,19%
2026-01-19 15:55:04,"$93,059.47",$1.85T,$40.23B,19.97M BTC,2.33% (24h),81%,19%
2026-01-19 16:27:56,"$92,983.72",$1.85T,$40.55B,19.97M BTC,2.41% (24h),81%,19%
2026-01-19 16:46:08,"$92,986.04",$1.85T,$40.58B,19.97M BTC,2.5% (24h),81%,19%
2026-01-19 16:59:09,"$92,980.00",$1.85T,$40.53B,19.97M BTC,2.52% (24h),81%,19%
2026-01-19 17:32:58,"$92,824.55",$1.85T,$40.72B,19.97M BTC,2.72% (24h),81%,19%
2026-01-19 17:54:42,"$92,706.34",$1.85T,$40.82B,19.97M BTC,2.85% (24h),81%,19%
2026-01-19 18:28:05,"$92,415.86",$1.84T,$39.79B,19.97M BTC,2.47% (24h),81%,19%
2026-01-19 18:46:24,"$92,577.12",$1.84T,$40.49B,19.97M BTC,1.94% (24h),81%,19%
2026-01-19 18:59:11,"$92,566.03",$1.84T,$39.19B,19.97M BTC,1.16% (24h),81%,19%
2026-01-19 21:26:58,"$92,403.16",$1.84T,$30.32B,19.97M BTC,0.05% (24h),81%,19%
2026-01-19 22:57:17,"$92,366.39",$1.84T,$30B,19.97M BTC,0.31% (24h),81%,19%
2026-01-19 23:53:14,"$92,069.41",$1.83T,$29.58B,19.97M BTC,0.63% (24h),81%,19%
2026-01-20 00:35:30,"$91,716.34",$1.83T,$31.42B,19.97M BTC,0.91% (24h),81%,19%
2026-01-20 00:58:46,"$91,605.67",$1.83T,$31.83B,19.97M BTC,0.94% (24h),81%,19%
2026-01-20 01:52:38,"$90,883.52",$1.81T,$33.93B,19.97M BTC,1.8% (24h),81%,19%
2026-01-20 02:35:21,"$90,991.23",$1.81T,$35B,19.97M BTC,1.68% (24h),81%,19%
2026-01-20 02:56:04,"$91,160.12",$1.82T,$35.01B,19.97M BTC,1.7% (24h),81%,19%
2026-01-20 03:41:35,"$90,719.49",$1.81T,$34.34B,19.97M BTC,2.43% (24h),81%,19%
2026-01-20 04:18:33,"$90,861.86",$1.81T,$35.23B,19.97M BTC,2.36% (24h),81%,19%
2026-01-20 04:52:55,"$90,908.76",$1.81T,$35.3B,19.97M BTC,2.27% (24h),81%,19%
2026-01-20 05:36:12,"$91,117.50",$1.82T,$35.56B,19.97M BTC,1.91% (24h),81%,19%
2026-01-20 06:01:23,"$91,233.33",$1.82T,$35.59B,19.97M BTC,1.91% (24h),81%,19%
2026-01-20 06:34:31,"$91,264.63",$1.82T,$35.44B,19.97M BTC,1.94% (24h),81%,19%
2026-01-20 06:54:34,"$91,161.55",$1.82T,$35.38B,19.97M BTC,2.12% (24h),81%,19%
2026-01-20 08:04:11,"$91,065.01",$1.81T,$35.71B,19.97M BTC,2.06% (24h),81%,19%
2026-01-20 08:56:01,"$90,856.73",$1.81T,$36.36B,19.97M BTC,2.28% (24h),81%,19%
2026-01-20 09:39:20,"$91,171.89",$1.82T,$36.88B,19.97M BTC,1.62% (24h),81%,19%
2026-01-20 10:04:00,"$90,197.08",$1.8T,$39.13B,19.97M BTC,2.88% (24h),81%,19%
2026-01-20 10:48:11,"$90,339.95",$1.8T,$42.09B,19.97M BTC,2.79% (24h),81%,19%
2026-01-20 11:18:48,"$90,803.47",$1.81T,$42.51B,19.97M BTC,2.37% (24h),81%,19%
2026-01-20 11:57:01,"$90,086.13",$1.79T,$43.44B,19.97M BTC,3.42% (24h),81%,19%
2026-01-20 12:37:37,"$89,661.36",$1.79T,$44.37B,19.97M BTC,3.75% (24h),81%,19%
2026-01-20 12:59:52,"$89,674.91",$1.79T,$45.54B,19.97M BTC,3.76% (24h),81%,19%
2026-01-20 14:06:11,"$89,544.13",$1.78T,$47.75B,19.97M BTC,3.71% (24h),81%,19%
2026-01-20 15:21:20,"$89,667.35",$1.79T,$48.86B,19.97M BTC,3.72% (24h),81%,19%
2026-01-20 15:53:46,"$89,584.19",$1.78T,$49.76B,19.97M BTC,3.75% (24h),81%,19%
2026-01-20 16:28:45,"$89,551.80",$1.78T,$50.4B,19.97M BTC,3.69% (24h),81%,19%
2026-01-20 16:46:53,"$89,402.66",$1.78T,$51.19B,19.97M BTC,3.85% (24h),81%,19%
2026-01-20 16:59:24,"$89,406.97",$1.78T,$51.17B,19.97M BTC,3.83% (24h),81%,19%
2026-01-20 17:33:21,"$89,336.43",$1.78T,$51.39B,19.97M BTC,3.75% (24h),81%,19%
2026-01-20 17:52:51,"$88,181.27",$1.76T,$53.42B,19.97M BTC,4.92% (24h),81%,19%
2026-01-20 18:30:03,"$88,007.73",$1.75T,$53.22B,19.97M BTC,4.81% (24h),81%,19%
2026-01-20 18:48:50,"$88,291.86",$1.76T,$54.15B,19.97M BTC,4.65% (24h),81%,19%
2026-01-20 19:01:18,"$88,419.77",$1.76T,$53.01B,19.97M BTC,4.47% (24h),81%,19%
2026-01-20 21:30:52,"$89,005.65",$1.77T,$56.28B,19.97M BTC,3.7% (24h),81%,19%
2026-01-20 22:58:32,"$89,314.09",$1.78T,$56.95B,19.97M BTC,3.3% (24h),81%,19%
2026-01-20 23:53:05,"$89,419.43",$1.78T,$57.73B,19.97M BTC,2.91% (24h),81%,19%
2026-01-21 00:35:46,"$89,593.29",$1.78T,$55.04B,19.97M BTC,2.3% (24h),81%,19%
2026-01-21 00:58:14,"$89,817.96",$1.79T,$55.65B,19.97M BTC,1.96% (24h),81%,19%
2026-01-21 01:51:08,"$89,462.15",$1.78T,$53.44B,19.97M BTC,1.51% (24h),81%,19%
2026-01-21 02:21:45,"$89,538.63",$1.78T,$52.42B,19.97M BTC,1.49% (24h),81%,19%
2026-01-21 02:49:02,"$89,105.78",$1.78T,$52.59B,19.97M BTC,2.18% (24h),81%,19%
2026-01-21 03:01:34,"$89,093.30",$1.77T,$53.18B,19.97M BTC,2.13% (24h),81%,19%
2026-01-21 03:48:24,"$88,956.86",$1.77T,$51.37B,19.97M BTC,1.99% (24h),81%,19%
2026-01-21 04:21:02,"$89,257.17",$1.78T,$51.65B,19.97M BTC,1.75% (24h),81%,19%
2026-01-21 04:53:32,"$89,232.14",$1.78T,$51.69B,19.97M BTC,1.85% (24h),81%,19%
2026-01-21 05:37:30,"$89,162.74",$1.78T,$51.47B,19.97M BTC,2.14% (24h),81%,19%
2026-01-21 06:02:05,"$89,076.13",$1.77T,$51.38B,19.97M BTC,2.35% (24h),81%,19%
2026-01-21 06:35:21,"$89,230.99",$1.78T,$51.68B,19.97M BTC,2.22% (24h),81%,19%
2026-01-21 06:54:05,"$88,907.02",$1.77T,$51.32B,19.97M BTC,2.48% (24h),81%,19%
2026-01-21 08:03:17,"$88,679.77",$1.77T,$53.92B,19.97M BTC,2.69% (24h),81%,19%
2026-01-21 08:56:08,"$88,701.45",$1.77T,$52.74B,19.97M BTC,2.36% (24h),81%,19%
2026-01-21 09:39:09,"$89,716.39",$1.79T,$54.7B,19.97M BTC,1.54% (24h),81%,19%
2026-01-21 10:03:48,"$89,851.33",$1.79T,$54.62B,19.97M BTC,0.55% (24h),81%,19%
2026-01-21 10:50:16,"$90,068.32",$1.79T,$53.46B,19.97M BTC,0.33% (24h),81%,19%
2026-01-21 11:22:18,"$89,390.25",$1.78T,$53.58B,19.97M BTC,1.41% (24h),81%,19%
2026-01-21 12:36:53,"$87,641.39",$1.75T,$57.58B,19.97M BTC,2.33% (24h),81%,19%
2026-01-21 13:25:19,"$87,806.62",$1.75T,$57.11B,19.97M BTC,2.09% (24h),81%,19%
2026-01-21 14:08:48,"$88,275.64",$1.76T,$57.23B,19.97M BTC,1.5% (24h),81%,19%
2026-01-21 14:43:04,"$89,921.09",$1.79T,$58.05B,19.97M BTC,0.55% (24h),81%,19%
2026-01-21 15:17:44,"$89,745.29",$1.79T,$59.69B,19.97M BTC,0.44% (24h),81%,19%
2026-01-21 15:53:34,"$90,073.50",$1.79T,$59.69B,19.97M BTC,0.53% (24h),81%,19%
2026-01-21 16:38:09,"$90,054.14",$1.79T,$60.55B,19.97M BTC,0.72% (24h),81%,19%
2026-01-21 16:58:37,"$90,191.14",$1.8T,$60.74B,19.97M BTC,0.87% (24h),81%,19%
2026-01-21 17:36:34,"$89,964.11",$1.79T,$60.46B,19.97M BTC,1.72% (24h),81%,19%
2026-01-21 17:59:28,"$89,759.94",$1.79T,$58.32B,19.97M BTC,1.52% (24h),81%,19%
2026-01-21 18:35:20,"$89,801.90",$1.79T,$56.96B,19.97M BTC,1.72% (24h),81%,19%
2026-01-21 18:55:58,"$89,386.50",$1.78T,$56.31B,19.97M BTC,1.19% (24h),81%,19%
2026-01-21 21:13:32,"$90,029.92",$1.79T,$54.34B,19.97M BTC,1.01% (24h),81%,19%
2026-01-21 22:58:41,"$89,813.73",$1.79T,$53.56B,19.97M BTC,0.55% (24h),81%,19%
2026-01-21 23:56:05,"$89,945.29",$1.79T,$53.07B,19.97M BTC,0.65% (24h),81%,19%
2026-01-22 00:35:14,"$89,873.71",$1.79T,$53.01B,19.97M BTC,0.31% (24h),81%,19%
2026-01-22 00:58:46,"$89,861.92",$1.79T,$52.49B,19.97M BTC,0.04% (24h),81%,19%
2026-01-22 01:50:35,"$90,081.20",$1.79T,$51.91B,19.97M BTC,0.67% (24h),81%,19%
2026-01-22 02:20:08,"$89,903.49",$1.79T,$51.51B,19.97M BTC,0.45% (24h),81%,19%
2026-01-22 02:49:28,"$89,845.34",$1.79T,$51.68B,19.97M BTC,0.82% (24h),81%,19%
2026-01-22 02:59:50,"$89,732.77",$1.79T,$51.17B,19.97M BTC,0.76% (24h),81%,19%
2026-01-22 03:49:15,"$89,736.59",$1.79T,$50.13B,19.97M BTC,0.85% (24h),81%,19%
2026-01-22 04:21:52,"$89,906.45",$1.79T,$50.43B,19.97M BTC,0.72% (24h),81%,19%
2026-01-22 04:54:26,"$89,965.48",$1.79T,$50.32B,19.97M BTC,0.87% (24h),,
2026-01-22 05:36:00,"$89,960.58",$1.79T,$51.38B,19.97M BTC,0.82% (24h),,
2026-01-22 06:00:54,"$89,982.68",$1.79T,$51.47B,19.97M BTC,0.92% (24h),,
2026-01-22 06:33:54,"$89,917.48",$1.79T,$51.03B,19.97M BTC,0.78% (24h),,
2026-01-22 06:54:22,"$89,849.12",$1.79T,$51.26B,19.97M BTC,1.05% (24h),,
2026-01-22 08:04:00,"$89,938.35",$1.79T,$48.58B,19.97M BTC,1.41% (24h),,
2026-01-22 08:56:09,"$89,532.29",$1.78T,$48.55B,19.97M BTC,0.94% (24h),,
2026-01-22 10:02:58,"$89,109.29",$1.78T,$47.43B,19.97M BTC,0.69% (24h),,
2026-01-22 10:47:38,"$89,251.30",$1.78T,$47.49B,19.97M BTC,0.77% (24h),,
2026-01-22 11:18:12,"$88,691.90",$1.77T,$47.15B,19.97M BTC,1.1% (24h),,
2026-01-22 11:57:55,"$88,931.56",$1.77T,$45.66B,19.97M BTC,1.37% (24h),,
2026-01-22 12:38:46,"$89,092.00",$1.77T,$43.4B,19.97M BTC,1.77% (24h),,
2026-01-22 13:00:13,"$89,490.51",$1.78T,$42.87B,19.97M BTC,1.84% (24h),,
2026-01-22 13:50:36,"$89,487.98",$1.78T,$41.75B,19.97M BTC,1.19% (24h),,
2026-01-22 14:18:12,"$89,264.56",$1.78T,$41.49B,19.97M BTC,1.03% (24h),,
2026-01-22 14:42:45,"$89,741.66",$1.79T,$39.61B,19.97M BTC,0.21% (24h),,
2026-01-22 15:00:40,"$89,682.99",$1.79T,$39.16B,19.97M BTC,0.65% (24h),,
2026-01-22 15:40:51,"$89,493.49",$1.78T,$37.34B,19.97M BTC,0.34% (24h),,
2026-01-22 15:59:17,"$89,349.46",$1.78T,$37.45B,19.97M BTC,0.82% (24h),,
2026-01-22 16:34:11,"$89,450.87",$1.78T,$37.01B,19.97M BTC,0.7% (24h),,
2026-01-22 16:55:58,"$89,275.19",$1.78T,$36.76B,19.97M BTC,0.93% (24h),,
2026-01-22 17:31:09,"$89,312.45",$1.78T,$36.35B,19.97M BTC,0.67% (24h),,
2026-01-22 17:53:49,"$89,264.80",$1.78T,$36.63B,19.97M BTC,0.62% (24h),,
2026-01-22 18:28:45,"$89,326.13",$1.78T,$35.74B,19.97M BTC,0.64% (24h),,
2026-01-22 18:47:46,"$89,430.13",$1.78T,$35.92B,19.97M BTC,0.04% (24h),,
2026-01-22 19:00:21,"$89,464.13",$1.78T,$35.38B,19.97M BTC,0.1% (24h),,
2026-01-22 21:27:11,"$89,697.16",$1.79T,$34.55B,19.97M BTC,0.61% (24h),,
2026-01-22 22:55:35,"$89,797.03",$1.79T,$33.84B,19.97M BTC,0.01% (24h),,
2026-01-22 23:50:50,"$89,885.20",$1.79T,$34.05B,19.97M BTC,0.04% (24h),,
2026-01-23 00:20:34,"$89,728.49",$1.79T,$34.05B,19.97M BTC,0.24% (24h),,
2026-01-23 00:50:09,"$89,509.17",$1.78T,$34.54B,19.97M BTC,0.47% (24h),,
2026-01-23 01:02:06,"$89,449.92",$1.78T,$34.39B,19.97M BTC,0.57% (24h),,
2026-01-23 01:53:38,"$89,441.35",$1.78T,$34.77B,19.97M BTC,0.72% (24h),,
2026-01-23 02:32:39,"$89,572.62",$1.78T,$34.97B,19.97M BTC,0.32% (24h),,
2026-01-23 02:53:16,"$89,427.38",$1.78T,$35.15B,19.97M BTC,0.44% (24h),,
2026-01-23 03:39:11,"$89,075.64",$1.77T,$35.71B,19.97M BTC,0.73% (24h),,
2026-01-23 04:02:50,"$89,169.86",$1.78T,$35.9B,19.97M BTC,0.74% (24h),,
2026-01-23 04:45:22,"$88,895.29",$1.77T,$36.67B,19.97M BTC,1.25% (24h),,
2026-01-23 05:02:03,"$88,844.99",$1.77T,$36.62B,19.97M BTC,1.19% (24h),,
2026-01-23 05:41:12,"$88,936.55",$1.77T,$35.73B,19.97M BTC,1.11% (24h),,
2026-01-23 06:00:54,"$88,912.10",$1.77T,$35.9B,19.97M BTC,1.21% (24h),,
2026-01-23 06:32:23,"$89,194.56",$1.78T,$35.97B,19.97M BTC,0.77% (24h),,
2026-01-23 06:53:44,"$89,163.18",$1.78T,$35.67B,19.97M BTC,0.82% (24h),,
2026-01-23 08:00:52,"$89,138.84",$1.78T,$35.62B,19.97M BTC,0.88% (24h),,
2026-01-23 08:51:43,"$89,207.24",$1.78T,$35.14B,19.97M BTC,0.37% (24h),,
2026-01-23 09:19:11,"$89,378.63",$1.78T,$34.5B,19.97M BTC,0.23% (24h),,
2026-01-23 09:49:29,"$88,692.46",$1.77T,$34.87B,19.97M BTC,0.43% (24h),,
2026-01-23 10:14:33,"$88,677.99",$1.77T,$34.83B,19.97M BTC,0.62% (24h),,
2026-01-23 10:46:00,"$89,202.26",$1.78T,$34.35B,19.97M BTC,0.16% (24h),,
2026-01-23 11:03:14,"$89,731.67",$1.79T,$34.26B,19.97M BTC,0.81% (24h),,
2026-01-23 11:49:40,"$90,249.89",$1.8T,$33.87B,19.97M BTC,1.26% (24h),,
2026-01-23 12:18:49,"$90,256.40",$1.8T,$34.14B,19.97M BTC,1.17% (24h),,
2026-01-23 12:44:20,"$90,688.97",$1.81T,$35.36B,19.97M BTC,1.75% (24h),,
2026-01-23 13:00:02,"$90,487.22",$1.8T,$35.95B,19.97M BTC,1.16% (24h),,
2026-01-23 13:50:23,"$90,497.61",$1.8T,$35.75B,19.97M BTC,1.14% (24h),,
2026-01-23 14:16:49,"$89,957.22",$1.79T,$37.13B,19.97M BTC,0.74% (24h),,
2026-01-23 14:39:13,"$89,645.09",$1.79T,$37.42B,19.97M BTC,0.08% (24h),,
2026-01-23 14:52:39,"$89,750.15",$1.79T,$38.17B,19.97M BTC,0.06% (24h),,
2026-01-23 15:33:33,"$89,373.39",$1.78T,$38.27B,19.97M BTC,0.26% (24h),,
2026-01-23 15:56:21,"$89,379.00",$1.78T,$37.96B,19.97M BTC,0.01% (24h),,
2026-01-23 16:28:32,"$89,559.97",$1.78T,$39.42B,19.97M BTC,0.06% (24h),,
2026-01-23 16:47:23,"$89,331.37",$1.78T,$37.92B,19.97M BTC,0.13% (24h),,
2026-01-23 16:59:35,"$89,237.26",$1.78T,$38.24B,19.97M BTC,0.07% (24h),,
2026-01-23 17:30:27,"$89,617.99",$1.79T,$38.95B,19.97M BTC,0.32% (24h),,
2026-01-23 17:49:23,"$89,530.65",$1.78T,$39.62B,19.97M BTC,0.32% (24h),,
2026-01-23 18:01:20,"$89,479.34",$1.78T,$39.14B,19.97M BTC,0.31% (24h),,
2026-01-23 18:32:41,"$89,453.44",$1.78T,$39.03B,19.97M BTC,0.12% (24h),,
2026-01-23 18:52:37,"$89,419.66",$1.78T,$38.72B,19.97M BTC,0.01% (24h),,
2026-01-23 21:05:29,"$89,457.18",$1.78T,$38.24B,19.97M BTC,0.31% (24h),,
2026-01-23 22:44:41,"$89,703.31",$1.79T,$37.53B,19.97M BTC,0.08% (24h),,
2026-01-23 23:24:56,"$89,640.92",$1.79T,$37.27B,19.97M BTC,0.25% (24h),,
2026-01-23 23:58:03,"$89,709.48",$1.79T,$37.03B,19.97M BTC,0.21% (24h),,
2026-01-24 00:30:29,"$89,691.13",$1.79T,$36.83B,19.98M BTC,0.18% (24h),,
2026-01-24 00:49:28,"$89,643.47",$1.79T,$36.49B,19.98M BTC,0.09% (24h),,
2026-01-24 01:01:59,"$89,662.70",$1.79T,$36.41B,19.98M BTC,0.18% (24h),,
2026-01-24 01:48:55,"$89,532.14",$1.78T,$35.86B,19.98M BTC,0.03% (24h),,
2026-01-24 02:11:38,"$89,520.93",$1.78T,$35.52B,19.98M BTC,0.14% (24h),,
2026-01-24 02:34:20,"$89,478.59",$1.78T,$35.47B,19.98M BTC,0.07% (24h),,
2026-01-24 02:49:37,"$89,517.40",$1.78T,$35.37B,19.98M BTC,0.12% (24h),,
2026-01-24 03:01:27,"$89,467.92",$1.78T,$35.23B,19.98M BTC,0.02% (24h),,
2026-01-24 03:39:39,"$89,492.61",$1.78T,$34.69B,19.98M BTC,0.46% (24h),,
2026-01-24 03:58:35,"$89,526.80",$1.78T,$34.22B,19.98M BTC,0.44% (24h),,
2026-01-24 04:30:48,"$89,484.79",$1.78T,$33.53B,19.98M BTC,0.49% (24h),,
2026-01-24 04:47:34,"$89,459.49",$1.78T,$33.07B,19.98M BTC,0.73% (24h),,
2026-01-24 04:59:27,"$89,460.40",$1.78T,$32.79B,19.98M BTC,0.68% (24h),,
2026-01-24 05:33:03,"$89,492.26",$1.78T,$32.25B,19.98M BTC,0.69% (24h),,
2026-01-24 05:53:39,"$89,484.24",$1.78T,$32.13B,19.98M BTC,0.61% (24h),,
2026-01-24 06:23:40,"$89,501.78",$1.78T,$31.9B,19.98M BTC,0.43% (24h),,
2026-01-24 06:43:17,"$89,514.17",$1.78T,$31.47B,19.98M BTC,0.39% (24h),,
2026-01-24 06:59:17,"$89,460.32",$1.78T,$31.35B,19.98M BTC,0.45% (24h),,
2026-01-24 07:59:39,"$89,395.59",$1.78T,$31.14B,19.98M BTC,0.24% (24h),,
2026-01-24 08:38:50,"$89,390.46",$1.78T,$30.76B,19.98M BTC,0.23% (24h),,
2026-01-24 08:54:07,"$89,394.41",$1.78T,$30.54B,19.98M BTC,0.21% (24h),,
2026-01-24 09:26:31,"$89,318.90",$1.78T,$30.76B,19.98M BTC,0.25% (24h),,
2026-01-24 09:46:58,"$89,346.45",$1.78T,$29.14B,19.98M BTC,0.65% (24h),,
2026-01-24 09:58:52,"$89,327.67",$1.78T,$28.69B,19.98M BTC,0.52% (24h),,
2026-01-24 10:31:05,"$89,245.99",$1.78T,$27.79B,19.98M BTC,0.3% (24h),,
2026-01-24 10:47:26,"$89,203.81",$1.78T,$27.15B,19.98M BTC,0.05% (24h),,
2026-01-24 10:59:46,"$89,154.50",$1.78T,$26.51B,19.98M BTC,0.41% (24h),,
2026-01-24 11:37:59,"$89,098.73",$1.78T,$25.43B,19.98M BTC,1% (24h),,
2026-01-24 11:55:52,"$89,145.95",$1.78T,$24.37B,19.98M BTC,1.09% (24h),,
2026-01-24 12:24:36,"$89,258.99",$1.78T,$23.44B,19.98M BTC,1.16% (24h),,
2026-01-24 12:44:56,"$89,208.77",$1.78T,$22.26B,19.98M BTC,1.62% (24h),,
2026-01-24 12:59:10,"$89,246.86",$1.78T,$21.56B,19.98M BTC,1.37% (24h),,
2026-01-24 13:42:16,"$89,309.43",$1.78T,$20.53B,19.98M BTC,1.56% (24h),,
2026-01-24 14:02:01,"$89,254.20",$1.78T,$20B,19.98M BTC,1.28% (24h),,
2026-01-24 14:28:56,"$89,156.96",$1.78T,$18.53B,19.98M BTC,0.81% (24h),,
2026-01-24 14:42:55,"$89,176.76",$1.78T,$18.07B,19.98M BTC,0.55% (24h),,
2026-01-24 14:59:11,"$89,194.52",$1.78T,$17.8B,19.98M BTC,0.73% (24h),,
2026-01-24 15:32:47,"$89,242.78",$1.78T,$17.07B,19.98M BTC,0.1% (24h),,
2026-01-24 15:53:06,"$89,244.08",$1.78T,$16.18B,19.98M BTC,0.03% (24h),,
2026-01-24 16:24:24,"$89,180.82",$1.78T,$15.55B,19.98M BTC,0.38% (24h),,
2026-01-24 16:43:07,"$89,212.61",$1.78T,$15.53B,19.98M BTC,0.1% (24h),,
2026-01-24 16:59:49,"$89,243.93",$1.78T,$15.49B,19.98M BTC,0% (24h),,
2026-01-24 17:30:35,"$89,267.85",$1.78T,$14.89B,19.98M BTC,0.36% (24h),,
2026-01-24 17:48:53,"$89,230.09",$1.78T,$14.79B,19.98M BTC,0.33% (24h),,
2026-01-24 18:00:55,"$89,312.77",$1.78T,$14.74B,19.98M BTC,0.22% (24h),,
2026-01-24 18:29:55,"$89,241.70",$1.78T,$14.69B,19.98M BTC,0.25% (24h),,
2026-01-24 18:46:58,"$89,167.15",$1.78T,$14.69B,19.98M BTC,0.24% (24h),,
2026-01-24 18:59:25,"$89,105.42",$1.78T,$14.63B,19.98M BTC,0.44% (24h),,
2026-01-24 21:39:20,"$89,042.82",$1.77T,$14.44B,19.98M BTC,0.52% (24h),,
2026-01-24 23:08:41,"$88,866.11",$1.77T,$14.63B,19.98M BTC,0.92% (24h),,
2026-01-25 00:01:41,"$88,848.73",$1.77T,$14.96B,19.98M BTC,0.96% (24h),,
2026-01-25 00:39:27,"$88,790.04",$1.77T,$15.07B,19.98M BTC,1.01% (24h),,
2026-01-25 00:58:00,"$88,859.18",$1.77T,$15.1B,19.98M BTC,0.89% (24h),,
2026-01-25 01:45:24,"$88,712.89",$1.77T,$15.71B,19.98M BTC,0.91% (24h),,
2026-01-25 02:03:48,"$88,658.80",$1.77T,$15.61B,19.98M BTC,0.95% (24h),,
2026-01-25 02:34:07,"$88,629.92",$1.77T,$15.63B,19.98M BTC,0.94% (24h),,
2026-01-25 02:50:46,"$88,572.92",$1.76T,$15.63B,19.98M BTC,1.04% (24h),,
2026-01-25 03:16:01,"$88,591.02",$1.77T,$15.76B,19.98M BTC,0.99% (24h),,
2026-01-25 03:46:20,"$88,091.69",$1.76T,$15.77B,19.98M BTC,1.59% (24h),,
2026-01-25 04:01:37,"$88,175.08",$1.76T,$16.48B,19.98M BTC,1.49% (24h),,
2026-01-25 04:33:56,"$88,304.10",$1.76T,$16.73B,19.98M BTC,1.31% (24h),,
2026-01-25 04:51:57,"$88,263.31",$1.76T,$16.69B,19.98M BTC,1.33% (24h),,
2026-01-25 05:29:28,"$88,468.81",$1.76T,$17.08B,19.98M BTC,1.14% (24h),,
2026-01-25 05:50:22,"$88,448.12",$1.76T,$17.22B,19.98M BTC,1.14% (24h),,
2026-01-25 06:09:21,"$88,479.14",$1.76T,$17.56B,19.98M BTC,1.12% (24h),,
2026-01-25 06:30:38,"$88,513.64",$1.76T,$17.39B,19.98M BTC,1.08% (24h),,
2026-01-25 06:45:57,"$88,463.25",$1.76T,$17.49B,19.98M BTC,1.16% (24h),,
2026-01-25 06:59:17,"$88,438.05",$1.76T,$17.53B,19.98M BTC,1.14% (24h),,
2026-01-25 08:01:39,"$88,667.67",$1.77T,$17.99B,19.98M BTC,0.81% (24h),,
2026-01-25 08:41:01,"$88,684.61",$1.77T,$18.13B,19.98M BTC,0.79% (24h),,
2026-01-25 08:57:09,"$88,795.22",$1.77T,$18.23B,19.98M BTC,0.67% (24h),,
2026-01-25 09:27:36,"$88,639.96",$1.77T,$18.05B,19.98M BTC,0.77% (24h),,
2026-01-25 09:47:07,"$88,516.84",$1.76T,$18.28B,19.98M BTC,0.92% (24h),,
2026-01-25 09:59:18,"$88,579.37",$1.76T,$18.2B,19.98M BTC,0.83% (24h),,
2026-01-25 10:31:04,"$88,602.79",$1.77T,$18.07B,19.98M BTC,0.72% (24h),,
2026-01-25 10:47:50,"$88,517.51",$1.76T,$18.08B,19.98M BTC,0.76% (24h),,
2026-01-25 11:00:20,"$88,328.15",$1.76T,$18.13B,19.98M BTC,0.91% (24h),,
2026-01-25 11:38:55,"$87,822.99",$1.75T,$20.6B,19.98M BTC,1.43% (24h),,
2026-01-25 11:57:24,"$87,966.79",$1.75T,$21.12B,19.98M BTC,1.32% (24h),,
2026-01-25 12:25:14,"$87,748.53",$1.75T,$21.76B,19.98M BTC,1.69% (24h),,
2026-01-25 12:45:55,"$87,863.72",$1.75T,$21.99B,19.98M BTC,1.49% (24h),,
2026-01-25 12:59:16,"$87,719.14",$1.75T,$22.11B,19.98M BTC,1.71% (24h),,
2026-01-25 13:42:52,"$87,234.60",$1.74T,$23.93B,19.98M BTC,2.31% (24h),,
2026-01-25 14:02:32,"$87,309.04",$1.74T,$25.4B,19.98M BTC,2.18% (24h),,
2026-01-25 14:29:17,"$86,450.61",$1.72T,$26.28B,19.98M BTC,3.04% (24h),,
2026-01-25 14:44:27,"$86,657.29",$1.73T,$27.49B,19.98M BTC,2.82% (24h),,
2026-01-25 14:58:54,"$86,407.26",$1.72T,$28.64B,19.98M BTC,3.1% (24h),,
2026-01-25 15:35:16,"$86,170.40",$1.72T,$29.68B,19.98M BTC,3.44% (24h),,
2026-01-25 15:53:57,"$86,469.19",$1.72T,$30.68B,19.98M BTC,3.1% (24h),,
2026-01-25 16:25:59,"$86,803.17",$1.73T,$31.5B,19.98M BTC,2.67% (24h),,
2026-01-25 16:59:21,"$86,507.91",$1.72T,$32.12B,19.98M BTC,3.06% (24h),,
2026-01-25 17:31:45,"$86,294.60",$1.72T,$32.83B,19.98M BTC,3.33% (24h),,
2026-01-25 17:50:18,"$86,343.33",$1.72T,$33.7B,19.98M BTC,3.23% (24h),,
2026-01-25 18:11:22,"$86,303.17",$1.72T,$34.31B,19.98M BTC,3.24% (24h),,
2026-01-25 18:34:53,"$86,392.71",$1.72T,$35.4B,19.98M BTC,3.17% (24h),,
2026-01-25 18:52:08,"$86,587.18",$1.73T,$35.46B,19.98M BTC,2.93% (24h),,
2026-01-25 21:26:05,"$87,731.80",$1.75T,$39.84B,19.98M BTC,1.49% (24h),,
2026-01-25 23:09:50,"$87,272.34",$1.74T,$42.23B,19.98M BTC,1.79% (24h),,
2026-01-26 00:05:23,"$87,647.23",$1.75T,$43.71B,19.98M BTC,1.36% (24h),,
2026-01-26 00:48:27,"$87,732.88",$1.75T,$44.17B,19.98M BTC,1.19% (24h),,
2026-01-26 01:20:17,"$87,780.77",$1.75T,$44.64B,19.98M BTC,0.91% (24h),,
2026-01-26 02:00:18,"$87,832.37",$1.75T,$45.25B,19.98M BTC,0.99% (24h),,
2026-01-26 02:38:11,"$87,816.27",$1.75T,$46.04B,19.98M BTC,0.91% (24h),,
2026-01-26 02:55:24,"$87,915.10",$1.75T,$46.55B,19.98M BTC,0.71% (24h),,
2026-01-26 03:41:38,"$88,025.94",$1.75T,$47.39B,19.98M BTC,0.23% (24h),,
2026-01-26 04:20:13,"$87,670.45",$1.75T,$46.99B,19.98M BTC,0.62% (24h),,
2026-01-26 04:53:54,"$87,545.01",$1.74T,$47.39B,19.98M BTC,0.81% (24h),,
2026-01-26 05:34:51,"$87,846.98",$1.75T,$47.92B,19.98M BTC,0.67% (24h),,
2026-01-26 05:59:27,"$87,800.50",$1.75T,$47.55B,19.98M BTC,0.8% (24h),,
2026-01-26 06:31:04,"$87,715.14",$1.75T,$47.57B,19.98M BTC,0.9% (24h),,
2026-01-26 06:48:58,"$87,748.07",$1.75T,$47.42B,19.98M BTC,0.82% (24h),,
2026-01-26 07:00:55,"$87,794.80",$1.75T,$47.88B,19.98M BTC,0.72% (24h),,
2026-01-26 08:09:23,"$87,654.14",$1.75T,$47.72B,19.98M BTC,1.12% (24h),,
2026-01-26 08:56:21,"$87,874.86",$1.75T,$48.68B,19.98M BTC,1.03% (24h),,
2026-01-26 09:36:13,"$88,042.09",$1.75T,$49.06B,19.98M BTC,0.61% (24h),,
2026-01-26 10:01:58,"$88,015.09",$1.75T,$50.98B,19.98M BTC,0.61% (24h),,
2026-01-26 10:41:25,"$87,716.02",$1.75T,$53.51B,19.98M BTC,0.94% (24h),,
2026-01-26 11:02:45,"$87,466.91",$1.74T,$54.74B,19.98M BTC,0.93% (24h),,
2026-01-26 11:53:23,"$87,768.97",$1.75T,$52.91B,19.98M BTC,0.1% (24h),,
2026-01-26 12:36:20,"$87,306.67",$1.74T,$52.94B,19.98M BTC,0.52% (24h),,
2026-01-26 12:58:46,"$87,595.68",$1.75T,$53.39B,19.98M BTC,0.18% (24h),,
2026-01-26 13:51:57,"$88,132.80",$1.76T,$51.15B,19.98M BTC,1.19% (24h),,
2026-01-26 14:19:23,"$88,221.08",$1.76T,$51.5B,19.98M BTC,1.41% (24h),,
2026-01-26 14:42:02,"$88,236.21",$1.76T,$49.88B,19.98M BTC,1.86% (24h),,
2026-01-26 15:00:08,"$87,912.30",$1.75T,$49.62B,19.98M BTC,1.74% (24h),,
2026-01-26 15:39:52,"$87,704.72",$1.75T,$48.54B,19.98M BTC,1.66% (24h),,
2026-01-26 15:59:22,"$87,491.26",$1.74T,$48.43B,19.98M BTC,1.08% (24h),,
2026-01-26 16:34:33,"$87,824.64",$1.75T,$47.72B,19.98M BTC,1.5% (24h),,
2026-01-26 16:56:27,"$88,029.00",$1.75T,$47.97B,19.98M BTC,1.75% (24h),,
2026-01-26 17:30:00,"$87,994.49",$1.75T,$47.13B,19.98M BTC,2.01% (24h),,
2026-01-26 17:52:53,"$88,115.26",$1.76T,$47.3B,19.98M BTC,2.09% (24h),,
2026-01-26 18:30:05,"$88,348.98",$1.76T,$45.85B,19.98M BTC,2.24% (24h),,
2026-01-26 18:50:07,"$88,397.69",$1.76T,$45.52B,19.98M BTC,2.08% (24h),,
2026-01-26 19:48:57,"$88,166.84",$1.76T,$44.12B,19.98M BTC,1.86% (24h),,
2026-01-26 21:59:25,"$88,684.85",$1.77T,$42.06B,19.98M BTC,1.42% (24h),,
2026-01-26 23:14:43,"$88,753.50",$1.77T,$40.41B,19.98M BTC,1.56% (24h),,
2026-01-27 00:01:02,"$88,473.22",$1.76T,$39.76B,19.98M BTC,0.97% (24h),,
2026-01-27 00:39:45,"$88,427.65",$1.76T,$39.32B,19.98M BTC,0.86% (24h),,
2026-01-27 00:58:21,"$88,334.50",$1.76T,$38.05B,19.98M BTC,0.65% (24h),,
2026-01-27 01:51:24,"$88,239.68",$1.76T,$37.11B,19.98M BTC,0.39% (24h),,
2026-01-27 02:22:17,"$88,362.33",$1.76T,$37.42B,19.98M BTC,0.57% (24h),,
2026-01-27 02:48:28,"$88,264.60",$1.76T,$37.08B,19.98M BTC,0.53% (24h),,
2026-01-27 03:00:56,"$88,217.83",$1.76T,$36.9B,19.98M BTC,0.36% (24h),,
2026-01-27 03:49:12,"$88,028.49",$1.75T,$36.23B,19.98M BTC,0.06% (24h),,
2026-01-27 04:20:56,"$87,909.59",$1.75T,$35.74B,19.98M BTC,0.28% (24h),,
2026-01-27 04:54:12,"$87,830.75",$1.75T,$36.14B,19.98M BTC,0.32% (24h),,
2026-01-27 05:36:06,"$87,760.01",$1.75T,$35.58B,19.98M BTC,0.08% (24h),,
2026-01-27 06:01:31,"$87,681.76",$1.75T,$35.98B,19.98M BTC,0.16% (24h),,
2026-01-27 06:33:59,"$87,842.70",$1.75T,$36.13B,19.98M BTC,0.14% (24h),,
2026-01-27 06:54:56,"$87,923.70",$1.75T,$36.26B,19.98M BTC,0.2% (24h),,
2026-01-27 08:04:07,"$87,870.23",$1.75T,$36.76B,19.98M BTC,0.19% (24h),,
2026-01-27 08:56:59,"$87,878.30",$1.75T,$36.33B,19.98M BTC,0% (24h),,
2026-01-27 09:38:36,"$87,734.14",$1.75T,$35.56B,19.98M BTC,0.28% (24h),,
2026-01-27 10:05:21,"$87,654.26",$1.75T,$34.7B,19.98M BTC,0.58% (24h),,
2026-01-27 10:45:14,"$87,578.47",$1.74T,$33.92B,19.98M BTC,0.23% (24h),,
2026-01-27 11:03:42,"$87,944.52",$1.75T,$32.75B,19.98M BTC,0.46% (24h),,
2026-01-27 11:49:25,"$88,631.60",$1.77T,$33.52B,19.98M BTC,1.34% (24h),,
2026-01-27 12:18:53,"$87,615.50",$1.75T,$34.24B,19.98M BTC,0.28% (24h),,
2026-01-27 12:50:57,"$87,308.25",$1.74T,$35.25B,19.98M BTC,0.22% (24h),,
2026-01-27 13:24:07,"$87,648.10",$1.75T,$36.04B,19.98M BTC,0.12% (24h),,
2026-01-27 14:05:40,"$88,039.54",$1.75T,$35.61B,19.98M BTC,0.34% (24h),,
2026-01-27 14:39:58,"$88,229.46",$1.76T,$36.32B,19.98M BTC,0.09% (24h),,
2026-01-27 14:58:03,"$88,270.62",$1.76T,$35.48B,19.98M BTC,0.41% (24h),,
2026-01-27 15:33:14,"$88,827.71",$1.77T,$36.45B,19.98M BTC,1.23% (24h),,
2026-01-27 15:56:35,"$89,212.09",$1.78T,$36.95B,19.98M BTC,1.99% (24h),,
2026-01-27 16:25:50,"$89,149.21",$1.78T,$38.13B,19.98M BTC,1.6% (24h),,
2026-01-27 16:46:20,"$89,079.56",$1.77T,$37.82B,19.98M BTC,1.15% (24h),,
2026-01-27 16:59:01,"$88,920.24",$1.77T,$39.04B,19.98M BTC,1.08% (24h),,
2026-01-27 17:33:32,"$89,038.62",$1.77T,$39.16B,19.98M BTC,1.11% (24h),,
2026-01-27 17:55:35,"$89,183.48",$1.78T,$38.82B,19.98M BTC,1.24% (24h),,
2026-01-27 18:30:20,"$89,395.91",$1.78T,$38.88B,19.98M BTC,1.18% (24h),,
2026-01-27 18:49:21,"$89,331.15",$1.78T,$38.22B,19.98M BTC,1% (24h),,
2026-01-27 19:01:18,"$89,123.68",$1.78T,$38.65B,19.98M BTC,1.05% (24h),,
2026-01-27 21:30:56,"$89,194.68",$1.78T,$38.36B,19.98M BTC,0.8% (24h),,
2026-01-27 22:59:27,"$89,002.54",$1.77T,$38.27B,19.98M BTC,0.4% (24h),,
2026-01-27 23:53:20,"$88,870.34",$1.77T,$38.03B,19.98M BTC,0.47% (24h),,
2026-01-28 00:35:18,"$88,847.17",$1.77T,$38.18B,19.98M BTC,0.48% (24h),,
2026-01-28 00:58:04,"$88,908.93",$1.77T,$37.78B,19.98M BTC,0.66% (24h),,
2026-01-28 01:52:04,"$89,232.03",$1.78T,$37.93B,19.98M BTC,1.14% (24h),,
2026-01-28 02:20:26,"$89,124.79",$1.78T,$37.98B,19.98M BTC,0.88% (24h),,
2026-01-28 02:46:09,"$89,110.32",$1.78T,$38.24B,19.98M BTC,0.85% (24h),,
2026-01-28 02:59:58,"$89,009.31",$1.77T,$37.73B,19.98M BTC,0.91% (24h),,
2026-01-28 03:48:55,"$88,903.59",$1.77T,$38.61B,19.98M BTC,0.96% (24h),,
2026-01-28 04:22:33,"$88,797.30",$1.77T,$38.36B,19.98M BTC,1.03% (24h),,
2026-01-28 04:58:54,"$89,297.59",$1.78T,$38.36B,19.98M BTC,1.75% (24h),,
2026-01-28 05:41:25,"$89,353.80",$1.78T,$39.23B,19.98M BTC,1.83% (24h),,
2026-01-28 06:02:58,"$89,294.58",$1.78T,$39.28B,19.98M BTC,1.85% (24h),,
2026-01-28 06:35:49,"$89,298.23",$1.78T,$39.26B,19.98M BTC,1.6% (24h),,
2026-01-28 06:54:40,"$89,853.55",$1.79T,$39.75B,19.98M BTC,2.19% (24h),,
2026-01-28 08:04:01,"$89,920.86",$1.79T,$41.18B,19.98M BTC,2.33% (24h),,
2026-01-28 08:57:08,"$90,107.03",$1.8T,$42.72B,19.98M BTC,2.53% (24h),,
2026-01-28 09:38:17,"$89,779.96",$1.79T,$42.91B,19.98M BTC,2.22% (24h),,
2026-01-28 10:04:37,"$89,694.02",$1.79T,$42.74B,19.98M BTC,2.22% (24h),,
2026-01-28 10:51:47,"$89,298.48",$1.78T,$43.81B,19.98M BTC,1.78% (24h),,
2026-01-28 11:24:32,"$89,382.77",$1.78T,$42.9B,19.98M BTC,1.03% (24h),,
2026-01-28 12:08:41,"$89,564.37",$1.78T,$42.42B,19.98M BTC,1.35% (24h),,
2026-01-28 12:50:26,"$89,894.08",$1.79T,$41.33B,19.98M BTC,2.91% (24h),,
2026-01-28 13:23:57,"$89,815.97",$1.79T,$41.88B,19.98M BTC,2.44% (24h),,
2026-01-28 14:02:27,"$89,233.97",$1.78T,$42.08B,19.98M BTC,1.23% (24h),,
2026-01-28 14:43:33,"$88,975.36",$1.77T,$42.87B,19.98M BTC,0.83% (24h),,
2026-01-28 15:02:22,"$89,434.27",$1.78T,$42.67B,19.98M BTC,1.24% (24h),,
2026-01-28 15:49:58,"$88,961.28",$1.77T,$42.37B,19.98M BTC,0.38% (24h),,
2026-01-28 16:19:24,"$89,054.17",$1.77T,$41.3B,19.98M BTC,0.18% (24h),,
2026-01-28 16:50:48,"$89,273.52",$1.78T,$41.42B,19.98M BTC,0.24% (24h),,
2026-01-28 17:17:55,"$89,083.60",$1.78T,$41.18B,19.98M BTC,0.02% (24h),,
2026-01-28 17:51:23,"$89,161.59",$1.78T,$40.59B,19.98M BTC,0.01% (24h),,
2026-01-28 18:19:08,"$89,303.47",$1.78T,$40.55B,19.98M BTC,0.1% (24h),,
2026-01-28 18:46:49,"$89,182.11",$1.78T,$40.32B,19.98M BTC,0.17% (24h),,
2026-01-28 19:01:43,"$89,167.56",$1.78T,$39.84B,19.98M BTC,0.02% (24h),,
2026-01-28 21:50:42,"$87,674.60",$1.75T,$41.85B,19.98M BTC,1.48% (24h),,
2026-01-28 23:24:42,"$87,792.10",$1.75T,$43.12B,19.98M BTC,1.08% (24h),,
2026-01-29 00:31:28,"$88,080.61",$1.76T,$43.66B,19.98M BTC,0.82% (24h),,
2026-01-29 01:09:54,"$88,129.53",$1.76T,$43.44B,19.98M BTC,1.06% (24h),,
2026-01-29 02:08:08,"$88,215.50",$1.76T,$43.34B,19.98M BTC,1.04% (24h),,
2026-01-29 02:55:30,"$88,280.28",$1.76T,$44.11B,19.98M BTC,0.84% (24h),,
2026-01-29 03:51:28,"$87,843.92",$1.75T,$44.83B,19.98M BTC,1.21% (24h),,
2026-01-29 04:34:01,"$87,845.83",$1.75T,$44.97B,19.98M BTC,1.3% (24h),,
2026-01-29 05:22:49,"$87,821.52",$1.75T,$44.26B,19.98M BTC,1.6% (24h),,
2026-01-29 06:07:52,"$87,847.74",$1.75T,$44.2B,19.98M BTC,1.55% (24h),,
2026-01-29 06:47:07,"$87,632.14",$1.75T,$44.92B,19.98M BTC,2.06% (24h),,
2026-01-29 07:25:06,"$87,858.82",$1.75T,$43.17B,19.98M BTC,2.06% (24h),,
2026-01-29 08:41:29,"$87,929.08",$1.75T,$41.84B,19.98M BTC,2.46% (24h),,
2026-01-29 09:28:01,"$87,734.60",$1.75T,$41.01B,19.98M BTC,2.4% (24h),,
2026-01-29 10:08:38,"$86,269.65",$1.72T,$42.26B,19.98M BTC,3.53% (24h),,
2026-01-29 10:54:31,"$84,554.53",$1.68T,$48.22B,19.98M BTC,5.35% (24h),,
2026-01-29 11:53:07,"$84,719.43",$1.69T,$52.9B,19.98M BTC,5.28% (24h),,
2026-01-29 12:42:30,"$84,763.02",$1.69T,$55.57B,19.98M BTC,5.3% (24h),,
2026-01-29 13:28:47,"$83,693.20",$1.67T,$56.74B,19.98M BTC,6.61% (24h),,
2026-01-29 14:11:54,"$83,410.15",$1.66T,$59.67B,19.98M BTC,6.63% (24h),,
2026-01-29 14:47:08,"$84,035.67",$1.67T,$61.07B,19.98M BTC,5.66% (24h),,
2026-01-29 15:16:04,"$83,782.54",$1.67T,$61.47B,19.98M BTC,6.41% (24h),,
2026-01-29 15:51:35,"$84,172.98",$1.68T,$61.47B,19.98M BTC,5.31% (24h),,
2026-01-29 16:19:17,"$84,206.47",$1.68T,$62.33B,19.98M BTC,5.42% (24h),,
2026-01-29 16:48:46,"$84,402.09",$1.68T,$62.94B,19.98M BTC,5.45% (24h),,
2026-01-29 17:14:52,"$84,185.16",$1.68T,$63.49B,19.98M BTC,5.57% (24h),,
2026-01-29 17:51:30,"$84,337.83",$1.68T,$63.57B,19.98M BTC,5.41% (24h),,
2026-01-29 18:19:07,"$84,409.19",$1.68T,$63.76B,19.98M BTC,5.48% (24h),,
2026-01-29 18:46:17,"$84,526.37",$1.68T,$64.15B,19.98M BTC,5.21% (24h),,
2026-01-29 19:02:30,"$84,567.17",$1.68T,$64.66B,19.98M BTC,5.16% (24h),,
2026-01-29 21:52:13,"$81,903.90",$1.63T,$73.68B,19.98M BTC,6.57% (24h),,
2026-01-29 23:45:51,"$82,799.45",$1.65T,$76.76B,19.98M BTC,5.94% (24h),,
2026-01-30 00:38:50,"$83,063.24",$1.65T,$76.78B,19.98M BTC,5.84% (24h),,
2026-01-30 01:30:18,"$82,299.22",$1.64T,$76.96B,19.98M BTC,6.6% (24h),,
2026-01-30 02:27:38,"$82,605.32",$1.65T,$80.14B,19.98M BTC,6.33% (24h),,
2026-01-30 03:02:51,"$82,575.97",$1.65T,$80.49B,19.98M BTC,6.31% (24h),,
2026-01-30 03:57:49,"$82,512.88",$1.64T,$80.41B,19.98M BTC,6.1% (24h),,
2026-01-30 04:51:09,"$82,111.47",$1.64T,$81.11B,19.98M BTC,6.49% (24h),,
2026-01-30 05:24:56,"$82,365.28",$1.64T,$81.99B,19.98M BTC,6.2% (24h),,
2026-01-30 06:04:26,"$82,690.12",$1.65T,$82.15B,19.98M BTC,5.79% (24h),,
2026-01-30 06:43:20,"$82,798.84",$1.65T,$81.56B,19.98M BTC,5.59% (24h),,
2026-01-30 07:03:15,"$83,141.10",$1.66T,$81.59B,19.98M BTC,5.24% (24h),,
2026-01-30 08:21:31,"$82,598.74",$1.65T,$81.52B,19.98M BTC,6.07% (24h),,
2026-01-30 09:07:23,"$82,822.61",$1.65T,$83.67B,19.98M BTC,5.71% (24h),,
2026-01-30 09:55:29,"$83,008.90",$1.65T,$85.04B,19.98M BTC,4.96% (24h),,
2026-01-30 10:43:14,"$83,118.88",$1.66T,$79.86B,19.98M BTC,1.61% (24h),,
2026-01-30 11:22:36,"$82,712.21",$1.65T,$76.22B,19.98M BTC,2.41% (24h),,
2026-01-30 12:09:32,"$82,661.57",$1.65T,$73.93B,19.98M BTC,2.78% (24h),,
2026-01-30 12:52:51,"$82,989.92",$1.65T,$72.79B,19.98M BTC,1.71% (24h),,
2026-01-30 13:54:03,"$83,631.64",$1.67T,$71.35B,19.98M BTC,0.2% (24h),,
2026-01-30 14:38:32,"$84,328.68",$1.68T,$72.13B,19.98M BTC,0.34% (24h),,
2026-01-30 14:59:01,"$84,218.23",$1.68T,$71.48B,19.98M BTC,0.4% (24h),,
2026-01-30 15:42:46,"$83,607.21",$1.67T,$72.37B,19.98M BTC,0.21% (24h),,
2026-01-30 16:15:47,"$83,917.19",$1.67T,$72.79B,19.98M BTC,0.43% (24h),,
2026-01-30 16:46:11,"$84,047.36",$1.67T,$71.88B,19.98M BTC,0.31% (24h),,
2026-01-30 16:59:48,"$84,219.74",$1.68T,$72.42B,19.98M BTC,0.16% (24h),,
2026-01-30 17:39:06,"$83,940.36",$1.67T,$72.9B,19.98M BTC,0.37% (24h),,
2026-01-30 18:01:42,"$84,090.22",$1.68T,$72.37B,19.98M BTC,0.32% (24h),,
2026-01-30 18:37:53,"$83,885.95",$1.67T,$72.47B,19.98M BTC,0.83% (24h),,
2026-01-30 18:57:31,"$84,121.20",$1.68T,$71.72B,19.98M BTC,0.53% (24h),,
2026-01-30 21:36:35,"$83,902.31",$1.67T,$61.12B,19.98M BTC,2.84% (24h),,
2026-01-30 23:18:55,"$83,954.22",$1.67T,$56.98B,19.98M BTC,1.32% (24h),,
2026-01-31 00:13:06,"$83,809.72",$1.67T,$55.56B,19.98M BTC,1.19% (24h),,
2026-01-31 00:57:59,"$83,879.23",$1.67T,$54.67B,19.98M BTC,1.18% (24h),,
2026-01-31 01:53:47,"$83,633.18",$1.67T,$53.67B,19.98M BTC,1.38% (24h),,
2026-01-31 02:35:41,"$83,402.64",$1.66T,$51.65B,19.98M BTC,1.01% (24h),,
2026-01-31 02:57:54,"$83,395.08",$1.66T,$50.98B,19.98M BTC,0.74% (24h),,
2026-01-31 03:38:30,"$82,867.44",$1.65T,$50.59B,19.98M BTC,0.61% (24h),,
2026-01-31 04:02:30,"$82,967.93",$1.65T,$51.58B,19.98M BTC,0.39% (24h),,
2026-01-31 04:43:15,"$83,112.97",$1.66T,$50.66B,19.98M BTC,0.86% (24h),,
2026-01-31 05:01:29,"$83,008.71",$1.65T,$50.86B,19.98M BTC,0.91% (24h),,
2026-01-31 05:39:59,"$82,957.65",$1.65T,$50.22B,19.98M BTC,0.69% (24h),,
2026-01-31 05:59:32,"$82,993.50",$1.65T,$50.42B,19.98M BTC,0.41% (24h),,
2026-01-31 06:30:44,"$82,871.91",$1.65T,$50.56B,19.98M BTC,0.31% (24h),,
2026-01-31 06:49:43,"$82,853.72",$1.65T,$49.91B,19.98M BTC,0.21% (24h),,
2026-01-31 07:01:55,"$82,866.16",$1.65T,$49.55B,19.98M BTC,0.21% (24h),,
2026-01-31 08:10:59,"$82,708.30",$1.65T,$48.87B,19.98M BTC,0.21% (24h),,
2026-01-31 08:53:21,"$82,496.56",$1.64T,$48.66B,19.98M BTC,0.08% (24h),,
2026-01-31 09:30:47,"$81,423.86",$1.62T,$48.92B,19.98M BTC,1.71% (24h),,
2026-01-31 09:55:17,"$81,314.47",$1.62T,$51.73B,19.98M BTC,2.02% (24h),,
2026-01-31 10:31:32,"$81,184.87",$1.62T,$51.39B,19.98M BTC,1.55% (24h),,
2026-01-31 10:51:57,"$81,284.89",$1.62T,$51.27B,19.98M BTC,2.02% (24h),,
2026-01-31 11:19:36,"$81,411.13",$1.62T,$51.75B,19.98M BTC,1.7% (24h),,
2026-01-31 11:51:55,"$80,288.44",$1.6T,$53.96B,19.98M BTC,3.26% (24h),,
2026-01-31 12:18:23,"$79,137.07",$1.58T,$59.09B,19.98M BTC,4.33% (24h),,
2026-01-31 12:45:56,"$78,936.49",$1.57T,$60.72B,19.98M BTC,4.9% (24h),,
2026-01-31 13:01:10,"$78,969.17",$1.57T,$61.66B,19.98M BTC,4.65% (24h),,
2026-01-31 13:49:13,"$77,835.05",$1.55T,$65.86B,19.98M BTC,6.69% (24h),,
2026-01-31 14:12:14,"$78,034.63",$1.55T,$67.14B,19.98M BTC,6.97% (24h),,
2026-01-31 14:38:17,"$77,232.38",$1.54T,$67.9B,19.98M BTC,8.48% (24h),,
2026-01-31 14:53:31,"$77,751.96",$1.55T,$67.98B,19.98M BTC,7.89% (24h),,
2026-01-31 15:33:33,"$77,017.54",$1.53T,$68.05B,19.98M BTC,8.21% (24h),,
2026-01-31 15:56:31,"$77,695.31",$1.55T,$66.72B,19.98M BTC,7.43% (24h),,
2026-01-31 16:29:26,"$77,792.86",$1.55T,$67.13B,19.98M BTC,7.54% (24h),,
2026-01-31 16:49:35,"$78,043.00",$1.55T,$67.52B,19.98M BTC,7.22% (24h),,
2026-01-31 17:01:24,"$78,208.19",$1.56T,$67.27B,19.98M BTC,7.04% (24h),,
2026-01-31 17:37:23,"$78,108.23",$1.56T,$68.17B,19.98M BTC,6.91% (24h),,
2026-01-31 17:57:40,"$78,153.48",$1.56T,$68.13B,19.98M BTC,6.91% (24h),,
2026-01-31 18:31:55,"$78,763.50",$1.57T,$69.87B,19.98M BTC,6.13% (24h),,
2026-01-31 18:55:46,"$78,685.31",$1.57T,$70.37B,19.98M BTC,6.46% (24h),,
2026-01-31 21:54:50,"$78,918.44",$1.57T,$72.79B,19.98M BTC,6.04% (24h),,
2026-02-01 00:07:46,"$78,694.76",$1.57T,$73.14B,19.98M BTC,6.07% (24h),,
2026-02-01 01:08:34,"$78,547.80",$1.56T,$74.12B,19.98M BTC,6.29% (24h),,
2026-02-01 02:07:11,"$78,000.00",$1.55T,$74.8B,19.98M BTC,6.65% (24h),,
2026-02-01 02:49:42,"$78,382.99",$1.56T,$75.64B,19.98M BTC,6.02% (24h),,
2026-02-01 03:19:02,"$78,260.86",$1.56T,$75.26B,19.98M BTC,5.71% (24h),,
2026-02-01 03:54:09,"$78,564.77",$1.56T,$73.81B,19.98M BTC,5.23% (24h),,
2026-02-01 04:38:25,"$78,749.05",$1.57T,$73.74B,19.98M BTC,5.17% (24h),,
2026-02-01 04:58:56,"$78,981.95",$1.57T,$73.59B,19.98M BTC,4.87% (24h),,
2026-02-01 05:38:52,"$78,426.08",$1.56T,$73.92B,19.98M BTC,5.47% (24h),,
2026-02-01 06:01:18,"$78,295.44",$1.56T,$74.4B,19.98M BTC,5.61% (24h),,
2026-02-01 06:32:21,"$78,445.81",$1.56T,$74.07B,19.98M BTC,5.36% (24h),,
2026-02-01 06:53:53,"$78,661.19",$1.57T,$75.02B,19.98M BTC,4.9% (24h),,
2026-02-01 08:03:35,"$78,546.10",$1.56T,$75.19B,19.98M BTC,5.02% (24h),,
2026-02-01 08:53:34,"$78,291.10",$1.56T,$75.02B,19.98M BTC,5.09% (24h),,
2026-02-01 09:33:36,"$77,701.62",$1.55T,$73.12B,19.98M BTC,4.38% (24h),,
2026-02-01 09:58:45,"$78,302.70",$1.56T,$72.32B,19.98M BTC,3.81% (24h),,
2026-02-01 10:36:13,"$76,892.22",$1.53T,$72.22B,19.98M BTC,5.26% (24h),,
2026-02-01 10:56:43,"$77,507.54",$1.54T,$71.45B,19.98M BTC,4.7% (24h),,
2026-02-01 11:38:19,"$77,485.99",$1.54T,$70.82B,19.98M BTC,4.36% (24h),,
2026-02-01 12:02:01,"$77,371.46",$1.54T,$69.54B,19.98M BTC,3.69% (24h),,
2026-02-01 12:37:43,"$77,278.35",$1.54T,$62.76B,19.98M BTC,2.11% (24h),,
2026-02-01 12:58:23,"$77,578.99",$1.55T,$61.32B,19.98M BTC,1.54% (24h),,
2026-02-01 13:51:11,"$77,750.73",$1.55T,$55.52B,19.98M BTC,0.17% (24h),,
2026-02-01 14:18:19,"$77,632.27",$1.55T,$52.58B,19.98M BTC,0.4% (24h),,
2026-02-01 14:42:43,"$77,498.69",$1.54T,$51B,19.98M BTC,0.42% (24h),,
2026-02-01 15:00:10,"$77,089.23",$1.54T,$50.7B,19.98M BTC,0.73% (24h),,
2026-02-01 15:39:49,"$77,534.18",$1.54T,$50.17B,19.98M BTC,0.52% (24h),,
2026-02-01 15:59:54,"$77,029.36",$1.53T,$49.63B,19.98M BTC,1.17% (24h),,
2026-02-01 16:34:15,"$76,753.51",$1.53T,$49.73B,19.98M BTC,1.3% (24h),,
2026-02-01 16:55:48,"$76,466.80",$1.52T,$49.51B,19.98M BTC,2.15% (24h),,
2026-02-01 17:32:35,"$77,234.77",$1.54T,$49.72B,19.98M BTC,1.18% (24h),,
2026-02-01 17:59:08,"$77,247.00",$1.54T,$50.07B,19.98M BTC,1.13% (24h),,
2026-02-01 18:36:20,"$77,513.01",$1.54T,$52.55B,19.98M BTC,1.95% (24h),,
2026-02-01 18:58:21,"$77,055.63",$1.53T,$53.17B,19.98M BTC,2.09% (24h),,
2026-02-01 21:54:15,"$76,609.96",$1.53T,$54.18B,19.98M BTC,2.87% (24h),,
2026-02-02 00:03:39,"$75,685.15",$1.51T,$63.51B,19.98M BTC,3.89% (24h),,
2026-02-02 01:15:06,"$75,565.02",$1.5T,$66.23B,19.98M BTC,3.88% (24h),,
2026-02-02 02:32:40,"$76,439.40",$1.52T,$69.46B,19.98M BTC,2.22% (24h),,
2026-02-02 03:07:35,"$76,708.45",$1.53T,$70.54B,19.98M BTC,2.12% (24h),,
2026-02-02 04:04:53,"$76,798.86",$1.53T,$71.63B,19.98M BTC,2.24% (24h),,
2026-02-02 05:06:49,"$77,749.64",$1.55T,$73.35B,19.98M BTC,1.35% (24h),,
2026-02-02 06:06:06,"$77,545.33",$1.54T,$73.33B,19.98M BTC,1.01% (24h),,
2026-02-02 06:50:47,"$77,738.30",$1.55T,$73.82B,19.98M BTC,1.18% (24h),,
2026-02-02 07:32:40,"$78,021.48",$1.55T,$74.59B,19.98M BTC,0.46% (24h),,
2026-02-02 08:48:51,"$77,858.17",$1.55T,$75.12B,19.98M BTC,0.9% (24h),,
2026-02-02 09:32:57,"$78,138.56",$1.56T,$75.09B,19.98M BTC,0.59% (24h),,
2026-02-02 10:25:35,"$78,734.29",$1.57T,$76.68B,19.98M BTC,1.77% (24h),,
2026-02-02 11:02:10,"$78,837.40",$1.57T,$78.45B,19.98M BTC,1.96% (24h),,
2026-02-02 12:02:23,"$78,837.33",$1.57T,$80.27B,19.98M BTC,1.88% (24h),,
2026-02-02 12:58:14,"$78,940.23",$1.57T,$81.38B,19.98M BTC,1.75% (24h),,
2026-02-02 18:16:05,"$78,720.89",$1.57T,$78.37B,19.98M BTC,3% (24h),,
2026-02-02 18:49:06,"$78,768.32",$1.57T,$75.27B,19.98M BTC,2.4% (24h),,
2026-02-02 19:58:49,"$78,949.78",$1.57T,$73.19B,19.98M BTC,1.77% (24h),,
2026-02-02 22:40:37,"$78,401.02",$1.56T,$67.89B,19.98M BTC,5.14% (24h),,
2026-02-03 00:09:12,"$78,689.67",$1.57T,$63.4B,19.98M BTC,4.34% (24h),,
2026-02-03 01:06:50,"$78,110.37",$1.56T,$60.96B,19.98M BTC,3.75% (24h),,
2026-02-03 02:10:38,"$78,706.22",$1.57T,$57.85B,19.98M BTC,2.57% (24h),,
2026-02-03 02:56:53,"$78,662.46",$1.57T,$57.17B,19.98M BTC,2.48% (24h),,
2026-02-03 03:48:22,"$78,910.19",$1.57T,$56.92B,19.98M BTC,2.78% (24h),,
2026-02-03 04:28:01,"$77,926.38",$1.55T,$56.1B,19.98M BTC,1.16% (24h),,
2026-02-03 05:09:27,"$78,396.39",$1.56T,$55.26B,19.98M BTC,0.92% (24h),,
2026-02-03 06:02:36,"$78,047.49",$1.55T,$54.43B,19.98M BTC,0.72% (24h),,
2026-02-03 06:50:44,"$78,197.49",$1.56T,$53.6B,19.98M BTC,0.59% (24h),,
2026-02-03 07:29:36,"$78,232.22",$1.56T,$53.03B,19.98M BTC,0.14% (24h),,
2026-02-03 08:46:44,"$78,241.74",$1.56T,$51.73B,19.98M BTC,0.53% (24h),,
2026-02-03 09:35:46,"$78,080.74",$1.56T,$51.1B,19.98M BTC,0.23% (24h),,
2026-02-03 10:33:57,"$78,083.15",$1.56T,$50.14B,19.98M BTC,0.72% (24h),,
2026-02-03 11:34:17,"$76,763.67",$1.53T,$50.27B,19.98M BTC,2.92% (24h),,
2026-02-03 12:38:08,"$75,566.30",$1.51T,$52.11B,19.98M BTC,4.25% (24h),,
2026-02-03 13:36:14,"$74,069.43",$1.48T,$56.46B,19.98M BTC,5.77% (24h),,
2026-02-03 14:34:44,"$74,863.21",$1.49T,$62.01B,19.98M BTC,4.43% (24h),,
2026-02-03 15:05:52,"$74,567.25",$1.49T,$62.95B,19.98M BTC,4.73% (24h),,
2026-02-03 15:55:05,"$76,355.63",$1.52T,$66.16B,19.98M BTC,2.06% (24h),,
2026-02-03 16:42:44,"$76,218.79",$1.52T,$66.92B,19.98M BTC,2.72% (24h),,
2026-02-03 17:17:59,"$75,461.18",$1.5T,$67.03B,19.98M BTC,3.99% (24h),,
2026-02-03 17:55:02,"$75,653.75",$1.51T,$68.16B,19.98M BTC,3.84% (24h),,
2026-02-03 18:35:20,"$75,799.12",$1.51T,$68.7B,19.98M BTC,3.67% (24h),,
2026-02-03 18:58:43,"$75,625.14",$1.51T,$68.25B,19.98M BTC,3.88% (24h),,
2026-02-03 21:48:13,"$75,882.68",$1.51T,$67.79B,19.98M BTC,3% (24h),,
2026-02-03 23:24:48,"$76,515.87",$1.52T,$68.23B,19.98M BTC,2.57% (24h),,
2026-02-04 00:34:02,"$76,322.23",$1.52T,$67.85B,19.98M BTC,2.62% (24h),,
2026-02-04 01:32:06,"$76,432.06",$1.52T,$67.8B,19.98M BTC,2.56% (24h),,
2026-02-04 02:32:01,"$76,334.94",$1.52T,$68.06B,19.98M BTC,2.89% (24h),,
2026-02-04 03:07:31,"$76,227.79",$1.52T,$67B,19.98M BTC,3.09% (24h),,
2026-02-04 04:01:03,"$76,476.01",$1.52T,$67.13B,19.98M BTC,2.85% (24h),,
2026-02-04 04:59:53,"$75,967.78",$1.51T,$66.56B,19.98M BTC,3% (24h),,
2026-02-04 05:54:59,"$76,167.71",$1.52T,$66.58B,19.98M BTC,2.37% (24h),,
2026-02-04 06:39:03,"$75,977.49",$1.51T,$67.7B,19.98M BTC,2.79% (24h),,
2026-02-04 07:02:11,"$76,002.30",$1.51T,$67.96B,19.98M BTC,2.57% (24h),,
2026-02-04 08:36:51,"$75,590.39",$1.51T,$68.23B,19.98M BTC,3.39% (24h),,
2026-02-04 09:28:28,"$75,202.31",$1.5T,$68.18B,19.98M BTC,3.99% (24h),,
2026-02-04 10:12:32,"$74,935.51",$1.49T,$69.98B,19.98M BTC,3.1% (24h),,
2026-02-04 11:04:41,"$73,896.08",$1.47T,$71.66B,19.98M BTC,5.11% (24h),,
2026-02-04 12:07:45,"$73,044.29",$1.45T,$71.65B,19.98M BTC,4.14% (24h),,
2026-02-04 13:03:41,"$72,369.02",$1.44T,$71.44B,19.98M BTC,3.41% (24h),,
2026-02-04 14:08:25,"$73,409.52",$1.46T,$68.23B,19.98M BTC,0.08% (24h),,
2026-02-04 14:53:00,"$73,664.36",$1.47T,$66.34B,19.98M BTC,1.24% (24h),,
2026-02-04 15:42:11,"$73,493.24",$1.46T,$64.53B,19.98M BTC,3.58% (24h),,
2026-02-04 16:22:06,"$73,089.49",$1.46T,$64.21B,19.98M BTC,4.19% (24h),,
2026-02-04 16:55:56,"$72,330.04",$1.44T,$64.38B,19.98M BTC,4.95% (24h),,
2026-02-04 17:36:40,"$73,010.28",$1.45T,$64.22B,19.98M BTC,3.72% (24h),,
2026-02-04 17:59:39,"$72,373.58",$1.44T,$65.49B,19.98M BTC,4.19% (24h),,
2026-02-04 18:38:56,"$73,215.53",$1.46T,$66.63B,19.98M BTC,3.48% (24h),,
2026-02-04 18:59:48,"$73,022.46",$1.45T,$66.35B,19.98M BTC,3.46% (24h),,
2026-02-04 21:51:17,"$71,731.70",$1.43T,$69.01B,19.98M BTC,5.27% (24h),,
2026-02-04 23:44:03,"$71,186.49",$1.42T,$75.07B,19.98M BTC,6.95% (24h),,
2026-02-05 00:46:26,"$70,764.24",$1.41T,$77.64B,19.98M BTC,7.09% (24h),,
2026-02-05 01:42:28,"$70,810.70",$1.41T,$80.94B,19.98M BTC,7.52% (24h),,
2026-02-05 02:42:14,"$70,833.04",$1.41T,$82.61B,19.98M BTC,7.4% (24h),,
2026-02-05 03:27:36,"$71,231.67",$1.42T,$82.35B,19.98M BTC,6.31% (24h),,
2026-02-05 04:13:22,"$71,637.81",$1.43T,$84.18B,19.98M BTC,6.09% (24h),,
2026-02-05 05:06:24,"$71,211.25",$1.42T,$83.1B,19.98M BTC,6.36% (24h),,
2026-02-05 06:02:34,"$70,815.08",$1.41T,$84.89B,19.98M BTC,6.9% (24h),,
2026-02-05 06:50:38,"$70,425.04",$1.4T,$87.89B,19.98M BTC,7.38% (24h),,
2026-02-05 07:31:39,"$69,406.66",$1.38T,$89.45B,19.98M BTC,8.7% (24h),,
2026-02-05 08:50:19,"$69,307.39",$1.38T,$90.52B,19.98M BTC,7.55% (24h),,
2026-02-05 09:37:49,"$70,483.23",$1.4T,$91.77B,19.98M BTC,6.53% (24h),,
2026-02-05 10:27:27,"$67,270.07",$1.34T,$93.09B,19.98M BTC,10.18% (24h),,
2026-02-05 11:10:55,"$67,229.97",$1.34T,$101.1B,19.98M BTC,8.66% (24h),,
2026-02-05 12:11:35,"$67,204.38",$1.34T,$102.11B,19.98M BTC,7.59% (24h),,
2026-02-05 13:05:52,"$66,262.18",$1.32T,$103.68B,19.98M BTC,8.49% (24h),,
2026-02-05 14:07:38,"$66,250.94",$1.32T,$106.12B,19.98M BTC,9.87% (24h),,
2026-02-05 14:51:24,"$65,339.29",$1.3T,$106.45B,19.98M BTC,10.86% (24h),,
2026-02-05 15:23:56,"$63,648.84",$1.27T,$110.02B,19.98M BTC,13.54% (24h),,
2026-02-05 16:01:36,"$63,846.84",$1.27T,$115.97B,19.98M BTC,12.99% (24h),,
2026-02-05 16:41:38,"$63,757.46",$1.27T,$122.7B,19.98M BTC,12.77% (24h),,
2026-02-05 17:01:32,"$63,131.61",$1.26T,$122.31B,19.98M BTC,13.1% (24h),,
2026-02-05 17:44:05,"$63,896.00",$1.27T,$124.06B,19.98M BTC,12.2% (24h),,
2026-02-05 18:13:57,"$64,516.23",$1.28T,$124.69B,19.98M BTC,11.07% (24h),,
2026-02-05 18:46:09,"$63,343.73",$1.26T,$126.02B,19.98M BTC,13.54% (24h),,
2026-02-05 19:00:51,"$62,924.67",$1.25T,$124.63B,19.98M BTC,13.82% (24h),,
2026-02-05 21:51:46,"$65,028.64",$1.29T,$145.22B,19.98M BTC,9.34% (24h),,
2026-02-05 23:52:47,"$64,809.84",$1.29T,$142.64B,19.98M BTC,8.91% (24h),,
2026-02-06 00:58:55,"$66,245.04",$1.32T,$142.44B,19.98M BTC,6.11% (24h),,
2026-02-06 02:07:13,"$64,959.35",$1.29T,$141.76B,19.98M BTC,8.97% (24h),,
2026-02-06 02:56:23,"$64,739.62",$1.29T,$142.91B,19.98M BTC,8.45% (24h),,
2026-02-06 03:53:42,"$64,967.89",$1.29T,$144.13B,19.98M BTC,8.4% (24h),,
2026-02-06 04:53:06,"$65,887.51",$1.31T,$145.89B,19.98M BTC,7.81% (24h),,
2026-02-06 05:49:23,"$65,912.62",$1.31T,$147.83B,19.98M BTC,7.26% (24h),,
2026-02-06 06:25:01,"$65,941.84",$1.31T,$144.62B,19.98M BTC,6.03% (24h),,
2026-02-06 06:57:30,"$66,550.83",$1.33T,$145.26B,19.98M BTC,5.07% (24h),,
2026-02-06 08:17:45,"$66,860.30",$1.33T,$140.63B,19.98M BTC,3.62% (24h),,
2026-02-06 09:11:23,"$66,922.12",$1.33T,$143.36B,19.98M BTC,3.88% (24h),,
2026-02-06 10:02:39,"$67,940.24",$1.35T,$145.77B,19.98M BTC,1.54% (24h),,
2026-02-06 10:57:26,"$68,570.46",$1.37T,$139.46B,19.98M BTC,1.79% (24h),,
2026-02-06 11:57:33,"$69,698.27",$1.39T,$140.59B,19.98M BTC,2.15% (24h),,
2026-02-06 12:51:07,"$70,754.70",$1.41T,$139.91B,19.98M BTC,5.99% (24h),,
2026-02-06 13:34:55,"$69,737.33",$1.39T,$137.4B,19.98M BTC,6.56% (24h),,
2026-02-06 14:27:22,"$70,352.82",$1.4T,$136.66B,19.98M BTC,7.16% (24h),,
2026-02-06 14:59:35,"$70,686.41",$1.41T,$135.51B,19.98M BTC,8.52% (24h),,
2026-02-06 15:47:27,"$70,291.10",$1.4T,$128.06B,19.98M BTC,10.78% (24h),,
2026-02-06 16:18:50,"$70,119.17",$1.4T,$123.89B,19.98M BTC,11.05% (24h),,
2026-02-06 16:51:02,"$70,374.50",$1.4T,$121.13B,19.98M BTC,10.68% (24h),,
2026-02-06 17:13:38,"$70,326.18",$1.4T,$118.48B,19.98M BTC,11.01% (24h),,
2026-02-06 17:47:36,"$71,153.67",$1.42T,$117.96B,19.98M BTC,11.58% (24h),,
2026-02-06 18:14:25,"$71,070.14",$1.42T,$116.17B,19.98M BTC,10.15% (24h),,
2026-02-06 18:45:50,"$70,600.85",$1.41T,$115.29B,19.98M BTC,11.39% (24h),,
2026-02-06 19:03:39,"$70,317.00",$1.4T,$112.71B,19.98M BTC,12.78% (24h),,
2026-02-06 21:50:38,"$70,140.96",$1.4T,$93.2B,19.98M BTC,8.1% (24h),,
2026-02-06 23:25:02,"$71,534.36",$1.42T,$91.57B,19.98M BTC,10.33% (24h),,
2026-02-07 00:29:08,"$70,413.16",$1.4T,$90.71B,19.98M BTC,7.66% (24h),,
2026-02-07 01:06:50,"$70,225.03",$1.4T,$89.87B,19.98M BTC,5.35% (24h),,
2026-02-07 02:02:01,"$68,898.23",$1.37T,$88.29B,19.98M BTC,6.3% (24h),,
2026-02-07 02:46:02,"$68,223.98",$1.36T,$89.75B,19.98M BTC,4.74% (24h),,
2026-02-07 03:02:16,"$67,991.46",$1.35T,$89.99B,19.98M BTC,5.14% (24h),,
2026-02-07 03:50:12,"$68,538.26",$1.36T,$88.19B,19.98M BTC,5.56% (24h),,
2026-02-07 04:20:15,"$68,570.44",$1.37T,$89.69B,19.98M BTC,5.06% (24h),,
2026-02-07 04:52:06,"$67,940.82",$1.35T,$87.74B,19.98M BTC,3.16% (24h),,
2026-02-07 05:34:16,"$67,876.40",$1.35T,$88.88B,19.98M BTC,2.8% (24h),,
2026-02-07 06:00:09,"$67,950.90",$1.35T,$89.41B,19.98M BTC,3.17% (24h),,
2026-02-07 06:32:15,"$67,990.30",$1.35T,$88.27B,19.98M BTC,3.07% (24h),,
2026-02-07 06:55:09,"$67,676.69",$1.35T,$88.23B,19.98M BTC,1.84% (24h),,
2026-02-07 08:02:26,"$69,031.92",$1.37T,$87.3B,19.98M BTC,3.84% (24h),,
2026-02-07 08:54:44,"$68,999.27",$1.37T,$87.06B,19.98M BTC,2.43% (24h),,
2026-02-07 09:33:55,"$68,909.80",$1.37T,$84.95B,19.98M BTC,2.09% (24h),,
2026-02-07 09:59:14,"$68,596.47",$1.37T,$83.69B,19.98M BTC,0.6% (24h),,
2026-02-07 10:36:22,"$69,479.39",$1.38T,$81.22B,19.98M BTC,1.53% (24h),,
2026-02-07 10:57:25,"$69,039.38",$1.37T,$80.08B,19.98M BTC,0.69% (24h),,
2026-02-07 11:41:00,"$69,298.17",$1.38T,$79.39B,19.98M BTC,0.33% (24h),,
2026-02-07 12:04:51,"$68,971.85",$1.37T,$76.9B,19.98M BTC,1.05% (24h),,
2026-02-07 12:42:45,"$69,182.57",$1.38T,$77.8B,19.98M BTC,2.77% (24h),,
2026-02-07 13:02:40,"$69,082.97",$1.38T,$74.26B,19.98M BTC,2.16% (24h),,
2026-02-07 13:54:24,"$69,485.61",$1.38T,$73.22B,19.98M BTC,0.54% (24h),,
2026-02-07 14:31:04,"$69,350.20",$1.38T,$71.9B,19.98M BTC,1.17% (24h),,
2026-02-07 14:50:41,"$69,385.35",$1.38T,$71.64B,19.98M BTC,1.73% (24h),,
2026-02-07 15:15:29,"$69,267.45",$1.38T,$70.59B,19.98M BTC,1.67% (24h),,
2026-02-07 15:48:56,"$69,559.20",$1.39T,$69.29B,19.98M BTC,1.04% (24h),,
2026-02-07 16:15:29,"$69,457.74",$1.38T,$68.55B,19.98M BTC,0.71% (24h),,
2026-02-07 16:46:18,"$69,334.45",$1.38T,$67.87B,19.98M BTC,1.28% (24h),,
2026-02-07 17:02:35,"$69,440.40",$1.38T,$66.24B,19.98M BTC,1.18% (24h),,
2026-02-07 17:47:10,"$69,350.79",$1.38T,$64.21B,19.98M BTC,2.4% (24h),,
2026-02-07 18:17:09,"$69,000.80",$1.37T,$63.11B,19.98M BTC,2.78% (24h),,
2026-02-07 18:52:01,"$69,383.94",$1.38T,$62.49B,19.98M BTC,1.75% (24h),,
2026-02-07 22:15:51,"$69,220.38",$1.38T,$59.3B,19.98M BTC,2.09% (24h),,
2026-02-08 00:13:23,"$69,319.50",$1.38T,$57.14B,19.98M BTC,2.13% (24h),,
2026-02-08 01:11:42,"$69,092.83",$1.38T,$56.72B,19.98M BTC,1.51% (24h),,
2026-02-08 02:09:43,"$69,232.92",$1.38T,$54.78B,19.98M BTC,1.23% (24h),,
2026-02-08 02:51:49,"$69,541.58",$1.38T,$51.72B,19.98M BTC,1.99% (24h),,
2026-02-08 03:24:18,"$69,894.62",$1.39T,$49.33B,19.98M BTC,2.05% (24h),,
2026-02-08 04:00:11,"$70,615.67",$1.41T,$49.33B,19.98M BTC,3.11% (24h),,
2026-02-08 04:41:45,"$70,129.33",$1.4T,$48.93B,19.98M BTC,3.06% (24h),,
2026-02-08 05:00:27,"$70,207.38",$1.4T,$47.84B,19.98M BTC,3.11% (24h),,
2026-02-08 05:42:35,"$70,173.37",$1.4T,$47.48B,19.98M BTC,3.6% (24h),,
2026-02-08 06:12:45,"$70,380.28",$1.4T,$47B,19.98M BTC,3.45% (24h),,
2026-02-08 06:43:05,"$70,820.31",$1.41T,$47.34B,19.98M BTC,4.49% (24h),,
2026-02-08 07:00:57,"$70,956.25",$1.41T,$46.94B,19.98M BTC,4.43% (24h),,
2026-02-08 08:12:03,"$71,038.03",$1.41T,$44.26B,19.98M BTC,2.85% (24h),,
2026-02-08 08:57:37,"$71,370.86",$1.42T,$44.25B,19.98M BTC,3.51% (24h),,
2026-02-08 09:37:32,"$71,260.52",$1.42T,$44.38B,19.98M BTC,3.43% (24h),,
2026-02-08 10:01:02,"$71,182.30",$1.42T,$43.42B,19.98M BTC,3.78% (24h),,
2026-02-08 10:38:20,"$71,060.66",$1.42T,$42.45B,19.98M BTC,2.38% (24h),,
2026-02-08 10:59:16,"$71,084.21",$1.42T,$41.9B,19.98M BTC,2.93% (24h),,
2026-02-08 11:43:42,"$70,753.00",$1.41T,$37.98B,19.98M BTC,2.21% (24h),,
2026-02-08 12:16:23,"$70,729.61",$1.41T,$37.68B,19.98M BTC,2.91% (24h),,
2026-02-08 12:49:38,"$70,738.73",$1.41T,$37.34B,19.98M BTC,2.2% (24h),,
2026-02-08 13:19:08,"$70,900.45",$1.41T,$37.26B,19.98M BTC,2.53% (24h),,
2026-02-08 13:59:47,"$71,100.77",$1.42T,$37.36B,19.98M BTC,2.41% (24h),,
2026-02-08 14:35:35,"$71,115.56",$1.42T,$36.92B,19.98M BTC,2.61% (24h),,
2026-02-08 14:53:57,"$71,421.50",$1.42T,$36.89B,19.98M BTC,2.92% (24h),,
2026-02-08 15:36:06,"$71,059.15",$1.42T,$37.16B,19.98M BTC,2.17% (24h),,
2026-02-08 16:00:15,"$70,796.51",$1.41T,$37.33B,19.98M BTC,1.74% (24h),,
2026-02-08 16:38:43,"$70,614.84",$1.41T,$37.29B,19.98M BTC,1.49% (24h),,
2026-02-08 17:00:06,"$70,668.71",$1.41T,$37.59B,19.98M BTC,1.77% (24h),,
2026-02-08 17:40:54,"$70,760.52",$1.41T,$37.51B,19.98M BTC,1.97% (24h),,
2026-02-08 18:04:57,"$71,417.13",$1.42T,$37.6B,19.98M BTC,3.16% (24h),,
2026-02-08 18:46:58,"$70,602.13",$1.41T,$39.21B,19.98M BTC,1.97% (24h),,
2026-02-08 19:59:30,"$70,484.97",$1.4T,$40.15B,19.98M BTC,2.18% (24h),,
2026-02-08 22:48:58,"$71,171.21",$1.42T,$41.63B,19.98M BTC,2.81% (24h),,
2026-02-09 00:22:47,"$70,831.15",$1.41T,$41.16B,19.98M BTC,2.28% (24h),,
2026-02-09 01:44:37,"$70,496.51",$1.4T,$42.3B,19.98M BTC,1.8% (24h),,
2026-02-09 02:46:28,"$70,418.91",$1.4T,$42.64B,19.98M BTC,1.34% (24h),,
2026-02-09 03:35:13,"$69,598.25",$1.39T,$41.65B,19.98M BTC,1.53% (24h),,
2026-02-09 04:43:03,"$69,597.37",$1.39T,$42.72B,19.98M BTC,0.75% (24h),,
2026-02-09 05:44:31,"$68,457.17",$1.36T,$43.71B,19.98M BTC,2.46% (24h),,
2026-02-09 06:37:13,"$68,808.07",$1.37T,$44.39B,19.98M BTC,2.84% (24h),,
2026-02-09 07:33:31,"$68,924.27",$1.37T,$44.47B,19.98M BTC,2.72% (24h),,
2026-02-09 09:01:01,"$68,554.69",$1.37T,$44.16B,19.98M BTC,4.03% (24h),,
2026-02-09 10:06:24,"$69,763.29",$1.39T,$46.53B,19.98M BTC,2.17% (24h),,
2026-02-09 11:10:56,"$69,197.05",$1.38T,$46.96B,19.98M BTC,2.58% (24h),,
2026-02-09 12:16:40,"$70,094.95",$1.4T,$47.82B,19.98M BTC,0.79% (24h),,
2026-02-09 13:09:02,"$70,573.17",$1.41T,$49.79B,19.98M BTC,0.35% (24h),,
2026-02-09 14:41:47,"$70,870.82",$1.41T,$51.37B,19.98M BTC,0.57% (24h),,
2026-02-09 15:24:26,"$70,688.33",$1.41T,$51.55B,19.98M BTC,0.52% (24h),,
2026-02-09 16:09:42,"$70,401.60",$1.4T,$51.83B,19.98M BTC,0.68% (24h),,
2026-02-09 16:57:52,"$70,377.80",$1.4T,$54.17B,19.98M BTC,0.32% (24h),,
2026-02-09 17:46:00,"$70,512.96",$1.4T,$54.63B,19.98M BTC,0.53% (24h),,
2026-02-09 18:25:28,"$70,292.30",$1.4T,$53.08B,19.98M BTC,0.19% (24h),,
2026-02-09 19:04:07,"$70,204.34",$1.4T,$51.61B,19.98M BTC,0.22% (24h),,
2026-02-09 22:29:03,"$69,513.98",$1.38T,$49.51B,19.98M BTC,1.76% (24h),,
2026-02-10 00:20:30,"$69,595.58",$1.39T,$48.96B,19.98M BTC,1.69% (24h),,
2026-02-10 01:41:40,"$69,050.26",$1.38T,$49.1B,19.98M BTC,2.01% (24h),,
2026-02-10 02:46:32,"$68,890.01",$1.37T,$49.68B,19.98M BTC,2.14% (24h),,
2026-02-10 03:35:19,"$68,989.67",$1.37T,$49B,19.98M BTC,0.75% (24h),,
2026-02-10 04:43:22,"$69,111.88",$1.38T,$48.45B,19.98M BTC,0.69% (24h),,
2026-02-10 05:41:47,"$68,930.30",$1.37T,$47.35B,19.98M BTC,0.5% (24h),,
2026-02-10 06:39:27,"$68,938.82",$1.37T,$46.02B,19.98M BTC,0.11% (24h),,
2026-02-10 07:38:43,"$68,597.22",$1.37T,$46.23B,19.98M BTC,0.6% (24h),,
2026-02-10 09:09:18,"$68,950.26",$1.37T,$46.11B,19.98M BTC,0.84% (24h),,
2026-02-10 10:22:39,"$69,024.35",$1.37T,$45.93B,19.98M BTC,0.25% (24h),,
2026-02-10 11:41:09,"$69,556.62",$1.39T,$46.69B,19.98M BTC,0.14% (24h),,
2026-02-10 12:46:59,"$69,891.77",$1.39T,$44.9B,19.98M BTC,1.16% (24h),,
2026-02-10 13:47:07,"$68,785.75",$1.37T,$43.74B,19.98M BTC,2.24% (24h),,
2026-02-10 14:52:42,"$69,167.84",$1.38T,$43.58B,19.98M BTC,2.46% (24h),,
2026-02-10 15:53:18,"$68,738.26",$1.37T,$43.3B,19.98M BTC,2.82% (24h),,
2026-02-10 16:51:33,"$68,611.26",$1.37T,$42.5B,19.98M BTC,2.17% (24h),,
2026-02-10 17:31:27,"$68,636.02",$1.37T,$42.02B,19.98M BTC,2.53% (24h),,
2026-02-10 18:22:39,"$68,567.41",$1.37T,$40.92B,19.98M BTC,2.52% (24h),,
2026-02-10 19:05:07,"$68,789.77",$1.37T,$40.47B,19.98M BTC,1.87% (24h),,
2026-02-10 22:26:05,"$68,221.45",$1.36T,$40.53B,19.98M BTC,1.94% (24h),,
2026-02-11 00:18:26,"$67,711.95",$1.35T,$41.22B,19.98M BTC,2.69% (24h),,
2026-02-11 01:39:00,"$67,012.75",$1.33T,$42.01B,19.98M BTC,3.17% (24h),,
2026-02-11 02:42:10,"$66,995.25",$1.33T,$42.42B,19.98M BTC,2.73% (24h),,
2026-02-11 03:30:47,"$66,819.72",$1.33T,$42.5B,19.98M BTC,3.14% (24h),,
2026-02-11 04:33:38,"$66,910.88",$1.33T,$42.53B,19.98M BTC,3.19% (24h),,
2026-02-11 05:34:30,"$66,674.74",$1.33T,$42.09B,19.98M BTC,3.38% (24h),,
2026-02-11 06:31:18,"$66,968.45",$1.33T,$42.74B,19.98M BTC,2.82% (24h),,
2026-02-11 07:08:48,"$67,202.64",$1.34T,$42.78B,19.98M BTC,2.2% (24h),,
2026-02-11 08:50:43,"$67,209.55",$1.34T,$44.13B,19.98M BTC,2.47% (24h),,
2026-02-11 09:47:15,"$67,065.74",$1.34T,$45.32B,19.98M BTC,1.41% (24h),,
2026-02-11 10:46:14,"$66,702.36",$1.33T,$46.44B,19.98M BTC,3.48% (24h),,
2026-02-11 11:48:12,"$66,225.36",$1.32T,$47.11B,19.98M BTC,4.64% (24h),,
2026-02-11 12:46:57,"$66,468.78",$1.32T,$47.65B,19.98M BTC,4.82% (24h),,
2026-02-11 13:44:51,"$66,970.61",$1.33T,$46.79B,19.98M BTC,2.88% (24h),,
2026-02-11 14:47:39,"$67,707.72",$1.35T,$47.7B,19.98M BTC,2.12% (24h),,
2026-02-11 15:26:41,"$67,318.87",$1.34T,$47.86B,19.98M BTC,2.09% (24h),,
2026-02-11 16:08:36,"$67,553.41",$1.35T,$48.14B,19.98M BTC,1.91% (24h),,
2026-02-11 16:50:09,"$67,874.05",$1.35T,$49.31B,19.98M BTC,0.94% (24h),,
2026-02-11 17:19:42,"$67,656.94",$1.35T,$49B,19.98M BTC,1.37% (24h),,
2026-02-11 17:56:46,"$67,443.40",$1.34T,$49.75B,19.98M BTC,1.83% (24h),,
2026-02-11 18:39:56,"$67,005.36",$1.33T,$50.05B,19.98M BTC,2.51% (24h),,
2026-02-11 19:00:02,"$67,025.55",$1.33T,$50.2B,19.98M BTC,2.56% (24h),,
2026-02-11 22:17:26,"$67,467.37",$1.34T,$51.24B,19.98M BTC,1.43% (24h),,
2026-02-12 00:12:29,"$66,886.76",$1.33T,$49.67B,19.98M BTC,1.21% (24h),,
2026-02-12 01:19:22,"$67,093.83",$1.34T,$48.99B,19.98M BTC,0.26% (24h),,
2026-02-12 02:33:59,"$67,187.79",$1.34T,$47.92B,19.98M BTC,0.38% (24h),,
2026-02-12 03:27:06,"$66,967.86",$1.33T,$47.75B,19.98M BTC,0.11% (24h),,
2026-02-12 04:28:18,"$67,236.84",$1.34T,$47.12B,19.98M BTC,0.53% (24h),,
2026-02-12 05:26:23,"$67,491.94",$1.34T,$47.33B,19.98M BTC,1.11% (24h),,
2026-02-12 06:24:50,"$68,042.86",$1.36T,$47.12B,19.98M BTC,1.57% (24h),,
2026-02-12 07:03:22,"$67,973.03",$1.35T,$47.3B,19.98M BTC,1.45% (24h),,
2026-02-12 08:45:10,"$68,088.51",$1.36T,$46.05B,19.98M BTC,1.38% (24h),,
2026-02-12 09:40:34,"$67,930.08",$1.35T,$44.02B,19.98M BTC,1% (24h),,
2026-02-12 10:37:11,"$67,587.75",$1.35T,$42.29B,19.98M BTC,1.9% (24h),,
2026-02-12 11:40:19,"$66,347.07",$1.32T,$42.34B,19.98M BTC,0.11% (24h),,
2026-02-12 12:45:27,"$65,940.29",$1.31T,$43.95B,19.98M BTC,0.91% (24h),,
2026-02-12 13:41:54,"$65,417.83",$1.3T,$45.54B,19.98M BTC,2.36% (24h),,
2026-02-12 14:43:01,"$65,921.76",$1.31T,$45.08B,19.98M BTC,2.6% (24h),,
2026-02-12 15:20:41,"$65,649.27",$1.31T,$45.35B,19.98M BTC,2.84% (24h),,
2026-02-12 15:57:25,"$65,367.33",$1.3T,$45.78B,19.98M BTC,3.19% (24h),,
2026-02-12 16:42:45,"$65,750.99",$1.31T,$45.09B,19.98M BTC,3.28% (24h),,
2026-02-12 17:18:17,"$65,649.10",$1.31T,$45.01B,19.98M BTC,2.96% (24h),,
2026-02-12 17:55:07,"$66,202.28",$1.32T,$44.63B,19.98M BTC,1.77% (24h),,
2026-02-12 18:36:55,"$66,268.48",$1.32T,$44.67B,19.98M BTC,0.8% (24h),,
2026-02-12 19:00:44,"$66,108.40",$1.32T,$44.81B,19.98M BTC,1.36% (24h),,
2026-02-12 22:18:35,"$66,495.42",$1.32T,$44.52B,19.98M BTC,1.4% (24h),,
2026-02-13 00:06:08,"$66,332.65",$1.32T,$44.54B,19.98M BTC,1.14% (24h),,
2026-02-13 01:14:12,"$66,198.04",$1.32T,$44.31B,19.98M BTC,1.41% (24h),,
2026-02-13 02:30:53,"$66,411.45",$1.32T,$44.31B,19.98M BTC,1.15% (24h),,
2026-02-13 03:07:29,"$66,395.15",$1.32T,$44.76B,19.98M BTC,1.2% (24h),,
2026-02-13 04:02:23,"$66,620.61",$1.33T,$44.7B,19.98M BTC,0.6% (24h),,
2026-02-13 05:01:19,"$66,899.87",$1.33T,$45.04B,19.98M BTC,0.87% (24h),,
2026-02-13 05:57:42,"$66,971.70",$1.33T,$44.71B,19.98M BTC,1.29% (24h),,
2026-02-13 06:38:46,"$66,917.01",$1.33T,$43.94B,19.98M BTC,1.73% (24h),,
2026-02-13 07:02:06,"$67,070.17",$1.34T,$43.59B,19.98M BTC,1.41% (24h),,
2026-02-13 08:36:49,"$67,306.60",$1.34T,$42.91B,19.98M BTC,0.87% (24h),,
2026-02-13 09:28:23,"$67,318.24",$1.34T,$43.71B,19.98M BTC,0.9% (24h),,
2026-02-13 10:12:59,"$68,363.83",$1.36T,$44.47B,19.98M BTC,1.75% (24h),,
2026-02-13 11:04:21,"$68,656.72",$1.37T,$46.34B,19.98M BTC,2.31% (24h),,
2026-02-13 12:05:52,"$68,823.13",$1.37T,$45B,19.98M BTC,4.52% (24h),,
2026-02-13 12:56:55,"$69,049.66",$1.38T,$44B,19.98M BTC,5.48% (24h),,
2026-02-13 13:59:58,"$69,096.83",$1.38T,$42.93B,19.98M BTC,5.36% (24h),,
2026-02-13 14:49:37,"$68,969.58",$1.37T,$42.67B,19.98M BTC,4.52% (24h),,
2026-02-13 15:23:44,"$68,795.66",$1.37T,$42.12B,19.98M BTC,4.88% (24h),,
2026-02-13 16:06:19,"$68,943.74",$1.37T,$41.75B,19.98M BTC,5.23% (24h),,
2026-02-13 16:51:47,"$68,836.93",$1.37T,$41.79B,19.98M BTC,4.65% (24h),,
2026-02-13 17:40:55,"$68,782.20",$1.37T,$41.53B,19.98M BTC,4.36% (24h),,
2026-02-13 18:07:15,"$68,881.45",$1.37T,$41.31B,19.98M BTC,3.76% (24h),,
2026-02-13 18:45:39,"$68,835.22",$1.37T,$40.89B,19.98M BTC,4.02% (24h),,
2026-02-13 19:55:56,"$69,034.63",$1.37T,$40.1B,19.98M BTC,4.65% (24h),,
2026-02-13 22:31:38,"$68,913.41",$1.37T,$37.91B,19.98M BTC,3.35% (24h),,
2026-02-13 23:59:58,"$68,766.66",$1.37T,$37.32B,19.98M BTC,3.71% (24h),,
2026-02-14 00:55:54,"$68,746.70",$1.37T,$37.01B,19.98M BTC,3.65% (24h),,
2026-02-14 01:55:47,"$68,872.61",$1.37T,$36.74B,19.98M BTC,4.09% (24h),,
2026-02-14 02:38:59,"$68,945.58",$1.37T,$36.31B,19.98M BTC,4.14% (24h),,
2026-02-14 02:59:49,"$69,188.68",$1.38T,$36.02B,19.98M BTC,4.6% (24h),,
2026-02-14 03:47:37,"$69,732.05",$1.39T,$37.09B,19.98M BTC,4.83% (24h),,
2026-02-14 04:18:28,"$69,636.64",$1.39T,$37.18B,19.98M BTC,4.49% (24h),,
2026-02-14 04:51:00,"$69,670.85",$1.39T,$37.11B,19.98M BTC,4.05% (24h),,
2026-02-14 05:17:46,"$69,612.70",$1.39T,$37B,19.98M BTC,4.05% (24h),,
2026-02-14 05:50:55,"$69,609.00",$1.39T,$36.85B,19.98M BTC,3.94% (24h),,
2026-02-14 06:15:36,"$70,004.07",$1.39T,$36.89B,19.98M BTC,4.75% (24h),,
2026-02-14 06:42:05,"$70,239.74",$1.4T,$37.86B,19.98M BTC,4.94% (24h),,
2026-02-14 07:00:34,"$70,438.08",$1.4T,$37.98B,19.98M BTC,4.94% (24h),,
2026-02-14 08:10:58,"$69,627.80",$1.39T,$40.11B,19.98M BTC,4% (24h),,
2026-02-14 08:55:23,"$69,322.45",$1.38T,$41.64B,19.98M BTC,2.99% (24h),,
2026-02-14 09:34:35,"$69,577.35",$1.39T,$42.28B,19.98M BTC,3.33% (24h),,
2026-02-14 09:59:55,"$69,744.58",$1.39T,$40.79B,19.98M BTC,3.03% (24h),,
2026-02-14 10:36:36,"$69,902.27",$1.39T,$39.43B,19.98M BTC,1.13% (24h),,
2026-02-14 10:57:42,"$69,771.34",$1.39T,$38.4B,19.98M BTC,1.74% (24h),,
2026-02-14 11:41:20,"$69,518.89",$1.38T,$37.47B,19.98M BTC,0.31% (24h),,
2026-02-14 12:04:27,"$69,648.77",$1.39T,$37.3B,19.98M BTC,0.98% (24h),,
2026-02-14 12:41:13,"$69,750.64",$1.39T,$37.14B,19.98M BTC,0.92% (24h),,
2026-02-14 12:59:22,"$69,682.14",$1.39T,$37.09B,19.98M BTC,0.94% (24h),,
2026-02-14 13:51:06,"$69,744.58",$1.39T,$36.25B,19.98M BTC,0.86% (24h),,
2026-02-14 14:17:04,"$69,615.38",$1.39T,$35.82B,19.98M BTC,0.73% (24h),,
2026-02-14 14:42:22,"$69,813.35",$1.39T,$35.69B,19.98M BTC,1.27% (24h),,
2026-02-14 15:00:25,"$69,828.96",$1.39T,$35.52B,19.98M BTC,1.24% (24h),,
2026-02-14 15:39:16,"$69,811.94",$1.39T,$35.3B,19.98M BTC,1.54% (24h),,
2026-02-14 15:59:09,"$69,983.87",$1.39T,$35.51B,19.98M BTC,1.87% (24h),,
2026-02-14 16:35:03,"$69,901.98",$1.39T,$35.59B,19.98M BTC,1.58% (24h),,
2026-02-14 16:57:01,"$69,870.46",$1.39T,$35.89B,19.98M BTC,1.59% (24h),,
2026-02-14 17:31:37,"$69,931.40",$1.39T,$35.86B,19.98M BTC,1.57% (24h),,
2026-02-14 17:56:17,"$69,968.48",$1.39T,$35.9B,19.98M BTC,1.53% (24h),,
2026-02-14 18:32:14,"$69,794.97",$1.39T,$35.67B,19.98M BTC,1.28% (24h),,
2026-02-14 18:57:01,"$69,766.36",$1.39T,$35.97B,19.98M BTC,1.34% (24h),,
2026-02-14 21:51:10,"$69,432.43",$1.38T,$36.47B,19.98M BTC,0.84% (24h),,
2026-02-14 23:50:14,"$70,285.36",$1.4T,$39.47B,19.98M BTC,2.15% (24h),,
2026-02-15 00:48:21,"$70,341.31",$1.4T,$39.92B,19.98M BTC,2.23% (24h),,
2026-02-15 01:36:26,"$70,493.88",$1.4T,$40.17B,19.98M BTC,2.4% (24h),,
2026-02-15 02:27:38,"$70,615.64",$1.41T,$41.2B,19.98M BTC,2.46% (24h),,
2026-02-15 02:59:12,"$70,753.37",$1.41T,$41.49B,19.98M BTC,2.25% (24h),,
2026-02-15 03:48:13,"$70,370.65",$1.4T,$41.71B,19.98M BTC,0.88% (24h),,
2026-02-15 04:18:58,"$70,538.94",$1.41T,$41.09B,19.98M BTC,1.27% (24h),,
2026-02-15 04:52:46,"$70,387.33",$1.4T,$41.2B,19.98M BTC,1.01% (24h),,
2026-02-15 05:34:19,"$70,349.93",$1.4T,$41.33B,19.98M BTC,1.09% (24h),,
2026-02-15 06:00:35,"$70,414.02",$1.4T,$41.44B,19.98M BTC,1.12% (24h),,
2026-02-15 06:33:54,"$70,337.40",$1.4T,$39.99B,19.98M BTC,0.27% (24h),,
2026-02-15 06:55:28,"$70,247.55",$1.4T,$39.84B,19.98M BTC,0.19% (24h),,
2026-02-15 08:04:44,"$69,389.70",$1.38T,$38.27B,19.98M BTC,0.13% (24h),,
2026-02-15 08:54:00,"$68,854.92",$1.37T,$37.78B,19.98M BTC,0.65% (24h),,
2026-02-15 09:34:44,"$68,969.31",$1.37T,$36.63B,19.98M BTC,0.86% (24h),,
2026-02-15 10:01:07,"$69,165.73",$1.38T,$36.52B,19.98M BTC,0.73% (24h),,
2026-02-15 10:37:08,"$68,934.53",$1.37T,$36.43B,19.98M BTC,1.31% (24h),,
2026-02-15 10:57:41,"$69,058.62",$1.38T,$36.45B,19.98M BTC,1.06% (24h),,
2026-02-15 11:42:11,"$68,955.22",$1.37T,$36.38B,19.98M BTC,0.8% (24h),,
2026-02-15 12:14:34,"$69,007.20",$1.37T,$35.49B,19.98M BTC,1.11% (24h),,
2026-02-15 12:48:07,"$68,398.61",$1.36T,$34.93B,19.98M BTC,1.85% (24h),,
2026-02-15 13:03:06,"$68,482.95",$1.36T,$35.89B,19.98M BTC,1.74% (24h),,
2026-02-15 13:55:38,"$68,421.49",$1.36T,$37.83B,19.98M BTC,1.87% (24h),,
2026-02-15 14:32:31,"$68,406.09",$1.36T,$39.7B,19.98M BTC,2.03% (24h),,
2026-02-15 14:54:36,"$68,316.89",$1.36T,$40.37B,19.98M BTC,2.19% (24h),,
2026-02-15 15:35:33,"$68,469.12",$1.36T,$40.04B,19.98M BTC,1.93% (24h),,
2026-02-15 15:59:05,"$68,430.10",$1.36T,$40.07B,19.98M BTC,2.22% (24h),,
2026-02-15 16:35:32,"$68,775.15",$1.37T,$40.06B,19.98M BTC,1.61% (24h),,
2026-02-15 16:56:45,"$68,858.63",$1.37T,$39.72B,19.98M BTC,1.45% (24h),,
2026-02-15 17:32:22,"$68,965.26",$1.37T,$39.84B,19.98M BTC,1.35% (24h),,
2026-02-15 17:59:57,"$68,920.36",$1.37T,$39.98B,19.98M BTC,1.46% (24h),,
2026-02-15 18:37:50,"$68,623.40",$1.37T,$40.01B,19.99M BTC,1.65% (24h),,
2026-02-15 18:59:34,"$68,783.63",$1.37T,$40.12B,19.99M BTC,1.4% (24h),,
2026-02-15 21:57:00,"$68,240.40",$1.36T,$40.05B,19.99M BTC,1.8% (24h),,
2026-02-16 00:06:43,"$68,621.11",$1.37T,$37.87B,19.99M BTC,2.18% (24h),,
2026-02-16 01:15:59,"$68,345.09",$1.36T,$37.5B,19.99M BTC,2.64% (24h),,
2026-02-16 02:35:14,"$68,559.10",$1.37T,$36.51B,19.99M BTC,3.13% (24h),,
2026-02-16 03:27:23,"$68,696.84",$1.37T,$35.23B,19.99M BTC,2.84% (24h),,
2026-02-16 04:32:25,"$68,870.09",$1.37T,$34.68B,19.99M BTC,2.42% (24h),,
2026-02-16 05:34:21,"$68,848.97",$1.37T,$34.66B,19.99M BTC,2.14% (24h),,
2026-02-16 06:27:47,"$68,589.47",$1.37T,$34.7B,19.99M BTC,2.5% (24h),,
2026-02-16 07:02:46,"$68,806.31",$1.37T,$34.7B,19.99M BTC,2.07% (24h),,
2026-02-16 08:39:02,"$68,363.78",$1.36T,$35.43B,19.99M BTC,0.87% (24h),,
2026-02-16 09:30:41,"$68,364.90",$1.36T,$35.95B,19.99M BTC,0.93% (24h),,
2026-02-16 10:23:37,"$68,335.14",$1.36T,$36.45B,19.99M BTC,0.89% (24h),,
2026-02-16 11:08:49,"$67,683.28",$1.35T,$38.37B,19.99M BTC,1.7% (24h),,
2026-02-16 12:04:36,"$67,867.66",$1.35T,$38.45B,19.99M BTC,1.69% (24h),,
2026-02-16 12:55:38,"$67,928.60",$1.35T,$38.09B,19.99M BTC,0.89% (24h),,
2026-02-16 13:54:17,"$67,940.62",$1.35T,$36.65B,19.99M BTC,0.71% (24h),,
2026-02-16 14:36:53,"$68,009.87",$1.35T,$34.11B,19.99M BTC,0.56% (24h),,
2026-02-16 14:59:43,"$67,887.49",$1.35T,$33.91B,19.99M BTC,0.58% (24h),,
2026-02-16 15:43:02,"$68,231.92",$1.36T,$33.42B,19.99M BTC,0.31% (24h),,
2026-02-16 16:16:46,"$68,571.96",$1.37T,$33.85B,19.99M BTC,0.09% (24h),,
2026-02-16 16:49:35,"$68,515.46",$1.36T,$33.8B,19.99M BTC,0.31% (24h),,
2026-02-16 17:15:57,"$68,760.73",$1.37T,$33.86B,19.99M BTC,0.01% (24h),,
2026-02-16 17:53:19,"$68,514.88",$1.36T,$34.05B,19.99M BTC,0.59% (24h),,
2026-02-16 18:36:31,"$68,621.77",$1.37T,$33.71B,19.99M BTC,0% (24h),,
2026-02-16 19:00:24,"$68,850.98",$1.37T,$33.42B,19.99M BTC,0.1% (24h),,
2026-02-16 21:54:19,"$68,955.93",$1.37T,$33.75B,19.99M BTC,0.91% (24h),,
2026-02-16 23:58:51,"$68,400.00",$1.36T,$33.23B,19.99M BTC,0.62% (24h),,
2026-02-17 01:08:15,"$68,306.68",$1.36T,$33.52B,19.99M BTC,0.1% (24h),,
2026-02-17 02:16:40,"$68,279.55",$1.36T,$33.18B,19.99M BTC,0.39% (24h),,
2026-02-17 03:03:39,"$68,408.66",$1.36T,$33.39B,19.99M BTC,0.22% (24h),,
2026-02-17 04:05:26,"$68,240.74",$1.36T,$33.33B,19.99M BTC,0.97% (24h),,
2026-02-17 05:06:37,"$68,086.29",$1.36T,$33.3B,19.99M BTC,1.17% (24h),,
2026-02-17 06:06:42,"$67,774.95",$1.35T,$33.47B,19.99M BTC,1.5% (24h),,
2026-02-17 06:53:50,"$67,781.61",$1.35T,$33.53B,19.99M BTC,1.33% (24h),,
2026-02-17 08:18:05,"$67,984.31",$1.35T,$31.77B,19.99M BTC,2.46% (24h),,
2026-02-17 09:15:56,"$68,082.87",$1.36T,$30.5B,19.99M BTC,0.42% (24h),,
2026-02-17 10:11:19,"$66,995.49",$1.33T,$31.87B,19.99M BTC,2.19% (24h),,
2026-02-17 11:11:19,"$67,690.53",$1.35T,$32.45B,19.99M BTC,0% (24h),,
2026-02-17 12:18:27,"$67,277.70",$1.34T,$33.55B,19.99M BTC,0.46% (24h),,
2026-02-17 13:11:40,"$67,249.62",$1.34T,$34.36B,19.99M BTC,1.25% (24h),,
2026-02-17 14:17:32,"$67,955.61",$1.35T,$35.24B,19.99M BTC,0.02% (24h),,
2026-02-17 14:56:58,"$67,866.72",$1.35T,$35.61B,19.99M BTC,0.1% (24h),,
2026-02-17 15:47:22,"$67,814.74",$1.35T,$35.88B,19.99M BTC,0.56% (24h),,
2026-02-17 16:22:31,"$67,624.23",$1.35T,$35.56B,19.99M BTC,1.29% (24h),,
2026-02-17 16:57:41,"$67,633.49",$1.35T,$35.79B,19.99M BTC,1.26% (24h),,
2026-02-17 17:42:05,"$67,672.32",$1.35T,$35.18B,19.99M BTC,1.38% (24h),,
2026-02-17 18:16:49,"$67,444.79",$1.34T,$34.83B,19.99M BTC,1.91% (24h),,
2026-02-17 18:49:31,"$67,481.86",$1.34T,$34.93B,19.99M BTC,1.92% (24h),,
2026-02-17 19:59:48,"$67,295.49",$1.34T,$34.28B,19.99M BTC,2.25% (24h),,
2026-02-17 22:45:37,"$67,608.51",$1.35T,$33.74B,19.99M BTC,1.35% (24h),,
2026-02-18 00:17:14,"$67,844.87",$1.35T,$33.59B,19.99M BTC,0.61% (24h),,
2026-02-18 01:19:14,"$67,717.43",$1.35T,$33.26B,19.99M BTC,0.9% (24h),,
2026-02-18 02:32:30,"$67,749.40",$1.35T,$33.34B,19.99M BTC,0.59% (24h),,
2026-02-18 03:26:36,"$68,432.75",$1.36T,$33.63B,19.99M BTC,0.23% (24h),,
2026-02-18 04:14:06,"$68,164.23",$1.36T,$33.77B,19.99M BTC,0.12% (24h),,
2026-02-18 05:10:03,"$68,124.18",$1.36T,$33.57B,19.99M BTC,0.01% (24h),,
2026-02-18 06:08:15,"$67,490.38",$1.34T,$33.51B,19.99M BTC,0.37% (24h),,
2026-02-18 06:55:51,"$67,515.61",$1.34T,$33.94B,19.99M BTC,0.44% (24h),,
2026-02-18 08:19:26,"$67,471.55",$1.34T,$33.42B,19.99M BTC,0.76% (24h),,
2026-02-18 09:15:49,"$67,252.71",$1.34T,$33.1B,19.99M BTC,1.22% (24h),,
2026-02-18 10:10:17,"$67,343.86",$1.34T,$32.54B,19.99M BTC,0.48% (24h),,
2026-02-18 11:11:42,"$67,125.18",$1.34T,$31.4B,19.99M BTC,0.82% (24h),,
2026-02-18 12:23:14,"$67,121.61",$1.34T,$30.83B,19.99M BTC,0.21% (24h),,
2026-02-18 13:09:10,"$67,116.75",$1.34T,$30.47B,19.99M BTC,0.04% (24h),,
2026-02-18 14:16:34,"$66,373.58",$1.32T,$31.08B,19.99M BTC,2.59% (24h),,
2026-02-18 15:01:09,"$66,131.29",$1.32T,$31.8B,19.99M BTC,2.44% (24h),,
2026-02-18 15:54:39,"$66,281.37",$1.32T,$32.23B,19.99M BTC,2.13% (24h),,
2026-02-18 16:41:36,"$66,420.25",$1.32T,$32.71B,19.99M BTC,1.65% (24h),,
2026-02-18 17:06:31,"$66,347.53",$1.32T,$32.93B,19.99M BTC,1.87% (24h),,
2026-02-18 17:54:12,"$66,415.29",$1.32T,$33.06B,19.99M BTC,1.59% (24h),,
2026-02-18 18:36:54,"$66,371.98",$1.32T,$33.04B,19.99M BTC,1.58% (24h),,
2026-02-18 19:00:22,"$66,439.62",$1.32T,$33.28B,19.99M BTC,1.53% (24h),,
2026-02-18 21:56:56,"$66,677.48",$1.33T,$33.11B,19.99M BTC,0.91% (24h),,
2026-02-18 23:59:06,"$66,789.98",$1.33T,$33.16B,19.99M BTC,1.43% (24h),,
2026-02-19 01:07:32,"$66,949.97",$1.33T,$33.03B,19.99M BTC,1.05% (24h),,
2026-02-19 02:16:43,"$67,152.12",$1.34T,$33.02B,19.99M BTC,0.84% (24h),,
2026-02-19 03:02:04,"$67,121.19",$1.34T,$33.21B,19.99M BTC,1.46% (24h),,
2026-02-19 04:04:08,"$66,945.10",$1.33T,$33.11B,19.99M BTC,1.59% (24h),,
2026-02-19 05:05:25,"$66,748.89",$1.33T,$33.25B,19.99M BTC,1.95% (24h),,
2026-02-19 06:06:50,"$66,819.02",$1.33T,$32.97B,19.99M BTC,1.38% (24h),,
2026-02-19 06:53:52,"$66,522.99",$1.32T,$32.42B,19.99M BTC,1.45% (24h),,
2026-02-19 08:20:36,"$66,186.64",$1.32T,$32.91B,19.99M BTC,1.88% (24h),,
2026-02-19 09:30:34,"$65,950.84",$1.31T,$33.51B,19.99M BTC,1.69% (24h),,
2026-02-19 10:27:02,"$66,107.05",$1.32T,$33.18B,19.99M BTC,1.85% (24h),,
2026-02-19 11:29:10,"$66,145.59",$1.32T,$33.01B,19.99M BTC,1.73% (24h),,
2026-02-19 12:33:16,"$66,568.62",$1.33T,$33.48B,19.99M BTC,0.84% (24h),,
2026-02-19 13:33:45,"$66,831.45",$1.33T,$33.69B,19.99M BTC,0.17% (24h),,
2026-02-19 14:29:39,"$66,916.65",$1.33T,$33.06B,19.99M BTC,1.12% (24h),,
2026-02-19 15:02:02,"$67,037.58",$1.34T,$32.36B,19.99M BTC,1.36% (24h),,
2026-02-19 15:50:30,"$67,105.06",$1.34T,$31.91B,19.99M BTC,1% (24h),,
2026-02-19 16:21:54,"$67,000.98",$1.33T,$31.23B,19.99M BTC,1.01% (24h),,
2026-02-19 16:57:44,"$66,912.99",$1.33T,$31.32B,19.99M BTC,0.89% (24h),,
2026-02-19 17:41:11,"$66,686.16",$1.33T,$31.35B,19.99M BTC,0.49% (24h),,
2026-02-19 18:07:28,"$66,823.03",$1.33T,$31.41B,19.99M BTC,0.85% (24h),,
2026-02-19 18:46:15,"$66,974.90",$1.33T,$31.45B,19.99M BTC,0.81% (24h),,
2026-02-19 19:54:40,"$67,200.29",$1.34T,$31.94B,19.99M BTC,1.24% (24h),,
2026-02-19 22:35:35,"$67,386.99",$1.34T,$31.17B,19.99M BTC,0.83% (24h),,
2026-02-20 00:09:00,"$67,202.55",$1.34T,$31.62B,19.99M BTC,0.79% (24h),,
2026-02-20 01:10:24,"$67,823.27",$1.35T,$32.83B,19.99M BTC,1.32% (24h),,
2026-02-20 02:16:58,"$67,827.00",$1.35T,$32.8B,19.99M BTC,1.01% (24h),,
2026-02-20 03:01:34,"$67,822.50",$1.35T,$32.65B,19.99M BTC,1% (24h),,
2026-02-20 03:56:26,"$67,852.40",$1.35T,$32.58B,19.99M BTC,1.45% (24h),,
2026-02-20 04:51:20,"$68,135.85",$1.36T,$33.19B,19.99M BTC,1.96% (24h),,
2026-02-20 05:29:45,"$68,246.15",$1.36T,$33.13B,19.99M BTC,2.06% (24h),,
2026-02-20 06:08:14,"$67,926.89",$1.35T,$33.41B,19.99M BTC,1.64% (24h),,
2026-02-20 06:47:38,"$67,487.51",$1.34T,$33.88B,19.99M BTC,1.27% (24h),,
2026-02-20 07:27:38,"$67,403.92",$1.34T,$34.33B,19.99M BTC,1.2% (24h),,
2026-02-20 08:43:07,"$66,514.63",$1.32T,$35.28B,19.99M BTC,0.77% (24h),,
2026-02-20 09:30:57,"$66,893.79",$1.33T,$38.11B,19.99M BTC,1.43% (24h),,
2026-02-20 10:23:51,"$67,350.97",$1.34T,$39.63B,19.99M BTC,2.06% (24h),,
2026-02-20 11:04:43,"$67,722.48",$1.35T,$40.95B,19.99M BTC,2.39% (24h),,
2026-02-20 11:58:57,"$67,758.25",$1.35T,$41.86B,19.99M BTC,2.22% (24h),,
2026-02-20 12:49:48,"$67,280.59",$1.34T,$41.64B,19.99M BTC,1.13% (24h),,
2026-02-20 13:29:28,"$67,612.84",$1.35T,$45.76B,19.99M BTC,1.1% (24h),,
2026-02-20 14:24:09,"$67,733.53",$1.35T,$46.33B,19.99M BTC,1.06% (24h),,
2026-02-20 14:56:10,"$67,585.10",$1.35T,$46.35B,19.99M BTC,0.83% (24h),,
2026-02-20 15:40:38,"$67,673.90",$1.35T,$46.67B,19.99M BTC,1.15% (24h),,
2026-02-20 16:02:12,"$67,771.00",$1.35T,$46.89B,19.99M BTC,1.04% (24h),,
2026-02-20 16:38:07,"$67,753.64",$1.35T,$47.1B,19.99M BTC,1.07% (24h),,
2026-02-20 16:57:47,"$67,790.68",$1.35T,$47.17B,19.99M BTC,1.33% (24h),,
2026-02-20 17:36:05,"$68,011.51",$1.35T,$47.15B,19.99M BTC,2.02% (24h),,
2026-02-20 18:02:26,"$68,115.43",$1.36T,$47.18B,19.99M BTC,1.82% (24h),,
2026-02-20 18:43:08,"$67,929.70",$1.35T,$47.37B,19.99M BTC,1.51% (24h),,
2026-02-20 19:03:16,"$67,985.86",$1.35T,$47.5B,19.99M BTC,1.49% (24h),,
2026-02-20 21:48:34,"$67,982.40",$1.35T,$46.53B,19.99M BTC,1.06% (24h),,
2026-02-20 23:23:18,"$67,597.87",$1.35T,$46.52B,19.99M BTC,0.62% (24h),,
2026-02-21 00:29:29,"$67,829.56",$1.35T,$46.29B,19.99M BTC,0.7% (24h),,
2026-02-21 01:05:42,"$67,860.63",$1.35T,$45.2B,19.99M BTC,0.17% (24h),,
2026-02-21 02:01:36,"$67,749.27",$1.35T,$44.64B,19.99M BTC,0.11% (24h),,
2026-02-21 02:42:41,"$67,840.63",$1.35T,$43.73B,19.99M BTC,0.04% (24h),,
2026-02-21 03:02:50,"$67,816.35",$1.35T,$44.06B,19.99M BTC,0% (24h),,
2026-02-21 03:49:08,"$67,960.48",$1.35T,$43.97B,19.99M BTC,0.27% (24h),,
2026-02-21 04:18:22,"$68,111.32",$1.36T,$43.11B,19.99M BTC,0.03% (24h),,
2026-02-21 04:50:17,"$68,183.83",$1.36T,$43.61B,19.99M BTC,0.08% (24h),,
2026-02-21 05:14:24,"$68,176.67",$1.36T,$43.43B,19.99M BTC,0.02% (24h),,
2026-02-21 05:49:01,"$68,180.33",$1.36T,$43.36B,19.99M BTC,0.2% (24h),,
2026-02-21 06:12:44,"$68,226.30",$1.36T,$42.85B,19.99M BTC,0.64% (24h),,
2026-02-21 06:41:53,"$68,122.05",$1.36T,$40.87B,19.99M BTC,0.64% (24h),,
2026-02-21 06:57:16,"$68,091.07",$1.36T,$41.84B,19.99M BTC,0.95% (24h),,
2026-02-21 08:02:26,"$68,161.21",$1.36T,$40.77B,19.99M BTC,1.27% (24h),,
2026-02-21 08:52:50,"$68,209.79",$1.36T,$38.65B,19.99M BTC,2.22% (24h),,
2026-02-21 09:33:09,"$68,508.23",$1.36T,$34.17B,19.99M BTC,2.06% (24h),,
2026-02-21 09:58:52,"$68,450.14",$1.36T,$32.96B,19.99M BTC,2.11% (24h),,
2026-02-21 10:35:55,"$68,503.62",$1.36T,$31.19B,19.99M BTC,2.12% (24h),,
2026-02-21 10:57:01,"$68,609.27",$1.37T,$30.68B,19.99M BTC,1.41% (24h),,
2026-02-21 11:38:45,"$68,321.20",$1.36T,$29.28B,19.99M BTC,1.31% (24h),,
2026-02-21 12:02:09,"$68,329.36",$1.36T,$28.65B,19.99M BTC,0.93% (24h),,
2026-02-21 12:41:59,"$68,343.72",$1.36T,$27.15B,19.99M BTC,1.66% (24h),,
2026-02-21 12:59:45,"$68,392.11",$1.36T,$25.03B,19.99M BTC,1.2% (24h),,
2026-02-21 13:51:57,"$68,586.58",$1.37T,$21.86B,19.99M BTC,1.28% (24h),,
2026-02-21 14:18:25,"$68,573.24",$1.37T,$21.24B,19.99M BTC,1.27% (24h),,
2026-02-21 14:43:21,"$68,577.02",$1.37T,$20.99B,19.99M BTC,1.4% (24h),,
2026-02-21 14:59:46,"$68,511.31",$1.36T,$20.86B,19.99M BTC,1.29% (24h),,
2026-02-21 15:38:08,"$68,432.60",$1.36T,$20.17B,19.99M BTC,1.26% (24h),,
2026-02-21 15:57:39,"$68,334.02",$1.36T,$20B,19.99M BTC,0.9% (24h),,
2026-02-21 16:32:14,"$68,341.91",$1.36T,$19.48B,19.99M BTC,0.94% (24h),,
2026-02-21 16:55:50,"$68,358.33",$1.36T,$19.49B,19.99M BTC,0.85% (24h),,
2026-02-21 17:31:49,"$68,263.59",$1.36T,$19.15B,19.99M BTC,0.56% (24h),,
2026-02-21 17:58:16,"$68,017.62",$1.35T,$18.9B,19.99M BTC,0.03% (24h),,
2026-02-21 18:34:28,"$68,060.25",$1.36T,$18.6B,19.99M BTC,0.1% (24h),,
2026-02-21 18:56:27,"$67,987.33",$1.35T,$18.38B,19.99M BTC,0.01% (24h),,
2026-02-21 21:43:20,"$67,977.51",$1.35T,$18.05B,19.99M BTC,0.04% (24h),,
2026-02-21 23:33:22,"$67,995.94",$1.35T,$17.63B,19.99M BTC,0.46% (24h),,
2026-02-22 00:41:05,"$67,925.28",$1.35T,$17.76B,19.99M BTC,0.18% (24h),,
2026-02-22 01:31:06,"$68,091.89",$1.36T,$17.61B,19.99M BTC,0.35% (24h),,
2026-02-22 02:24:53,"$67,997.66",$1.35T,$17.9B,19.99M BTC,0.25% (24h),,
2026-02-22 02:57:02,"$67,993.26",$1.35T,$17.97B,19.99M BTC,0.24% (24h),,
2026-02-22 03:41:02,"$67,964.97",$1.35T,$17.86B,19.99M BTC,0.04% (24h),,
2026-02-22 04:05:36,"$67,982.95",$1.35T,$17.71B,19.99M BTC,0.05% (24h),,
2026-02-22 04:46:44,"$68,040.11",$1.36T,$17.21B,19.99M BTC,0.19% (24h),,
2026-02-22 05:02:45,"$68,025.15",$1.36T,$17.08B,19.99M BTC,0.2% (24h),,
2026-02-22 05:45:01,"$68,090.92",$1.36T,$17.01B,19.99M BTC,0.13% (24h),,
2026-02-22 06:03:58,"$68,180.61",$1.36T,$16.87B,19.99M BTC,0.04% (24h),,
2026-02-22 06:35:05,"$68,222.72",$1.36T,$16.9B,19.99M BTC,0.15% (24h),,
2026-02-22 06:54:18,"$68,178.47",$1.36T,$16.8B,19.99M BTC,0.12% (24h),,
2026-02-22 08:04:10,"$67,999.24",$1.35T,$16.71B,19.99M BTC,0.23% (24h),,
2026-02-22 08:52:31,"$67,611.22",$1.35T,$17.23B,19.99M BTC,0.87% (24h),,
2026-02-22 09:33:29,"$67,641.07",$1.35T,$17.55B,19.99M BTC,1.26% (24h),,
2026-02-22 09:58:56,"$67,434.84",$1.34T,$17.24B,19.99M BTC,1.48% (24h),,
2026-02-22 10:35:57,"$67,638.45",$1.35T,$17.59B,19.99M BTC,1.27% (24h),,
2026-02-22 10:57:10,"$67,711.64",$1.35T,$17.84B,19.99M BTC,1.31% (24h),,
2026-02-22 11:39:38,"$67,513.96",$1.34T,$17.28B,19.99M BTC,1.17% (24h),,
2026-02-22 12:04:26,"$67,582.07",$1.35T,$17.28B,19.99M BTC,1.07% (24h),,
2026-02-22 12:41:07,"$67,289.36",$1.34T,$17.5B,19.99M BTC,1.53% (24h),,
2026-02-22 13:00:07,"$67,338.45",$1.34T,$17.87B,19.99M BTC,1.54% (24h),,
2026-02-22 13:52:04,"$67,399.77",$1.34T,$17.95B,19.99M BTC,1.72% (24h),,
2026-02-22 14:31:48,"$67,383.14",$1.34T,$17.85B,19.99M BTC,1.73% (24h),,
2026-02-22 14:51:56,"$67,425.94",$1.34T,$17.82B,19.99M BTC,1.63% (24h),,
2026-02-22 15:35:00,"$67,371.22",$1.34T,$17.84B,19.99M BTC,1.71% (24h),,
2026-02-22 15:58:44,"$67,356.39",$1.34T,$17.74B,19.99M BTC,1.44% (24h),,
2026-02-22 16:34:56,"$67,481.23",$1.34T,$17.59B,19.99M BTC,1.25% (24h),,
2026-02-22 16:57:13,"$67,582.19",$1.35T,$17.74B,19.99M BTC,1.11% (24h),,
2026-02-22 17:32:17,"$67,540.52",$1.35T,$17.73B,19.99M BTC,1.05% (24h),,
2026-02-22 17:59:46,"$67,656.01",$1.35T,$17.75B,19.99M BTC,0.42% (24h),,
2026-02-22 18:36:58,"$67,542.59",$1.35T,$17.95B,19.99M BTC,0.8% (24h),,
2026-02-22 18:58:07,"$67,683.79",$1.35T,$17.87B,19.99M BTC,0.45% (24h),,
2026-02-22 21:56:20,"$64,707.88",$1.29T,$28.13B,19.99M BTC,4.81% (24h),,
2026-02-23 00:04:20,"$64,841.40",$1.29T,$30.5B,19.99M BTC,4.61% (24h),,
2026-02-23 01:16:01,"$65,342.98",$1.3T,$31.81B,19.99M BTC,3.92% (24h),,
2026-02-23 02:36:00,"$65,769.02",$1.31T,$33.95B,19.99M BTC,3.32% (24h),,
2026-02-23 03:28:58,"$65,690.91",$1.31T,$35.27B,19.99M BTC,3.26% (24h),,
2026-02-23 04:32:34,"$66,159.83",$1.32T,$36.09B,19.99M BTC,2.69% (24h),,
2026-02-23 05:34:44,"$66,287.15",$1.32T,$37.39B,19.99M BTC,2.62% (24h),,
2026-02-23 06:27:28,"$66,332.03",$1.32T,$37.92B,19.99M BTC,2.74% (24h),,
2026-02-23 07:03:50,"$66,189.16",$1.32T,$38.54B,19.99M BTC,2.93% (24h),,
2026-02-23 08:41:54,"$66,268.14",$1.32T,$39.4B,19.99M BTC,1.98% (24h),,
2026-02-23 09:35:58,"$66,031.51",$1.32T,$39.38B,19.99M BTC,2.38% (24h),,
2026-02-23 10:31:13,"$65,757.28",$1.31T,$40.33B,19.99M BTC,2.65% (24h),,
2026-02-23 11:33:48,"$65,545.98",$1.31T,$41.86B,19.99M BTC,2.97% (24h),,
2026-02-23 12:46:43,"$64,392.33",$1.28T,$44.13B,19.99M BTC,4.27% (24h),,
2026-02-23 13:43:39,"$64,964.33",$1.29T,$45.43B,19.99M BTC,3.54% (24h),,
2026-02-23 14:48:25,"$64,213.26",$1.28T,$47.87B,19.99M BTC,4.77% (24h),,
2026-02-23 15:31:25,"$64,047.92",$1.28T,$48.83B,19.99M BTC,4.96% (24h),,
2026-02-23 16:27:42,"$64,514.66",$1.28T,$50.14B,19.99M BTC,4.36% (24h),,
2026-02-23 17:10:31,"$64,883.57",$1.29T,$50.41B,19.99M BTC,3.88% (24h),,
2026-02-23 18:03:08,"$64,721.13",$1.29T,$51.08B,19.99M BTC,4.26% (24h),,
2026-02-23 18:48:01,"$64,630.32",$1.29T,$51.36B,19.99M BTC,4.21% (24h),,
2026-02-23 19:55:26,"$64,931.71",$1.29T,$50.93B,19.99M BTC,3.26% (24h),,
2026-02-23 22:39:08,"$63,685.42",$1.27T,$44.25B,19.99M BTC,1.84% (24h),,
2026-02-24 00:13:53,"$63,490.44",$1.26T,$44.82B,19.99M BTC,2.41% (24h),,
2026-02-24 01:16:21,"$63,129.93",$1.26T,$46.03B,19.99M BTC,3.39% (24h),,
2026-02-24 02:31:42,"$63,235.47",$1.26T,$45.18B,19.99M BTC,3.76% (24h),,
2026-02-24 03:09:15,"$63,126.38",$1.26T,$45.25B,19.99M BTC,4.02% (24h),,
2026-02-24 04:08:04,"$63,273.92",$1.26T,$45.08B,19.99M BTC,3.83% (24h),,
2026-02-24 05:09:40,"$63,175.21",$1.26T,$44.5B,19.99M BTC,4.87% (24h),,
2026-02-24 06:57:18,"$63,187.43",$1.26T,$44.13B,19.99M BTC,4.51% (24h),,
2026-02-24 08:21:07,"$62,952.83",$1.25T,$43.84B,19.99M BTC,4.9% (24h),,
2026-02-24 09:32:33,"$62,899.66",$1.25T,$43.76B,19.99M BTC,4.88% (24h),,
2026-02-24 10:52:41,"$63,800.03",$1.27T,$44.31B,19.99M BTC,2.93% (24h),,
2026-02-24 12:22:13,"$64,251.64",$1.28T,$44.68B,19.99M BTC,0.81% (24h),,
2026-02-24 12:47:25,"$64,145.00",$1.28T,$43.37B,19.99M BTC,0.5% (24h),,
2026-02-24 13:42:38,"$64,431.00",$1.28T,$44.17B,19.99M BTC,0.87% (24h),,
2026-02-24 14:42:34,"$64,495.66",$1.28T,$44.01B,19.99M BTC,0.38% (24h),,
2026-02-24 15:21:06,"$64,484.72",$1.28T,$42.28B,19.99M BTC,0.75% (24h),,
2026-02-24 16:01:51,"$64,278.85",$1.28T,$41.91B,19.99M BTC,0.34% (24h),,
2026-02-24 16:49:36,"$64,061.59",$1.28T,$41.67B,19.99M BTC,0.95% (24h),,
2026-02-24 17:20:47,"$64,176.17",$1.28T,$41.37B,19.99M BTC,1.12% (24h),,
2026-02-24 17:58:49,"$64,095.92",$1.28T,$40.85B,19.99M BTC,0.96% (24h),,
2026-02-24 18:42:58,"$64,229.30",$1.28T,$40.9B,19.99M BTC,0.72% (24h),,
2026-02-24 20:01:09,"$64,188.30",$1.28T,$40.39B,19.99M BTC,1.04% (24h),,
2026-02-24 22:44:11,"$65,463.35",$1.3T,$42.16B,19.99M BTC,2.85% (24h),,
2026-02-25 00:17:33,"$65,335.78",$1.3T,$40.43B,19.99M BTC,3.04% (24h),,
2026-02-25 01:37:41,"$65,069.35",$1.3T,$39.92B,19.99M BTC,3.02% (24h),,
2026-02-25 02:39:19,"$65,035.55",$1.3T,$39.46B,19.99M BTC,2.88% (24h),,
2026-02-25 03:36:08,"$65,269.20",$1.3T,$39.5B,19.99M BTC,3.1% (24h),,
2026-02-25 04:32:42,"$65,500.52",$1.3T,$39.67B,19.99M BTC,3.72% (24h),,
2026-02-25 05:34:43,"$65,363.13",$1.3T,$39.57B,19.99M BTC,3.39% (24h),,
2026-02-25 06:37:31,"$65,369.80",$1.3T,$38.74B,19.99M BTC,3.59% (24h),,
2026-02-25 07:04:05,"$65,432.05",$1.3T,$38.86B,19.99M BTC,3.62% (24h),,
2026-02-25 08:43:38,"$66,330.88",$1.32T,$39.15B,19.99M BTC,5.22% (24h),,
2026-02-25 09:41:38,"$66,418.79",$1.32T,$39.54B,19.99M BTC,5.03% (24h),,
2026-02-25 10:44:52,"$67,511.72",$1.34T,$41.28B,19.99M BTC,5.9% (24h),,
2026-02-25 11:55:09,"$68,055.44",$1.36T,$43.03B,19.99M BTC,6.49% (24h),,
2026-02-25 13:05:04,"$68,460.09",$1.36T,$45.17B,19.99M BTC,6.53% (24h),,
2026-02-25 14:20:58,"$68,958.50",$1.37T,$47.68B,19.99M BTC,7.28% (24h),,
2026-02-25 14:58:38,"$69,070.04",$1.38T,$48.81B,19.99M BTC,7.15% (24h),,
2026-02-25 15:47:58,"$69,261.62",$1.38T,$48.33B,19.99M BTC,7.37% (24h),,
2026-02-25 16:24:16,"$69,047.08",$1.38T,$49.83B,19.99M BTC,7.76% (24h),,
2026-02-25 16:59:35,"$68,920.35",$1.37T,$51.63B,19.99M BTC,7.57% (24h),,
2026-02-25 17:47:23,"$68,505.66",$1.36T,$52.12B,19.99M BTC,6.84% (24h),,
2026-02-25 18:18:12,"$68,492.59",$1.36T,$52.75B,19.99M BTC,6.88% (24h),,
2026-02-25 18:49:39,"$67,727.91",$1.35T,$53.36B,19.99M BTC,5.63% (24h),,
2026-02-25 19:55:40,"$68,329.21",$1.36T,$54.74B,19.99M BTC,6.29% (24h),,
2026-02-25 22:36:20,"$68,259.13",$1.36T,$51.67B,19.99M BTC,4.15% (24h),,
2026-02-26 00:12:29,"$68,315.90",$1.36T,$50.93B,19.99M BTC,4.43% (24h),,
2026-02-26 01:15:50,"$68,454.39",$1.36T,$54.61B,19.99M BTC,5.33% (24h),,
2026-02-26 02:31:35,"$68,181.79",$1.36T,$54.73B,19.99M BTC,4.65% (24h),,
2026-02-26 03:10:27,"$67,906.00",$1.35T,$55.17B,19.99M BTC,4.44% (24h),,
2026-02-26 04:06:11,"$68,049.29",$1.36T,$55.34B,19.99M BTC,3.86% (24h),,
2026-02-26 05:06:12,"$68,579.76",$1.37T,$55.84B,19.99M BTC,4.64% (24h),,
2026-02-26 06:06:18,"$68,354.42",$1.36T,$56.31B,19.99M BTC,4.75% (24h),,
2026-02-26 06:54:28,"$68,009.64",$1.35T,$56.26B,19.99M BTC,3.96% (24h),,
2026-02-26 08:20:51,"$68,024.36",$1.36T,$55.06B,19.99M BTC,2.93% (24h),,
2026-02-26 09:30:51,"$67,862.93",$1.35T,$54.27B,19.99M BTC,1.93% (24h),,
2026-02-26 10:30:35,"$67,008.78",$1.33T,$53.66B,19.99M BTC,0.07% (24h),,
2026-02-26 11:33:26,"$67,282.28",$1.34T,$52.41B,19.99M BTC,0.91% (24h),,
2026-02-26 12:44:48,"$66,728.36",$1.33T,$51.68B,19.99M BTC,2.94% (24h),,
2026-02-26 13:34:27,"$67,218.93",$1.34T,$49.77B,19.99M BTC,3.03% (24h),,
2026-02-26 14:32:14,"$67,670.48",$1.35T,$48.88B,19.99M BTC,1.83% (24h),,
2026-02-26 15:07:23,"$67,784.64",$1.35T,$48.8B,19.99M BTC,1.64% (24h),,
2026-02-26 15:55:45,"$67,358.76",$1.34T,$48.22B,19.99M BTC,2.72% (24h),,
2026-02-26 16:39:13,"$67,403.29",$1.34T,$47.43B,19.99M BTC,3.01% (24h),,
2026-02-26 17:03:11,"$67,450.01",$1.34T,$45.91B,19.99M BTC,2.23% (24h),,
2026-02-26 17:53:32,"$67,558.72",$1.35T,$44.94B,19.99M BTC,0.84% (24h),,
2026-02-26 18:36:59,"$67,600.13",$1.35T,$43.81B,19.99M BTC,0.81% (24h),,
2026-02-26 19:00:30,"$67,472.52",$1.34T,$43.01B,19.99M BTC,0.74% (24h),,
2026-02-26 21:50:08,"$67,466.87",$1.34T,$41.29B,19.99M BTC,0.99% (24h),,
2026-02-26 23:29:23,"$67,954.46",$1.35T,$41.55B,19.99M BTC,0.95% (24h),,
2026-02-27 00:40:31,"$67,853.05",$1.35T,$41.86B,19.99M BTC,0.75% (24h),,
2026-02-27 01:34:38,"$67,616.79",$1.35T,$40.79B,19.99M BTC,0.8% (24h),,
2026-02-27 02:33:40,"$67,564.85",$1.35T,$41.02B,19.99M BTC,0.89% (24h),,
2026-02-27 03:07:44,"$67,835.31",$1.35T,$41.28B,19.99M BTC,0.09% (24h),,
2026-02-27 04:00:35,"$67,942.11",$1.35T,$40.91B,19.99M BTC,0.01% (24h),,
2026-02-27 04:57:03,"$67,446.01",$1.34T,$41.4B,19.99M BTC,1.63% (24h),,
2026-02-27 05:47:21,"$66,788.31",$1.33T,$42.08B,19.99M BTC,2.4% (24h),,
2026-02-27 06:23:30,"$66,504.74",$1.32T,$42.28B,19.99M BTC,2.51% (24h),,
2026-02-27 06:55:59,"$66,028.85",$1.32T,$43.06B,19.99M BTC,2.9% (24h),,
2026-02-27 08:12:23,"$66,074.95",$1.32T,$44.65B,19.99M BTC,2.91% (24h),,
2026-02-27 09:08:03,"$66,243.15",$1.32T,$45.27B,19.99M BTC,2.18% (24h),,
2026-02-27 09:59:20,"$65,868.74",$1.31T,$44.67B,19.99M BTC,2.67% (24h),,
2026-02-27 10:50:10,"$66,116.84",$1.32T,$43.22B,19.99M BTC,2% (24h),,
2026-02-27 11:25:55,"$66,027.40",$1.32T,$42.78B,19.99M BTC,1.94% (24h),,
2026-02-27 12:06:40,"$65,604.00",$1.31T,$41.56B,19.99M BTC,1.95% (24h),,
2026-02-27 12:54:12,"$65,591.24",$1.31T,$41.88B,19.99M BTC,1.86% (24h),,
2026-02-27 13:55:06,"$65,266.15",$1.3T,$41.13B,19.99M BTC,2.97% (24h),,
2026-02-27 14:38:54,"$65,368.87",$1.3T,$40.48B,19.99M BTC,3.33% (24h),,
2026-02-27 15:01:14,"$65,421.34",$1.3T,$40.29B,19.99M BTC,3.27% (24h),,
2026-02-27 15:41:00,"$65,634.40",$1.31T,$40.23B,19.99M BTC,2.62% (24h),,
2026-02-27 16:03:48,"$65,591.83",$1.31T,$40.08B,19.99M BTC,2.68% (24h),,
2026-02-27 16:43:57,"$65,618.01",$1.31T,$39.83B,19.99M BTC,2.67% (24h),,
2026-02-27 17:02:48,"$65,539.73",$1.31T,$40B,19.99M BTC,2.85% (24h),,
2026-02-27 17:43:11,"$65,469.23",$1.3T,$40.27B,19.99M BTC,3.08% (24h),,
2026-02-27 18:03:07,"$65,659.81",$1.31T,$40.45B,19.99M BTC,2.71% (24h),,
2026-02-27 18:37:47,"$65,937.02",$1.31T,$40.48B,19.99M BTC,2.44% (24h),,
2026-02-27 18:56:55,"$65,860.50",$1.31T,$40.27B,19.99M BTC,2.41% (24h),,
2026-02-27 21:25:47,"$65,921.34",$1.31T,$38.77B,19.99M BTC,2.19% (24h),,
2026-02-27 23:08:16,"$65,785.55",$1.31T,$37.85B,19.99M BTC,2.84% (24h),,
2026-02-28 00:04:29,"$65,643.01",$1.31T,$36.8B,19.99M BTC,3.22% (24h),,
2026-02-28 00:49:46,"$65,531.72",$1.31T,$36.41B,19.99M BTC,3.32% (24h),,
2026-02-28 01:21:10,"$65,003.69",$1.29T,$36.3B,19.99M BTC,3.91% (24h),,
2026-02-28 02:02:20,"$63,521.53",$1.27T,$39.6B,19.99M BTC,6.13% (24h),,
2026-02-28 02:39:06,"$64,144.96",$1.28T,$41.36B,19.99M BTC,5.02% (24h),,
2026-02-28 02:55:56,"$63,922.99",$1.27T,$42.04B,19.99M BTC,5.62% (24h),,
2026-02-28 03:37:48,"$63,639.42",$1.27T,$41.77B,19.99M BTC,6.13% (24h),,
2026-02-28 04:00:13,"$63,463.76",$1.26T,$41.99B,19.99M BTC,6.6% (24h),,
2026-02-28 04:37:08,"$63,639.25",$1.27T,$41.4B,19.99M BTC,6.25% (24h),,
2026-02-28 04:55:20,"$63,697.98",$1.27T,$41.48B,19.99M BTC,5.39% (24h),,
2026-02-28 05:31:41,"$63,889.17",$1.27T,$41.86B,19.99M BTC,4.43% (24h),,
2026-02-28 05:53:00,"$63,917.85",$1.27T,$41.52B,19.99M BTC,4.2% (24h),,
2026-02-28 06:26:25,"$64,128.74",$1.28T,$41.55B,19.99M BTC,3.77% (24h),,
2026-02-28 06:45:00,"$64,023.68",$1.28T,$41.58B,19.99M BTC,3.05% (24h),,
2026-02-28 06:59:40,"$63,842.33",$1.27T,$41.36B,19.99M BTC,3.48% (24h),,
2026-02-28 08:04:58,"$63,943.92",$1.27T,$40.17B,19.99M BTC,3.23% (24h),,
2026-02-28 08:48:45,"$64,401.09",$1.28T,$39.24B,19.99M BTC,2.64% (24h),,
2026-02-28 09:02:15,"$65,133.77",$1.3T,$39.75B,19.99M BTC,1.72% (24h),,
2026-02-28 09:38:23,"$65,122.94",$1.3T,$40.66B,19.99M BTC,1.72% (24h),,
2026-02-28 09:56:24,"$64,457.73",$1.28T,$40.43B,19.99M BTC,2.14% (24h),,
2026-02-28 10:30:00,"$64,797.68",$1.29T,$40.05B,19.99M BTC,2.03% (24h),,
2026-02-28 10:49:34,"$64,825.68",$1.29T,$40.26B,19.99M BTC,1.91% (24h),,
2026-02-28 11:01:32,"$64,790.00",$1.29T,$40.28B,19.99M BTC,1.96% (24h),,
2026-02-28 11:39:56,"$64,917.48",$1.29T,$39.66B,19.99M BTC,1.55% (24h),,
2026-02-28 11:58:31,"$65,154.03",$1.3T,$39.3B,19.99M BTC,0.53% (24h),,
2026-02-28 12:30:14,"$65,106.18",$1.3T,$38.59B,19.99M BTC,0.15% (24h),,
2026-02-28 12:49:44,"$65,110.28",$1.3T,$38.33B,19.99M BTC,0.44% (24h),,
2026-02-28 13:02:07,"$65,368.76",$1.3T,$38.27B,19.99M BTC,0.48% (24h),,
2026-02-28 13:50:10,"$65,719.50",$1.31T,$38B,19.99M BTC,0.37% (24h),,
2026-02-28 14:13:19,"$65,787.62",$1.31T,$38.6B,19.99M BTC,0.75% (24h),,
2026-02-28 14:37:38,"$66,333.69",$1.32T,$38.16B,19.99M BTC,1.49% (24h),,
2026-02-28 14:52:24,"$66,522.65",$1.33T,$39.29B,19.99M BTC,1.72% (24h),,
2026-02-28 15:33:43,"$66,719.37",$1.33T,$39.61B,19.99M BTC,1.9% (24h),,
2026-02-28 15:56:03,"$66,951.02",$1.33T,$39.7B,19.99M BTC,2.03% (24h),,
2026-02-28 16:28:05,"$66,497.08",$1.32T,$40.09B,19.99M BTC,1.19% (24h),,
2026-02-28 16:46:50,"$66,921.05",$1.33T,$40.43B,19.99M BTC,1.97% (24h),,
2026-02-28 16:59:26,"$66,743.06",$1.33T,$40.72B,19.99M BTC,1.86% (24h),,
2026-02-28 17:34:15,"$67,201.28",$1.34T,$41.32B,19.99M BTC,2.72% (24h),,
2026-02-28 17:55:52,"$67,244.84",$1.34T,$41.53B,19.99M BTC,2.49% (24h),,
2026-02-28 18:29:43,"$66,913.26",$1.33T,$41.79B,19.99M BTC,1.63% (24h),,
2026-02-28 18:48:54,"$66,998.71",$1.33T,$41.82B,19.99M BTC,1.68% (24h),,
2026-02-28 19:01:53,"$67,000.02",$1.33T,$41.86B,19.99M BTC,1.75% (24h),,
2026-02-28 22:22:04,"$67,601.03",$1.35T,$47.08B,19.99M BTC,2.54% (24h),,
2026-03-01 00:09:11,"$67,270.14",$1.34T,$48.82B,19.99M BTC,2.39% (24h),,
2026-03-01 01:05:14,"$67,267.03",$1.34T,$49.13B,19.99M BTC,2.58% (24h),,
2026-03-01 02:04:30,"$66,847.40",$1.33T,$46.52B,19.99M BTC,5.4% (24h),,
2026-03-01 02:47:00,"$67,137.00",$1.34T,$43.92B,19.99M BTC,4.93% (24h),,
2026-03-01 03:02:16,"$67,150.31",$1.34T,$43.56B,19.99M BTC,5.51% (24h),,
2026-03-01 03:48:58,"$67,031.57",$1.34T,$43.29B,19.99M BTC,5.29% (24h),,
2026-03-01 04:18:09,"$66,728.91",$1.33T,$43.81B,19.99M BTC,4.85% (24h),,
2026-03-01 04:49:02,"$66,288.35",$1.32T,$43.6B,19.99M BTC,4.27% (24h),,
2026-03-01 05:02:32,"$66,436.04",$1.32T,$43.61B,19.99M BTC,4.42% (24h),,
2026-03-01 05:43:53,"$66,481.63",$1.32T,$42.6B,19.99M BTC,3.93% (24h),,
2026-03-01 06:02:16,"$66,470.30",$1.32T,$42.57B,19.99M BTC,3.8% (24h),,
2026-03-01 06:32:54,"$66,567.53",$1.33T,$42.05B,19.99M BTC,3.6% (24h),,
2026-03-01 06:53:05,"$66,446.10",$1.32T,$41.08B,19.99M BTC,3.77% (24h),,
2026-03-01 08:01:36,"$66,318.49",$1.32T,$40.87B,19.99M BTC,3.48% (24h),,
2026-03-01 08:48:04,"$66,356.50",$1.32T,$40.79B,19.99M BTC,3.34% (24h),,
2026-03-01 09:13:18,"$67,117.19",$1.34T,$40.23B,19.99M BTC,3.29% (24h),,
2026-03-01 09:46:23,"$66,853.69",$1.33T,$39.77B,19.99M BTC,2.83% (24h),,
2026-03-01 10:01:56,"$66,915.74",$1.33T,$39.59B,19.99M BTC,3.77% (24h),,
2026-03-01 10:35:42,"$67,207.47",$1.34T,$39.41B,19.99M BTC,3.61% (24h),,
2026-03-01 10:54:04,"$67,192.23",$1.34T,$39.48B,19.99M BTC,3.71% (24h),,
2026-03-01 11:37:47,"$67,026.73",$1.34T,$39.84B,19.99M BTC,3.23% (24h),,
2026-03-01 12:00:01,"$66,151.36",$1.32T,$39.98B,19.99M BTC,1.54% (24h),,
2026-03-01 12:33:02,"$65,954.42",$1.31T,$40.35B,19.99M BTC,1.24% (24h),,
2026-03-01 12:55:37,"$66,000.98",$1.31T,$40.38B,19.99M BTC,1.31% (24h),,
2026-03-01 13:42:46,"$66,419.27",$1.32T,$40.68B,19.99M BTC,1.01% (24h),,
2026-03-01 14:13:00,"$66,269.06",$1.32T,$40.76B,19.99M BTC,0.91% (24h),,
2026-03-01 14:41:26,"$66,031.36",$1.32T,$40.47B,19.99M BTC,0.73% (24h),,
2026-03-01 14:56:07,"$65,920.89",$1.31T,$40.04B,19.99M BTC,0.77% (24h),,
2026-03-01 15:35:04,"$65,224.04",$1.3T,$39.76B,19.99M BTC,2.25% (24h),,
2026-03-01 15:57:53,"$65,340.68",$1.3T,$39.96B,19.99M BTC,2.32% (24h),,
2026-03-01 16:32:38,"$65,565.51",$1.31T,$39.77B,19.99M BTC,1.41% (24h),,
2026-03-01 16:55:20,"$65,707.07",$1.31T,$39.74B,19.99M BTC,1.36% (24h),,
2026-03-01 17:31:47,"$65,919.23",$1.31T,$39.84B,19.99M BTC,1.6% (24h),,
2026-03-01 17:55:32,"$65,344.83",$1.3T,$39.81B,19.99M BTC,2.86% (24h),,
2026-03-01 18:31:01,"$65,638.09",$1.31T,$40.37B,19.99M BTC,1.89% (24h),,
2026-03-01 18:53:13,"$65,694.47",$1.31T,$40.71B,19.99M BTC,1.96% (24h),,
2026-03-01 21:38:36,"$66,380.72",$1.32T,$39.11B,19.99M BTC,2.15% (24h),,
2026-03-01 23:29:29,"$66,929.13",$1.33T,$38.27B,19.99M BTC,0.6% (24h),,
2026-03-02 00:40:00,"$66,779.52",$1.33T,$38.71B,19.99M BTC,1.08% (24h),,
2026-03-02 01:38:55,"$66,250.34",$1.32T,$38.71B,19.99M BTC,0.93% (24h),,
2026-03-02 02:38:41,"$65,906.69",$1.31T,$39.33B,19.99M BTC,1.88% (24h),,
2026-03-02 03:26:18,"$65,826.89",$1.31T,$39.56B,19.99M BTC,2.14% (24h),,
2026-03-02 04:11:32,"$66,426.01",$1.32T,$39.21B,19.99M BTC,0.29% (24h),,
2026-03-02 05:08:43,"$66,330.55",$1.32T,$39.98B,19.99M BTC,0.08% (24h),,
2026-03-02 06:03:14,"$66,248.08",$1.32T,$40.57B,19.99M BTC,0.31% (24h),,
2026-03-02 06:45:32,"$66,323.59",$1.32T,$40.36B,19.99M BTC,0.21% (24h),,
2026-03-02 07:27:02,"$66,137.30",$1.32T,$41.48B,19.99M BTC,0.51% (24h),,
2026-03-02 08:42:52,"$65,539.95",$1.31T,$41.82B,19.99M BTC,1.23% (24h),,
2026-03-02 09:33:57,"$66,084.05",$1.32T,$42.64B,19.99M BTC,1.33% (24h),,
2026-03-02 10:26:30,"$68,654.33",$1.37T,$47.55B,19.99M BTC,2.31% (24h),,
2026-03-02 12:10:32,"$69,378.27",$1.38T,$54.59B,19.99M BTC,4.83% (24h),,
2026-03-02 12:59:22,"$69,126.71",$1.38T,$55.67B,19.99M BTC,4.64% (24h),,
2026-03-02 14:03:06,"$68,848.55",$1.37T,$56.37B,19.99M BTC,3.77% (24h),,
2026-03-02 14:50:41,"$68,911.61",$1.37T,$57.03B,19.99M BTC,4.56% (24h),,
2026-03-02 15:24:05,"$68,928.30",$1.37T,$57.21B,19.99M BTC,5.34% (24h),,
2026-03-02 16:02:29,"$69,085.25",$1.38T,$57.52B,19.99M BTC,5.71% (24h),,
2026-03-02 16:49:32,"$69,463.31",$1.38T,$57.48B,19.99M BTC,5.87% (24h),,
2026-03-02 17:16:50,"$69,226.33",$1.38T,$57.24B,19.99M BTC,4.67% (24h),,
2026-03-02 17:52:16,"$69,329.31",$1.38T,$56.92B,19.99M BTC,6.28% (24h),,
2026-03-02 18:33:43,"$68,882.41",$1.37T,$56.36B,19.99M BTC,4.92% (24h),,
2026-03-02 18:59:19,"$68,772.95",$1.37T,$56.7B,19.99M BTC,4.62% (24h),,
2026-03-02 21:54:32,"$68,477.46",$1.36T,$55.37B,19.99M BTC,3.31% (24h),,
2026-03-02 23:52:36,"$68,089.94",$1.36T,$54.58B,19.99M BTC,2.09% (24h),,
2026-03-03 00:55:36,"$67,943.70",$1.35T,$54.74B,19.99M BTC,1.62% (24h),,
2026-03-03 02:01:46,"$68,053.57",$1.36T,$54.54B,19.99M BTC,2.78% (24h),,
2026-03-03 02:52:06,"$68,157.35",$1.36T,$54.57B,19.99M BTC,3.35% (24h),,
2026-03-03 03:31:25,"$67,667.29",$1.35T,$54.76B,19.99M BTC,2.85% (24h),,
2026-03-03 04:12:04,"$67,107.75",$1.34T,$55.68B,19.99M BTC,0.97% (24h),,
2026-03-03 05:03:10,"$66,485.11",$1.32T,$56.13B,19.99M BTC,0.21% (24h),,
2026-03-03 05:59:56,"$66,829.81",$1.33T,$56.58B,19.99M BTC,0.85% (24h),,
2026-03-03 06:42:17,"$67,060.33",$1.34T,$56.66B,19.99M BTC,1.23% (24h),,
2026-03-03 07:28:08,"$67,548.55",$1.35T,$58.21B,19.99M BTC,2.14% (24h),,
2026-03-03 08:41:57,"$66,986.56",$1.33T,$57.38B,19.99M BTC,1.9% (24h),,
2026-03-03 09:35:09,"$66,873.55",$1.33T,$56.64B,19.99M BTC,0.87% (24h),,
2026-03-03 10:34:15,"$67,209.18",$1.34T,$53.86B,19.99M BTC,2.02% (24h),,
2026-03-03 11:28:36,"$68,799.92",$1.37T,$51.65B,19.99M BTC,0.83% (24h),,
2026-03-03 12:26:08,"$68,256.42",$1.36T,$51.3B,19.99M BTC,1.67% (24h),,
2026-03-03 13:08:17,"$68,292.60",$1.36T,$50.67B,19.99M BTC,1.12% (24h),,
2026-03-03 14:52:58,"$68,622.20",$1.37T,$50.68B,19.99M BTC,0.42% (24h),,
2026-03-03 15:39:55,"$68,391.18",$1.36T,$50.45B,19.99M BTC,1.11% (24h),,
2026-03-03 16:04:57,"$68,031.58",$1.36T,$49.87B,19.99M BTC,1.52% (24h),,
2026-03-03 16:48:28,"$68,029.67",$1.36T,$49.78B,19.99M BTC,2.15% (24h),,
2026-03-03 17:16:24,"$68,309.35",$1.36T,$49.9B,19.99M BTC,1.26% (24h),,
2026-03-03 17:50:48,"$68,312.20",$1.36T,$49.54B,19.99M BTC,1.48% (24h),,
2026-03-03 18:17:25,"$68,626.02",$1.37T,$49.08B,19.99M BTC,0.86% (24h),,
2026-03-03 18:46:35,"$68,430.40",$1.36T,$49.03B,19.99M BTC,0.53% (24h),,
2026-03-03 19:03:11,"$68,244.83",$1.36T,$47.84B,19.99M BTC,0.86% (24h),,
2026-03-03 21:50:55,"$68,313.68",$1.36T,$49.28B,19.99M BTC,0.39% (24h),,
2026-03-03 23:25:54,"$67,655.81",$1.35T,$50.18B,19.99M BTC,0.99% (24h),,
2026-03-04 00:32:20,"$67,831.06",$1.35T,$50.3B,19.99M BTC,0.67% (24h),,
2026-03-04 01:28:42,"$68,132.47",$1.36T,$50.45B,19.99M BTC,0.29% (24h),,
2026-03-04 02:25:06,"$68,530.08",$1.37T,$50.73B,19.99M BTC,0.44% (24h),,
2026-03-04 03:01:02,"$69,637.76",$1.39T,$50.42B,19.99M BTC,2.16% (24h),,
2026-03-04 03:56:00,"$70,847.09",$1.41T,$52.67B,19.99M BTC,5.58% (24h),,
2026-03-04 04:51:35,"$71,882.47",$1.43T,$57.81B,19.99M BTC,8.24% (24h),,
2026-03-04 05:27:22,"$71,459.70",$1.42T,$59.06B,19.99M BTC,7.38% (24h),,
2026-03-04 06:05:36,"$71,363.00",$1.42T,$60.43B,19.99M BTC,6.54% (24h),,
2026-03-04 06:46:02,"$71,083.61",$1.42T,$59.2B,19.99M BTC,5.98% (24h),,
2026-03-04 07:25:49,"$70,650.13",$1.41T,$60.62B,19.99M BTC,4.64% (24h),,
2026-03-04 08:39:32,"$71,426.63",$1.42T,$61.86B,19.99M BTC,6.65% (24h),,
2026-03-04 09:27:17,"$71,623.42",$1.43T,$63.46B,19.99M BTC,6.6% (24h),,
2026-03-04 10:07:30,"$71,757.24",$1.43T,$65.1B,19.99M BTC,7.52% (24h),,
2026-03-04 10:59:24,"$73,434.83",$1.46T,$68.12B,19.99M BTC,8.52% (24h),,
2026-03-04 11:58:58,"$73,380.66",$1.46T,$68.47B,19.99M BTC,7.32% (24h),,
2026-03-04 12:52:21,"$73,342.72",$1.46T,$69.97B,19.99M BTC,7.32% (24h),,
2026-03-04 14:00:11,"$73,698.69",$1.47T,$70.28B,19.99M BTC,7.37% (24h),,
2026-03-04 14:44:55,"$73,740.36",$1.47T,$71.73B,19.99M BTC,7.42% (24h),,
2026-03-04 15:20:39,"$73,441.89",$1.46T,$72.31B,19.99M BTC,7.59% (24h),,
2026-03-04 15:54:10,"$73,282.46",$1.46T,$72.5B,19.99M BTC,7.56% (24h),,
2026-03-04 16:41:03,"$73,241.58",$1.46T,$73.59B,19.99M BTC,7.75% (24h),,
2026-03-04 17:04:23,"$73,428.21",$1.46T,$73.87B,19.99M BTC,7.19% (24h),,
2026-03-04 17:50:55,"$72,821.86",$1.45T,$73.77B,19.99M BTC,6.64% (24h),,
2026-03-04 18:21:22,"$72,569.75",$1.45T,$74.25B,19.99M BTC,5.89% (24h),,
2026-03-04 18:51:37,"$72,682.96",$1.45T,$74.77B,19.99M BTC,6.28% (24h),,
2026-03-04 20:15:29,"$73,223.04",$1.46T,$75.18B,19.99M BTC,7.44% (24h),,
2026-03-04 22:39:13,"$72,366.64",$1.44T,$74.5B,19.99M BTC,7.04% (24h),,
2026-03-05 00:07:01,"$72,783.23",$1.45T,$74.13B,19.99M BTC,7.35% (24h),,
2026-03-05 01:03:44,"$72,397.63",$1.44T,$74.66B,19.99M BTC,6.25% (24h),,
2026-03-05 02:10:22,"$72,492.19",$1.44T,$74.73B,19.99M BTC,5.82% (24h),,
2026-03-05 02:56:56,"$71,934.59",$1.43T,$73.94B,19.99M BTC,3.75% (24h),,
2026-03-05 03:54:04,"$72,327.52",$1.44T,$72.12B,19.99M BTC,2.27% (24h),,
2026-03-05 04:54:07,"$72,571.61",$1.45T,$67.34B,19.99M BTC,1.51% (24h),,
2026-03-05 05:50:37,"$73,377.84",$1.46T,$66.55B,19.99M BTC,2.96% (24h),,
2026-03-05 06:25:45,"$72,949.17",$1.45T,$66.69B,19.99M BTC,2.31% (24h),,
2026-03-05 06:58:12,"$72,864.95",$1.45T,$67.04B,19.99M BTC,2.42% (24h),,
2026-03-05 08:21:32,"$72,672.64",$1.45T,$65.52B,19.99M BTC,1.88% (24h),,
2026-03-05 09:11:36,"$72,565.94",$1.45T,$64.83B,19.99M BTC,1.28% (24h),,
2026-03-05 10:08:12,"$72,071.32",$1.44T,$61.34B,19.99M BTC,0.38% (24h),,
2026-03-05 11:03:54,"$71,419.62",$1.42T,$59.72B,19.99M BTC,2.72% (24h),,
2026-03-05 13:21:04,"$70,897.74",$1.41T,$56.58B,19.99M BTC,3.34% (24h),,
2026-03-05 14:40:55,"$71,064.46",$1.42T,$54.98B,19.99M BTC,3.78% (24h),,
2026-03-05 15:23:49,"$71,245.23",$1.42T,$54.14B,19.99M BTC,2.91% (24h),,
2026-03-05 16:03:58,"$71,324.77",$1.42T,$53.49B,19.99M BTC,2.31% (24h),,
2026-03-05 16:51:16,"$71,305.12",$1.42T,$52.76B,19.99M BTC,2.66% (24h),,
2026-03-05 17:22:59,"$71,233.50",$1.42T,$52.7B,19.99M BTC,2.72% (24h),,
2026-03-05 18:38:38,"$70,978.65",$1.41T,$50.54B,19.99M BTC,2.27% (24h),,
2026-03-05 19:59:55,"$70,937.42",$1.41T,$50.39B,19.99M BTC,2.58% (24h),,
2026-03-05 22:33:04,"$71,154.97",$1.42T,$50.01B,19.99M BTC,1.81% (24h),,
2026-03-06 00:02:30,"$70,597.15",$1.41T,$49.66B,19.99M BTC,3.13% (24h),,
2026-03-06 00:59:56,"$70,433.29",$1.4T,$49.33B,19.99M BTC,2.56% (24h),,
2026-03-06 02:04:38,"$70,769.28",$1.41T,$49.04B,19.99M BTC,2.51% (24h),,
2026-03-06 02:52:25,"$71,117.50",$1.42T,$49B,19.99M BTC,1.14% (24h),,
2026-03-06 03:48:14,"$70,936.90",$1.41T,$47.87B,19.99M BTC,1.67% (24h),,
2026-03-06 04:25:53,"$70,406.60",$1.4T,$46.75B,19.99M BTC,3% (24h),,
2026-03-06 05:04:34,"$70,633.54",$1.41T,$45.7B,19.99M BTC,2.76% (24h),,
2026-03-06 05:56:15,"$70,529.91",$1.41T,$45.12B,19.99M BTC,4.1% (24h),,
2026-03-06 06:36:06,"$70,554.15",$1.41T,$44.09B,19.99M BTC,3.43% (24h),,
2026-03-06 06:58:48,"$70,204.09",$1.4T,$42.45B,19.99M BTC,3.64% (24h),,
2026-03-06 08:17:23,"$70,010.16",$1.4T,$44.58B,19.99M BTC,3.75% (24h),,
2026-03-06 09:05:21,"$69,123.92",$1.38T,$45.72B,19.99M BTC,4.7% (24h),,
2026-03-06 09:57:05,"$68,434.80",$1.36T,$47.39B,19.99M BTC,5.54% (24h),,
2026-03-06 10:45:06,"$68,748.70",$1.37T,$46.53B,19.99M BTC,3.78% (24h),,
2026-03-06 11:24:37,"$68,354.52",$1.36T,$45.67B,19.99M BTC,3.7% (24h),,
2026-03-06 12:08:36,"$68,513.81",$1.37T,$45.45B,19.99M BTC,3.83% (24h),,
2026-03-06 12:53:27,"$67,935.47",$1.35T,$45.55B,19.99M BTC,4.14% (24h),,
2026-03-06 13:56:55,"$68,251.22",$1.36T,$45.15B,19.99M BTC,3.76% (24h),,
2026-03-06 14:38:55,"$68,183.06",$1.36T,$44.89B,19.99M BTC,3.91% (24h),,
2026-03-06 15:01:08,"$68,143.40",$1.36T,$44.86B,19.99M BTC,3.98% (24h),,
2026-03-06 15:47:13,"$68,060.28",$1.36T,$44.9B,19.99M BTC,4.26% (24h),,
2026-03-06 16:17:23,"$68,144.33",$1.36T,$44.92B,19.99M BTC,4.55% (24h),,
2026-03-06 16:48:46,"$68,259.96",$1.36T,$44.67B,19.99M BTC,4.17% (24h),,
2026-03-06 17:15:03,"$68,298.28",$1.36T,$44.88B,19.99M BTC,3.99% (24h),,
2026-03-06 17:52:04,"$68,373.04",$1.36T,$44.31B,19.99M BTC,4.07% (24h),,
2026-03-06 18:21:38,"$68,353.02",$1.36T,$44.22B,19.99M BTC,3.99% (24h),,
2026-03-06 18:49:12,"$68,230.65",$1.36T,$43.89B,19.99M BTC,3.73% (24h),,
2026-03-06 19:53:38,"$68,339.66",$1.36T,$43.38B,19.99M BTC,3.64% (24h),,
2026-03-06 22:21:19,"$68,268.80",$1.36T,$41.24B,19.99M BTC,3.95% (24h),,
2026-03-06 23:45:43,"$68,135.43",$1.36T,$41.53B,19.99M BTC,3.38% (24h),,
2026-03-07 00:29:54,"$68,011.54",$1.36T,$40.76B,19.99M BTC,3.35% (24h),,
2026-03-07 01:02:53,"$67,983.91",$1.35T,$40.25B,19.99M BTC,3.46% (24h),,
2026-03-07 01:59:54,"$67,706.28",$1.35T,$40.06B,19.99M BTC,4.15% (24h),,
2026-03-07 02:38:26,"$67,702.81",$1.35T,$40.1B,19.99M BTC,4.62% (24h),,
2026-03-07 02:57:44,"$67,837.13",$1.35T,$39.82B,19.99M BTC,4.56% (24h),,
2026-03-07 03:41:32,"$67,909.73",$1.35T,$39.52B,19.99M BTC,4.36% (24h),,
2026-03-07 04:03:32,"$67,747.21",$1.35T,$39.18B,19.99M BTC,4.24% (24h),,
2026-03-07 04:43:32,"$67,977.16",$1.35T,$38.72B,19.99M BTC,3.47% (24h),,
2026-03-07 05:00:57,"$68,017.18",$1.36T,$38.5B,19.99M BTC,3.61% (24h),,
2026-03-07 05:37:24,"$67,961.90",$1.35T,$38.24B,19.99M BTC,3.7% (24h),,
2026-03-07 05:56:35,"$67,919.53",$1.35T,$38.12B,19.99M BTC,3.68% (24h),,
2026-03-07 06:27:53,"$68,120.87",$1.36T,$37.99B,19.99M BTC,3.47% (24h),,
2026-03-07 06:46:42,"$68,081.58",$1.36T,$37.97B,19.99M BTC,3.18% (24h),,
2026-03-07 06:59:07,"$68,020.87",$1.36T,$37.79B,19.99M BTC,3.1% (24h),,
2026-03-07 08:07:02,"$67,959.26",$1.35T,$35.3B,19.99M BTC,2.89% (24h),,
2026-03-07 08:49:34,"$67,911.35",$1.35T,$34B,19.99M BTC,2.86% (24h),,
2026-03-07 09:12:54,"$67,631.72",$1.35T,$31.6B,19.99M BTC,1.59% (24h),,
2026-03-07 09:46:18,"$68,035.88",$1.36T,$30.43B,19.99M BTC,1.04% (24h),,
2026-03-07 10:01:55,"$67,998.23",$1.35T,$28.93B,19.99M BTC,0.65% (24h),,
2026-03-07 10:36:37,"$68,002.44",$1.35T,$27.64B,19.99M BTC,1.3% (24h),,
2026-03-07 10:54:38,"$67,890.60",$1.35T,$27.02B,19.99M BTC,0.64% (24h),,
2026-03-07 11:36:00,"$67,803.41",$1.35T,$26.38B,19.99M BTC,0.86% (24h),,
2026-03-07 11:58:18,"$67,806.97",$1.35T,$25.81B,19.99M BTC,0.96% (24h),,
2026-03-07 12:31:27,"$67,875.74",$1.35T,$24.97B,19.99M BTC,0.59% (24h),,
2026-03-07 12:51:23,"$67,869.88",$1.35T,$24.02B,19.99M BTC,0.24% (24h),,
2026-03-07 13:22:01,"$67,604.51",$1.35T,$23.23B,19.99M BTC,1.07% (24h),,
2026-03-07 13:58:37,"$67,586.12",$1.35T,$23B,19.99M BTC,0.94% (24h),,
2026-03-07 14:30:28,"$67,230.65",$1.34T,$22.91B,19.99M BTC,1.41% (24h),,
2026-03-07 14:48:13,"$67,249.53",$1.34T,$22.95B,19.99M BTC,1.22% (24h),,
2026-03-07 15:00:37,"$67,088.96",$1.34T,$24.07B,19.99M BTC,1.52% (24h),,
2026-03-07 15:37:57,"$67,331.52",$1.34T,$24.2B,19.99M BTC,0.73% (24h),,
2026-03-07 15:57:28,"$67,415.91",$1.34T,$23.56B,19.99M BTC,0.99% (24h),,
2026-03-07 16:30:07,"$67,459.10",$1.34T,$23.37B,19.99M BTC,0.8% (24h),,
2026-03-07 16:49:19,"$67,325.41",$1.34T,$23.23B,19.99M BTC,1.38% (24h),,
2026-03-07 17:01:10,"$67,434.12",$1.34T,$23.16B,19.99M BTC,1.26% (24h),,
2026-03-07 17:36:51,"$67,135.91",$1.34T,$23.09B,19.99M BTC,1.65% (24h),,
2026-03-07 17:56:53,"$67,237.02",$1.34T,$23.28B,19.99M BTC,1.7% (24h),,
2026-03-07 18:30:05,"$67,370.29",$1.34T,$23.32B,19.99M BTC,1.39% (24h),,
2026-03-07 18:49:59,"$67,276.58",$1.34T,$23.19B,19.99M BTC,1.38% (24h),,
2026-03-07 19:01:54,"$67,308.91",$1.34T,$23.11B,19.99M BTC,1.21% (24h),,
2026-03-07 22:12:16,"$66,942.31",$1.33T,$23.75B,19.99M BTC,2.06% (24h),,
2026-03-07 23:56:29,"$66,675.13",$1.33T,$24.16B,19.99M BTC,2.08% (24h),,
2026-03-08 00:49:45,"$67,214.07",$1.34T,$24.63B,19.99M BTC,1.24% (24h),,
2026-03-08 01:27:59,"$67,104.62",$1.34T,$24.75B,19.99M BTC,1.19% (24h),,
2026-03-08 03:09:29,"$67,331.89",$1.34T,$24.26B,19.99M BTC,0.27% (24h),,
2026-03-08 03:46:13,"$67,317.15",$1.34T,$24.19B,19.99M BTC,0.71% (24h),,
2026-03-08 04:02:19,"$67,287.82",$1.34T,$24.17B,19.99M BTC,0.77% (24h),,
2026-03-08 04:48:04,"$67,523.80",$1.35T,$24.29B,19.99M BTC,0.55% (24h),,
2026-03-08 05:17:33,"$67,845.95",$1.35T,$24.55B,19.99M BTC,0.29% (24h),,
2026-03-08 05:48:53,"$67,716.75",$1.35T,$25.18B,19.99M BTC,0.41% (24h),,
2026-03-08 06:13:27,"$67,847.17",$1.35T,$25.34B,19.99M BTC,0.31% (24h),,
2026-03-08 06:47:45,"$67,928.78",$1.35T,$25.63B,19.99M BTC,0.04% (24h),,
2026-03-08 07:02:41,"$67,859.56",$1.35T,$25.86B,19.99M BTC,0.02% (24h),,
2026-03-08 07:34:06,"$67,726.83",$1.35T,$25.87B,19.99M BTC,0.56% (24h),,
2026-03-08 07:53:41,"$67,515.53",$1.35T,$26.02B,19.99M BTC,0.8% (24h),,
2026-03-08 09:01:56,"$67,335.00",$1.34T,$26.98B,19.99M BTC,0.98% (24h),,
2026-03-08 09:50:27,"$67,155.96",$1.34T,$28.29B,19.99M BTC,1.11% (24h),,
2026-03-08 10:14:27,"$67,292.73",$1.34T,$28.37B,19.99M BTC,0.5% (24h),,
2026-03-08 10:47:06,"$67,100.24",$1.34T,$28.51B,19.99M BTC,1.38% (24h),,
2026-03-08 11:02:26,"$67,336.59",$1.34T,$28.37B,19.99M BTC,0.95% (24h),,
2026-03-08 11:37:43,"$67,146.44",$1.34T,$28.43B,19.99M BTC,1.24% (24h),,
2026-03-08 11:55:56,"$67,157.12",$1.34T,$28.57B,19.99M BTC,1.08% (24h),,
2026-03-08 12:37:41,"$66,863.31",$1.33T,$28.73B,19.99M BTC,1.37% (24h),,
2026-03-08 12:59:45,"$66,834.06",$1.33T,$29.03B,19.99M BTC,1.45% (24h),,
2026-03-08 13:34:23,"$67,053.93",$1.34T,$29.5B,19.99M BTC,1.2% (24h),,
2026-03-08 13:56:28,"$66,966.24",$1.33T,$29.66B,19.99M BTC,1.33% (24h),,
2026-03-08 14:43:23,"$66,822.61",$1.33T,$29.06B,19.99M BTC,1.15% (24h),,
2026-03-08 15:13:50,"$66,937.68",$1.33T,$29.01B,19.99M BTC,0.9% (24h),,
2026-03-08 15:41:50,"$67,331.31",$1.34T,$28.94B,19.99M BTC,0.01% (24h),,
2026-03-08 15:59:21,"$67,290.21",$1.34T,$27.95B,19.99M BTC,0.29% (24h),,
2026-03-08 16:39:06,"$67,480.86",$1.34T,$28.54B,19.99M BTC,0.14% (24h),,
2026-03-08 16:58:54,"$67,215.76",$1.34T,$28.37B,19.99M BTC,0.3% (24h),,
2026-03-08 17:34:13,"$66,975.48",$1.33T,$29.43B,19.99M BTC,0.64% (24h),,
2026-03-08 17:54:51,"$66,954.86",$1.33T,$29.16B,19.99M BTC,0.6% (24h),,
2026-03-08 18:32:06,"$65,804.74",$1.31T,$31.91B,19.99M BTC,2.23% (24h),,
2026-03-08 18:54:51,"$66,211.63",$1.32T,$32.29B,19.99M BTC,1.59% (24h),,
2026-03-08 19:31:55,"$66,493.38",$1.32T,$32.85B,19.99M BTC,1.3% (24h),,
2026-03-08 19:53:01,"$66,094.81",$1.32T,$33.01B,19.99M BTC,1.72% (24h),,
2026-03-08 22:41:51,"$66,491.48",$1.32T,$36.21B,19.99M BTC,1.08% (24h),,
2026-03-09 00:33:38,"$67,497.89",$1.34T,$37.1B,19.99M BTC,0.74% (24h),,
2026-03-09 01:46:03,"$67,898.24",$1.35T,$37.34B,19.99M BTC,1.05% (24h),,
2026-03-09 02:45:13,"$67,350.86",$1.34T,$39.22B,19.99M BTC,0.34% (24h),,
2026-03-09 03:42:39,"$67,410.85",$1.34T,$39.81B,19.99M BTC,0.12% (24h),,
2026-03-09 04:30:03,"$67,814.05",$1.35T,$40.48B,19.99M BTC,0.81% (24h),,
2026-03-09 05:29:47,"$68,002.90",$1.36T,$40.84B,19.99M BTC,0.28% (24h),,
2026-03-09 06:27:52,"$67,901.91",$1.35T,$42.1B,19.99M BTC,0.39% (24h),,
2026-03-09 07:11:09,"$67,693.25",$1.35T,$41.97B,19.99M BTC,0.18% (24h),,
2026-03-09 07:51:31,"$67,603.23",$1.35T,$41.98B,19.99M BTC,0.24% (24h),,
2026-03-09 08:40:47,"$68,200.95",$1.36T,$41.68B,19.99M BTC,1.28% (24h),,
2026-03-09 09:53:52,"$68,944.41",$1.37T,$43.47B,19.99M BTC,2.62% (24h),,
2026-03-09 10:58:21,"$69,142.20",$1.38T,$46.54B,19.99M BTC,2.75% (24h),,
2026-03-09 12:06:31,"$68,950.32",$1.37T,$48.12B,20M BTC,2.54% (24h),,
2026-03-09 13:09:51,"$69,037.60",$1.38T,$49.25B,20M BTC,2.85% (24h),,
2026-03-09 14:02:14,"$68,568.20",$1.37T,$49.78B,20M BTC,2.27% (24h),,
2026-03-09 15:06:45,"$68,430.85",$1.36T,$50.8B,20M BTC,2.33% (24h),,
2026-03-09 15:51:34,"$68,857.34",$1.37T,$52.06B,20M BTC,2.16% (24h),,
2026-03-09 16:24:41,"$68,998.66",$1.37T,$52.79B,20M BTC,2.78% (24h),,
2026-03-09 17:01:33,"$69,050.93",$1.38T,$52.59B,20M BTC,2.68% (24h),,
2026-03-09 17:45:05,"$68,969.88",$1.37T,$52.52B,20M BTC,2.93% (24h),,
2026-03-09 18:15:46,"$68,800.28",$1.37T,$51.24B,20M BTC,4.17% (24h),,
2026-03-09 18:51:12,"$68,679.48",$1.37T,$49.72B,20M BTC,3.95% (24h),,
2026-03-09 19:19:51,"$68,562.43",$1.37T,$49.68B,20M BTC,3.39% (24h),,
2026-03-09 19:48:02,"$68,551.62",$1.37T,$49.64B,20M BTC,3.75% (24h),,
2026-03-09 20:01:58,"$68,425.43",$1.36T,$49.39B,20M BTC,3.67% (24h),,
2026-03-09 22:50:09,"$70,550.68",$1.41T,$49.28B,20M BTC,5.93% (24h),,
2026-03-10 00:26:56,"$69,792.48",$1.39T,$49.5B,20M BTC,3.49% (24h),,
2026-03-10 01:35:04,"$70,126.71",$1.4T,$50.01B,20M BTC,3.71% (24h),,
2026-03-10 02:30:20,"$70,141.48",$1.4T,$48.57B,20M BTC,3.9% (24h),,
2026-03-10 03:27:17,"$70,390.00",$1.4T,$49.46B,20M BTC,4.67% (24h),,
2026-03-10 04:02:36,"$70,478.16",$1.4T,$49.9B,20M BTC,4.26% (24h),,
2026-03-10 05:00:55,"$70,682.01",$1.41T,$50.11B,20M BTC,4.25% (24h),,
2026-03-10 05:58:40,"$71,036.44",$1.42T,$50.57B,20M BTC,4.51% (24h),,
2026-03-10 06:54:30,"$70,869.97",$1.41T,$50.32B,20M BTC,4.78% (24h),,
2026-03-10 07:38:28,"$70,629.23",$1.41T,$51.03B,20M BTC,4.4% (24h),,
2026-03-10 08:01:59,"$70,590.72",$1.41T,$51.03B,20M BTC,4.16% (24h),,
2026-03-10 09:38:42,"$69,872.72",$1.39T,$50.36B,20M BTC,1.6% (24h),,
2026-03-10 10:30:37,"$69,889.88",$1.39T,$50.19B,20M BTC,1.05% (24h),,
2026-03-10 11:39:30,"$71,206.22",$1.42T,$51.56B,20M BTC,3.4% (24h),,
2026-03-10 12:40:10,"$71,322.96",$1.42T,$52.47B,20M BTC,3.39% (24h),,
2026-03-10 13:32:43,"$71,208.68",$1.42T,$52.43B,20M BTC,3.66% (24h),,
2026-03-10 14:29:25,"$70,412.98",$1.4T,$53.07B,20M BTC,2.69% (24h),,
2026-03-10 15:24:54,"$70,154.37",$1.4T,$54.37B,20M BTC,1.72% (24h),,
2026-03-10 16:00:48,"$70,053.74",$1.4T,$53.21B,20M BTC,1.51% (24h),,
2026-03-10 16:47:20,"$70,277.22",$1.4T,$53.28B,20M BTC,1.99% (24h),,
2026-03-10 17:19:33,"$70,050.92",$1.4T,$52.33B,20M BTC,1.5% (24h),,
2026-03-10 17:47:54,"$69,662.98",$1.39T,$53.32B,20M BTC,1.05% (24h),,
2026-03-10 18:02:46,"$69,831.75",$1.39T,$53.56B,20M BTC,1.18% (24h),,
2026-03-10 18:47:43,"$69,666.77",$1.39T,$53.71B,20M BTC,1.42% (24h),,
2026-03-10 19:16:01,"$69,840.98",$1.39T,$53.7B,20M BTC,1.74% (24h),,
2026-03-10 19:47:17,"$69,946.37",$1.39T,$53.76B,20M BTC,2.04% (24h),,
2026-03-10 20:01:47,"$69,848.30",$1.39T,$53.99B,20M BTC,2.06% (24h),,
2026-03-10 22:48:11,"$69,672.81",$1.39T,$52.47B,20M BTC,1.01% (24h),,
2026-03-11 00:26:34,"$69,892.64",$1.39T,$51.84B,20M BTC,0.19% (24h),,
2026-03-11 01:35:58,"$69,884.91",$1.39T,$51.49B,20M BTC,0.34% (24h),,
2026-03-11 02:33:06,"$69,906.00",$1.39T,$51.79B,20M BTC,0.24% (24h),,
2026-03-11 03:32:06,"$69,758.71",$1.39T,$50.47B,20M BTC,0.82% (24h),,
2026-03-11 04:05:12,"$69,740.01",$1.39T,$50.22B,20M BTC,1.08% (24h),,
2026-03-11 05:00:59,"$69,627.97",$1.39T,$48.78B,20M BTC,1.47% (24h),,
2026-03-11 05:58:06,"$69,411.17",$1.38T,$47.7B,20M BTC,2.3% (24h),,
2026-03-11 06:53:59,"$69,596.92",$1.39T,$46.4B,20M BTC,1.76% (24h),,
2026-03-11 07:39:08,"$69,515.30",$1.39T,$47B,20M BTC,1.57% (24h),,
2026-03-11 08:02:55,"$69,223.75",$1.38T,$46.99B,20M BTC,1.93% (24h),,
2026-03-11 09:37:51,"$70,741.33",$1.41T,$47.6B,20M BTC,0.97% (24h),,
2026-03-11 10:32:04,"$70,620.95",$1.41T,$48.29B,20M BTC,1.03% (24h),,
2026-03-11 11:31:28,"$69,925.99",$1.39T,$47.57B,20M BTC,2.11% (24h),,
2026-03-11 12:31:40,"$70,562.35",$1.41T,$46.78B,20M BTC,1.15% (24h),,
2026-03-11 13:31:57,"$71,227.54",$1.42T,$47.93B,20M BTC,0.18% (24h),,
2026-03-11 14:33:52,"$70,715.78",$1.41T,$48.06B,20M BTC,0.43% (24h),,
2026-03-11 15:30:23,"$70,529.94",$1.41T,$47.27B,20M BTC,0.78% (24h),,
2026-03-11 16:02:07,"$70,555.90",$1.41T,$46.81B,20M BTC,0.68% (24h),,
2026-03-11 16:50:27,"$70,564.14",$1.41T,$46.63B,20M BTC,0.41% (24h),,
2026-03-11 17:21:30,"$70,564.66",$1.41T,$46.59B,20M BTC,0.74% (24h),,
2026-03-11 17:54:30,"$70,751.28",$1.41T,$46.15B,20M BTC,1.4% (24h),,
2026-03-11 18:34:03,"$70,463.53",$1.4T,$45.61B,20M BTC,1.24% (24h),,
2026-03-11 18:57:52,"$70,345.14",$1.4T,$45.91B,20M BTC,0.9% (24h),,
2026-03-11 19:36:30,"$70,403.47",$1.4T,$45.69B,20M BTC,0.75% (24h),,
2026-03-11 19:58:22,"$70,174.70",$1.4T,$45.23B,20M BTC,0.36% (24h),,
2026-03-11 22:51:24,"$69,351.30",$1.38T,$44.49B,20M BTC,0.49% (24h),,
2026-03-12 00:31:39,"$69,485.06",$1.38T,$43.76B,20M BTC,0.69% (24h),,
2026-03-12 01:39:32,"$69,407.96",$1.38T,$43.61B,20M BTC,0.61% (24h),,
2026-03-12 02:36:11,"$69,493.57",$1.38T,$43.46B,20M BTC,0.58% (24h),,
2026-03-12 03:35:07,"$69,749.86",$1.39T,$43.35B,20M BTC,0.1% (24h),,
2026-03-12 04:08:16,"$69,772.63",$1.39T,$43.45B,20M BTC,0.1% (24h),,
2026-03-12 05:02:47,"$69,858.24",$1.39T,$43.79B,20M BTC,0.37% (24h),,
2026-03-12 06:00:50,"$70,031.01",$1.4T,$44.45B,20M BTC,0.81% (24h),,
2026-03-12 06:56:05,"$70,427.55",$1.4T,$44.72B,20M BTC,1.18% (24h),,
2026-03-12 07:36:49,"$70,570.68",$1.41T,$44.78B,20M BTC,1.46% (24h),,
2026-03-12 07:58:46,"$70,457.53",$1.4T,$45.22B,20M BTC,1.73% (24h),,
2026-03-12 09:22:59,"$70,061.29",$1.4T,$44.16B,20M BTC,0.37% (24h),,
2026-03-12 10:28:56,"$70,035.63",$1.4T,$41.97B,20M BTC,0.48% (24h),,
2026-03-12 11:34:32,"$70,205.84",$1.4T,$42.33B,20M BTC,0.47% (24h),,
2026-03-12 12:41:59,"$70,409.58",$1.4T,$43.1B,20M BTC,0.39% (24h),,
2026-03-12 13:39:45,"$70,437.27",$1.4T,$41.92B,20M BTC,0.22% (24h),,
2026-03-12 14:33:44,"$70,068.84",$1.4T,$40.54B,20M BTC,0.88% (24h),,
2026-03-12 15:30:03,"$70,223.13",$1.4T,$40.1B,20M BTC,0.45% (24h),,
2026-03-12 16:02:30,"$70,500.06",$1.41T,$40.77B,20M BTC,0.07% (24h),,
2026-03-12 16:52:25,"$70,245.17",$1.4T,$41.31B,20M BTC,0.44% (24h),,
2026-03-12 17:40:02,"$70,224.69",$1.4T,$41.05B,20M BTC,0.66% (24h),,
2026-03-12 18:01:37,"$70,284.50",$1.4T,$40.88B,20M BTC,0.74% (24h),,
2026-03-12 18:40:47,"$70,087.62",$1.4T,$40.81B,20M BTC,0.4% (24h),,
2026-03-12 19:02:27,"$70,237.49",$1.4T,$40.21B,20M BTC,0.3% (24h),,
2026-03-12 19:42:17,"$70,541.62",$1.41T,$41.04B,20M BTC,0.22% (24h),,
2026-03-12 20:03:36,"$70,470.79",$1.4T,$40.82B,20M BTC,0.38% (24h),,
2026-03-12 22:52:33,"$71,143.49",$1.42T,$44.72B,20M BTC,2.66% (24h),,
2026-03-13 00:50:12,"$71,361.70",$1.42T,$45.77B,20M BTC,2.86% (24h),,
2026-03-13 01:41:08,"$71,575.21",$1.43T,$45.75B,20M BTC,3.04% (24h),,
2026-03-13 02:35:18,"$71,266.37",$1.42T,$45.98B,20M BTC,2.52% (24h),,
2026-03-13 03:34:00,"$71,416.09",$1.42T,$46.59B,20M BTC,2.4% (24h),,
2026-03-13 04:07:26,"$71,485.60",$1.42T,$47.2B,20M BTC,2.43% (24h),,
2026-03-13 04:59:38,"$71,793.23",$1.43T,$48.03B,20M BTC,2.77% (24h),,
2026-03-13 05:53:25,"$72,040.00",$1.44T,$47.7B,20M BTC,2.94% (24h),,
2026-03-13 06:44:40,"$72,509.27",$1.45T,$48.91B,20M BTC,3.01% (24h),,
2026-03-13 07:22:15,"$72,328.30",$1.44T,$49.06B,20M BTC,2.43% (24h),,
2026-03-13 07:51:38,"$72,258.01",$1.44T,$48.85B,20M BTC,2.37% (24h),,
2026-03-13 08:37:32,"$72,395.05",$1.44T,$48.45B,20M BTC,2.96% (24h),,
2026-03-13 09:46:38,"$73,331.26",$1.46T,$50.67B,20M BTC,4.89% (24h),,
2026-03-13 10:34:21,"$73,811.19",$1.47T,$52.67B,20M BTC,5.82% (24h),,
2026-03-13 11:28:39,"$72,486.24",$1.44T,$55.34B,20M BTC,2.93% (24h),,
2026-03-13 12:07:24,"$71,629.98",$1.43T,$56.63B,20M BTC,2.02% (24h),,
2026-03-13 12:58:21,"$71,972.83",$1.43T,$57.79B,20M BTC,2.18% (24h),,
2026-03-13 13:45:22,"$71,223.87",$1.42T,$59.11B,20M BTC,1.18% (24h),,
2026-03-13 14:24:43,"$70,946.14",$1.41T,$60.01B,20M BTC,1.37% (24h),,
2026-03-13 15:10:11,"$71,210.75",$1.42T,$60.19B,20M BTC,1.82% (24h),,
2026-03-13 15:49:05,"$71,169.52",$1.42T,$60.38B,20M BTC,1.18% (24h),,
2026-03-13 16:19:35,"$71,412.48",$1.42T,$60.09B,20M BTC,1.54% (24h),,
2026-03-13 16:58:05,"$71,382.69",$1.42T,$60.55B,20M BTC,1.71% (24h),,
2026-03-13 17:43:08,"$71,155.75",$1.42T,$60.86B,20M BTC,1.26% (24h),,
2026-03-13 18:17:00,"$70,738.70",$1.41T,$61.17B,20M BTC,0.79% (24h),,
2026-03-13 18:49:12,"$70,765.90",$1.41T,$61.25B,20M BTC,0.93% (24h),,
2026-03-13 19:16:23,"$70,836.59",$1.41T,$61.23B,20M BTC,0.45% (24h),,
2026-03-13 19:48:36,"$70,980.19",$1.41T,$61.13B,20M BTC,0.62% (24h),,
2026-03-13 20:54:50,"$70,641.71",$1.41T,$57.79B,20M BTC,1.03% (24h),,
2026-03-13 23:30:01,"$71,029.89",$1.42T,$56.7B,20M BTC,0.09% (24h),,
2026-03-14 01:00:16,"$71,051.00",$1.42T,$56.32B,20M BTC,0.42% (24h),,
2026-03-14 01:56:45,"$71,019.68",$1.42T,$56.02B,20M BTC,0.74% (24h),,
2026-03-14 02:57:56,"$70,676.91",$1.41T,$55.38B,20M BTC,0.95% (24h),,
2026-03-14 03:41:59,"$70,534.97",$1.41T,$55.05B,20M BTC,1.37% (24h),,
2026-03-14 04:02:34,"$70,624.32",$1.41T,$54.69B,20M BTC,1.4% (24h),,
2026-03-14 04:52:54,"$70,570.21",$1.41T,$53.15B,20M BTC,1.72% (24h),,
2026-03-14 05:40:53,"$70,619.96",$1.41T,$52.2B,20M BTC,1.69% (24h),,
2026-03-14 06:02:03,"$70,537.24",$1.41T,$52.31B,20M BTC,2.25% (24h),,
2026-03-14 06:48:00,"$70,541.51",$1.41T,$50.92B,20M BTC,2.66% (24h),,
2026-03-14 07:13:24,"$70,668.06",$1.41T,$50.12B,20M BTC,2.23% (24h),,
2026-03-14 07:43:53,"$70,730.08",$1.41T,$49.78B,20M BTC,2.16% (24h),,
2026-03-14 08:01:21,"$70,773.76",$1.41T,$49.61B,20M BTC,2.04% (24h),,
2026-03-14 09:14:27,"$70,760.72",$1.41T,$47.68B,20M BTC,2.85% (24h),,
2026-03-14 09:57:54,"$70,871.59",$1.41T,$44.55B,20M BTC,3.55% (24h),,
2026-03-14 10:39:36,"$70,760.73",$1.41T,$40.72B,20M BTC,3.7% (24h),,
2026-03-14 11:02:53,"$70,622.70",$1.41T,$38.16B,20M BTC,2.62% (24h),,
2026-03-14 11:42:13,"$70,551.22",$1.41T,$35.65B,20M BTC,2.37% (24h),,
2026-03-14 12:03:27,"$70,561.29",$1.41T,$34.09B,20M BTC,1.64% (24h),,
2026-03-14 12:49:11,"$70,669.93",$1.41T,$31.66B,20M BTC,1.63% (24h),,
2026-03-14 13:17:11,"$70,709.99",$1.41T,$30.49B,20M BTC,2.09% (24h),,
2026-03-14 13:48:25,"$70,670.24",$1.41T,$29B,20M BTC,0.59% (24h),,
2026-03-14 14:19:46,"$70,597.66",$1.41T,$27.27B,20M BTC,0.49% (24h),,
2026-03-14 15:01:31,"$70,629.55",$1.41T,$26.15B,20M BTC,0.55% (24h),,
2026-03-14 15:37:23,"$70,668.46",$1.41T,$25.59B,20M BTC,0.65% (24h),,
2026-03-14 15:56:02,"$70,710.84",$1.41T,$25.38B,20M BTC,0.67% (24h),,
2026-03-14 16:37:13,"$70,758.80",$1.41T,$24.73B,20M BTC,0.75% (24h),,
2026-03-14 16:59:52,"$70,826.30",$1.41T,$24.52B,20M BTC,0.74% (24h),,
2026-03-14 17:37:47,"$70,704.71",$1.41T,$24.25B,20M BTC,0.76% (24h),,
2026-03-14 17:57:35,"$70,796.86",$1.41T,$23.86B,20M BTC,0.5% (24h),,
2026-03-14 18:36:21,"$70,767.30",$1.41T,$22.86B,20M BTC,0.1% (24h),,
2026-03-14 19:00:33,"$70,772.69",$1.41T,$22.67B,20M BTC,0.03% (24h),,
2026-03-14 19:39:11,"$71,147.98",$1.42T,$22.34B,20M BTC,0.29% (24h),,
2026-03-14 20:00:11,"$71,205.65",$1.42T,$22.28B,20M BTC,0.35% (24h),,
2026-03-14 23:28:09,"$71,359.10",$1.42T,$21.55B,20M BTC,0.43% (24h),,
2026-03-15 01:20:31,"$71,692.94",$1.43T,$21.4B,20M BTC,0.83% (24h),,
2026-03-15 02:15:10,"$71,550.50",$1.43T,$21.73B,20M BTC,0.86% (24h),,
2026-03-15 03:17:15,"$71,636.76",$1.43T,$21.2B,20M BTC,1.35% (24h),,
2026-03-15 03:57:24,"$71,439.39",$1.42T,$20.93B,20M BTC,1.2% (24h),,
2026-03-15 04:48:36,"$71,675.59",$1.43T,$20.78B,20M BTC,1.55% (24h),,
2026-03-15 05:22:05,"$71,859.68",$1.43T,$21.36B,20M BTC,1.68% (24h),,
2026-03-15 06:00:06,"$71,799.36",$1.43T,$21.02B,20M BTC,1.78% (24h),,
2026-03-15 06:42:54,"$71,821.88",$1.43T,$21.07B,20M BTC,1.82% (24h),,
2026-03-15 07:14:36,"$71,713.00",$1.43T,$21.01B,20M BTC,1.47% (24h),,
2026-03-15 07:44:58,"$71,742.52",$1.43T,$21.12B,20M BTC,1.42% (24h),,
2026-03-15 08:02:37,"$71,786.52",$1.43T,$21.12B,20M BTC,1.4% (24h),,
2026-03-15 09:17:06,"$71,416.48",$1.42T,$21.24B,20M BTC,0.84% (24h),,
2026-03-15 10:00:45,"$71,592.33",$1.43T,$21.95B,20M BTC,0.98% (24h),,
2026-03-15 10:42:46,"$71,445.85",$1.42T,$22.15B,20M BTC,1.01% (24h),,
2026-03-15 11:16:12,"$71,517.06",$1.43T,$22.15B,20M BTC,1.17% (24h),,
2026-03-15 11:49:03,"$71,518.72",$1.43T,$21.9B,20M BTC,1.39% (24h),,
2026-03-15 12:16:43,"$71,442.45",$1.42T,$21.47B,20M BTC,1.19% (24h),,
2026-03-15 12:53:33,"$71,396.77",$1.42T,$21.67B,20M BTC,1.02% (24h),,
2026-03-15 13:35:24,"$71,500.73",$1.43T,$21.69B,20M BTC,1.2% (24h),,
2026-03-15 13:59:33,"$71,831.16",$1.43T,$21.85B,20M BTC,1.71% (24h),,
2026-03-15 14:56:02,"$71,350.20",$1.42T,$22.27B,20M BTC,0.96% (24h),,
2026-03-15 15:34:42,"$71,570.60",$1.43T,$22.73B,20M BTC,1.25% (24h),,
2026-03-15 15:56:31,"$71,520.42",$1.43T,$22.68B,20M BTC,1.14% (24h),,
2026-03-15 16:37:40,"$71,734.53",$1.43T,$22.62B,20M BTC,1.37% (24h),,
2026-03-15 17:01:19,"$71,694.97",$1.43T,$22.85B,20M BTC,1.26% (24h),,
2026-03-15 17:38:52,"$72,159.90",$1.44T,$23.28B,20M BTC,2.05% (24h),,
2026-03-15 17:59:00,"$72,064.56",$1.44T,$23.48B,20M BTC,1.78% (24h),,
2026-03-15 18:39:51,"$72,292.58",$1.44T,$24.69B,20M BTC,2.11% (24h),,
2026-03-15 19:03:13,"$72,876.02",$1.45T,$26.58B,20M BTC,2.79% (24h),,
2026-03-15 19:44:04,"$72,703.79",$1.45T,$28.07B,20M BTC,2.12% (24h),,
2026-03-15 21:04:24,"$72,432.30",$1.44T,$28.75B,20M BTC,1.99% (24h),,
2026-03-16 00:12:47,"$73,625.83",$1.47T,$33.11B,20M BTC,2.85% (24h),,
2026-03-16 02:00:32,"$74,176.32",$1.48T,$36.42B,20M BTC,3.74% (24h),,
2026-03-16 03:46:22,"$73,496.30",$1.47T,$39B,20M BTC,2.84% (24h),,
2026-03-16 04:42:45,"$73,146.11",$1.46T,$40.07B,20M BTC,2.22% (24h),,
2026-03-16 05:50:53,"$73,294.73",$1.46T,$41.24B,20M BTC,2.19% (24h),,
2026-03-16 06:44:40,"$73,284.00",$1.46T,$41.55B,20M BTC,2.03% (24h),,
2026-03-16 07:37:17,"$73,561.31",$1.47T,$42.36B,20M BTC,2.57% (24h),,
2026-03-16 08:37:20,"$73,809.69",$1.47T,$42.79B,20M BTC,2.91% (24h),,
2026-03-16 10:06:33,"$74,211.86",$1.48T,$43.64B,20M BTC,3.69% (24h),,
2026-03-16 11:22:53,"$73,862.46",$1.47T,$48.07B,20M BTC,3.28% (24h),,
2026-03-16 12:39:20,"$73,433.87",$1.46T,$49.82B,20M BTC,2.76% (24h),,
2026-03-16 13:45:15,"$73,900.92",$1.47T,$51.29B,20M BTC,3.3% (24h),,
2026-03-16 14:42:45,"$74,215.96",$1.48T,$53.58B,20M BTC,3.47% (24h),,
2026-03-16 15:45:12,"$74,151.71",$1.48T,$53.93B,20M BTC,3.7% (24h),,
2026-03-16 16:24:28,"$73,969.07",$1.47T,$55.53B,20M BTC,3.42% (24h),,
2026-03-16 17:08:34,"$74,292.40",$1.48T,$55.19B,20M BTC,3.67% (24h),,
2026-03-16 17:55:52,"$74,493.24",$1.49T,$56.92B,20M BTC,3.37% (24h),,
2026-03-16 18:41:09,"$74,698.76",$1.49T,$56.97B,20M BTC,3.12% (24h),,
2026-03-16 19:05:07,"$74,404.17",$1.48T,$55.72B,20M BTC,1.98% (24h),,
2026-03-16 19:43:27,"$74,831.14",$1.49T,$55.33B,20M BTC,2.88% (24h),,
2026-03-16 20:57:24,"$75,092.62",$1.5T,$57.4B,20M BTC,3.42% (24h),,
2026-03-16 23:37:10,"$74,557.74",$1.49T,$59.92B,20M BTC,1.04% (24h),,
2026-03-17 01:13:22,"$74,368.48",$1.48T,$58.59B,20M BTC,0.46% (24h),,
2026-03-17 02:18:17,"$74,129.23",$1.48T,$57.94B,20M BTC,0.54% (24h),,
2026-03-17 03:35:14,"$74,351.03",$1.48T,$57.49B,20M BTC,0.89% (24h),,
2026-03-17 04:31:54,"$74,332.84",$1.48T,$56.59B,20M BTC,1.39% (24h),,
2026-03-17 05:33:25,"$74,277.84",$1.48T,$55.6B,20M BTC,1.45% (24h),,
2026-03-17 06:33:10,"$73,701.82",$1.47T,$56.25B,20M BTC,0.45% (24h),,
2026-03-17 07:29:53,"$74,016.51",$1.48T,$56.18B,20M BTC,0.6% (24h),,
2026-03-17 08:07:50,"$74,090.25",$1.48T,$56.11B,20M BTC,0.67% (24h),,
2026-03-17 09:51:31,"$73,702.35",$1.47T,$54.59B,20M BTC,0.7% (24h),,
2026-03-17 10:50:29,"$74,266.04",$1.48T,$52.08B,20M BTC,1.52% (24h),,
2026-03-17 11:54:34,"$74,053.20",$1.48T,$53.46B,20M BTC,0.98% (24h),,
2026-03-17 13:10:11,"$74,220.42",$1.48T,$53.59B,20M BTC,0.66% (24h),,
2026-03-17 14:09:51,"$74,629.60",$1.49T,$53.52B,20M BTC,0.56% (24h),,
2026-03-17 15:21:35,"$74,732.39",$1.49T,$52.53B,20M BTC,0.8% (24h),,
2026-03-17 16:02:48,"$74,487.57",$1.48T,$52.56B,20M BTC,0.72% (24h),,
2026-03-17 16:57:25,"$74,558.87",$1.49T,$52.77B,20M BTC,0.51% (24h),,
2026-03-17 17:47:14,"$74,776.71",$1.49T,$51.91B,20M BTC,0.38% (24h),,
2026-03-17 18:20:38,"$74,558.65",$1.49T,$51.06B,20M BTC,0.43% (24h),,
2026-03-17 18:58:10,"$74,267.60",$1.48T,$50.68B,20M BTC,0.59% (24h),,
2026-03-17 19:41:44,"$74,065.29",$1.48T,$48.7B,20M BTC,0.9% (24h),,
2026-03-17 20:04:33,"$73,881.20",$1.47T,$49.5B,20M BTC,1.19% (24h),,
2026-03-17 23:20:10,"$74,305.61",$1.48T,$43.23B,20M BTC,0.89% (24h),,
2026-03-18 01:13:07,"$74,294.63",$1.48T,$39.31B,20M BTC,0.07% (24h),,
2026-03-18 02:18:33,"$74,092.47",$1.48T,$37.51B,20M BTC,0.05% (24h),,
2026-03-18 03:35:28,"$73,756.78",$1.47T,$37.55B,20M BTC,0.78% (24h),,
2026-03-18 04:28:59,"$74,045.40",$1.48T,$37.45B,20M BTC,0.38% (24h),,
2026-03-18 05:32:28,"$74,213.05",$1.48T,$37.19B,20M BTC,0.13% (24h),,
2026-03-18 06:36:06,"$74,030.72",$1.48T,$35.88B,20M BTC,0.41% (24h),,
2026-03-18 07:31:45,"$73,243.24",$1.46T,$35.56B,20M BTC,1.03% (24h),,
2026-03-18 08:09:38,"$72,755.08",$1.45T,$37.91B,20M BTC,1.84% (24h),,
2026-03-18 09:55:17,"$72,162.68",$1.44T,$39.48B,20M BTC,1.9% (24h),,
2026-03-18 11:10:37,"$71,282.37",$1.42T,$41.76B,20M BTC,4.19% (24h),,
2026-03-18 12:19:20,"$71,287.08",$1.42T,$42.89B,20M BTC,3.98% (24h),,
2026-03-18 13:34:49,"$71,467.63",$1.42T,$42.92B,20M BTC,3.84% (24h),,
2026-03-18 14:36:55,"$71,595.31",$1.43T,$44.24B,20M BTC,4.02% (24h),,
2026-03-18 15:37:04,"$71,156.65",$1.42T,$44.78B,20M BTC,4.64% (24h),,
2026-03-18 16:07:08,"$70,819.41",$1.41T,$44.93B,20M BTC,4.86% (24h),,
2026-03-18 16:56:44,"$71,243.93",$1.42T,$46.19B,20M BTC,4.44% (24h),,
2026-03-18 17:41:30,"$71,361.84",$1.42T,$45.86B,20M BTC,4.55% (24h),,
2026-03-18 18:04:51,"$71,123.14",$1.42T,$45.93B,20M BTC,4.86% (24h),,
2026-03-18 19:20:22,"$71,105.16",$1.42T,$46.03B,20M BTC,4.32% (24h),,
2026-03-18 19:49:58,"$71,334.61",$1.42T,$46.09B,20M BTC,3.6% (24h),,
2026-03-18 21:01:13,"$71,042.69",$1.42T,$46.08B,20M BTC,3.84% (24h),,
2026-03-18 23:47:48,"$71,246.27",$1.42T,$46.2B,20M BTC,4.37% (24h),,
2026-03-19 01:17:55,"$70,847.71",$1.41T,$46.7B,20M BTC,4.6% (24h),,
2026-03-19 02:15:29,"$70,872.32",$1.41T,$46.31B,20M BTC,4.36% (24h),,
2026-03-19 03:30:04,"$69,834.57",$1.39T,$48.22B,20M BTC,5.43% (24h),,
2026-03-19 04:06:23,"$70,134.26",$1.4T,$49.35B,20M BTC,5.25% (24h),,
2026-03-19 05:01:48,"$70,109.82",$1.4T,$50.36B,20M BTC,5.33% (24h),,
2026-03-19 05:59:51,"$70,498.11",$1.41T,$51.52B,20M BTC,4.93% (24h),,
2026-03-19 09:01:36,"$69,290.08",$1.38T,$48.47B,20M BTC,4.12% (24h),,
2026-03-19 09:42:58,"$69,753.91",$1.39T,$49.17B,20M BTC,3.73% (24h),,
2026-03-19 10:39:20,"$69,128.92",$1.38T,$48.43B,20M BTC,3.62% (24h),,
2026-03-19 11:38:12,"$69,219.84",$1.38T,$45.82B,20M BTC,3% (24h),,
2026-03-19 12:41:37,"$69,587.23",$1.39T,$47.04B,20M BTC,2.32% (24h),,
2026-03-19 13:43:51,"$69,560.63",$1.39T,$46.95B,20M BTC,2.81% (24h),,
2026-03-19 14:38:25,"$69,681.06",$1.39T,$45.76B,20M BTC,2.72% (24h),,
2026-03-19 15:36:24,"$70,206.22",$1.4T,$45.83B,20M BTC,1.33% (24h),,
2026-03-19 16:07:28,"$70,270.51",$1.4T,$45.71B,20M BTC,0.8% (24h),,
2026-03-19 16:56:50,"$70,503.91",$1.41T,$44.77B,20M BTC,1.07% (24h),,
2026-03-19 17:42:43,"$70,490.90",$1.41T,$44.73B,20M BTC,1.2% (24h),,
2026-03-19 18:14:42,"$70,460.67",$1.4T,$44.52B,20M BTC,0.76% (24h),,
2026-03-19 18:52:15,"$70,151.02",$1.4T,$44.81B,20M BTC,1.29% (24h),,
2026-03-19 19:37:05,"$70,002.10",$1.4T,$44.46B,20M BTC,1.85% (24h),,
2026-03-19 19:59:28,"$69,913.36",$1.39T,$44.72B,20M BTC,1.87% (24h),,
2026-03-19 22:51:00,"$70,362.57",$1.4T,$44.82B,20M BTC,1.06% (24h),,
2026-03-20 00:31:15,"$70,864.59",$1.41T,$44.75B,20M BTC,0.2% (24h),,
2026-03-20 01:40:01,"$70,663.01",$1.41T,$44.68B,20M BTC,0.1% (24h),,
2026-03-20 02:36:57,"$70,448.48",$1.4T,$44.95B,20M BTC,0.23% (24h),,
2026-03-20 03:35:21,"$70,634.13",$1.41T,$42.87B,20M BTC,0.94% (24h),,
2026-03-20 04:07:37,"$71,004.95",$1.42T,$42.47B,20M BTC,1.25% (24h),,
2026-03-20 04:59:57,"$71,036.73",$1.42T,$42.62B,20M BTC,1.53% (24h),,
2026-03-20 05:56:13,"$70,564.09",$1.41T,$42.24B,20M BTC,0.17% (24h),,
2026-03-20 06:46:43,"$70,559.68",$1.41T,$41.96B,20M BTC,0.49% (24h),,
2026-03-20 07:21:10,"$70,688.95",$1.41T,$42.36B,20M BTC,0.71% (24h),,
2026-03-20 07:51:36,"$70,338.46",$1.4T,$42.38B,20M BTC,0.48% (24h),,
2026-03-20 08:38:37,"$70,417.96",$1.4T,$41.41B,20M BTC,1.06% (24h),,
2026-03-20 09:48:18,"$70,293.26",$1.4T,$39.7B,20M BTC,0.95% (24h),,
2026-03-20 10:35:52,"$70,220.23",$1.4T,$40.29B,20M BTC,1.35% (24h),,
2026-03-20 11:28:12,"$69,784.99",$1.39T,$40.03B,20M BTC,0.77% (24h),,
2026-03-20 12:10:20,"$69,951.42",$1.39T,$39.04B,20M BTC,0.95% (24h),,
2026-03-20 13:04:12,"$69,905.44",$1.39T,$38.94B,20M BTC,0.75% (24h),,
2026-03-20 13:53:57,"$69,750.73",$1.39T,$39.09B,20M BTC,0.18% (24h),,
2026-03-20 14:59:06,"$69,700.66",$1.39T,$39.48B,20M BTC,0.2% (24h),,
2026-03-20 15:42:16,"$69,844.79",$1.39T,$38.34B,20M BTC,0.81% (24h),,
2026-03-20 16:18:08,"$70,166.59",$1.4T,$38.38B,20M BTC,0.26% (24h),,
2026-03-20 16:55:09,"$70,017.47",$1.4T,$38.3B,20M BTC,0.68% (24h),,
2026-03-20 17:37:43,"$70,576.23",$1.41T,$38.52B,20M BTC,0.04% (24h),,
2026-03-20 17:59:39,"$70,539.25",$1.41T,$38.59B,20M BTC,0.07% (24h),,
2026-03-20 18:40:51,"$70,745.24",$1.41T,$38.84B,20M BTC,0.99% (24h),,
2026-03-20 19:04:04,"$70,685.68",$1.41T,$38.76B,20M BTC,0.62% (24h),,
2026-03-20 19:43:57,"$70,513.39",$1.41T,$38.49B,20M BTC,1% (24h),,
2026-03-20 20:03:59,"$70,535.77",$1.41T,$38.3B,20M BTC,0.9% (24h),,
2026-03-20 22:48:07,"$70,725.36",$1.41T,$36.4B,20M BTC,0.64% (24h),,
2026-03-21 00:22:00,"$70,732.67",$1.41T,$35.31B,20M BTC,0.2% (24h),,
2026-03-21 01:29:04,"$70,771.90",$1.41T,$34.92B,20M BTC,0.18% (24h),,
2026-03-21 02:04:53,"$70,724.03",$1.41T,$35.39B,20M BTC,0.16% (24h),,
2026-03-21 03:03:18,"$70,764.31",$1.41T,$35.47B,20M BTC,0.77% (24h),,
2026-03-21 03:46:31,"$70,734.05",$1.41T,$34.33B,20M BTC,0.15% (24h),,
2026-03-21 04:03:07,"$70,700.20",$1.41T,$33.82B,20M BTC,0.2% (24h),,
2026-03-21 04:50:59,"$70,588.81",$1.41T,$33.2B,20M BTC,0.76% (24h),,
2026-03-21 05:23:35,"$70,640.86",$1.41T,$32.73B,20M BTC,0.03% (24h),,
2026-03-21 05:56:11,"$70,652.98",$1.41T,$32B,20M BTC,0.14% (24h),,
2026-03-21 06:35:13,"$70,598.85",$1.41T,$31.59B,20M BTC,0.24% (24h),,
2026-03-21 06:59:24,"$70,584.50",$1.41T,$31.34B,20M BTC,0.03% (24h),,
2026-03-21 07:34:17,"$70,586.68",$1.41T,$31.05B,20M BTC,0.16% (24h),,
2026-03-21 07:55:39,"$70,605.49",$1.41T,$30.77B,20M BTC,0.27% (24h),,
2026-03-21 09:03:39,"$70,695.71",$1.41T,$29.86B,20M BTC,0.48% (24h),,
2026-03-21 09:52:00,"$70,735.55",$1.41T,$28.72B,20M BTC,0.85% (24h),,
2026-03-21 10:33:53,"$70,942.94",$1.41T,$26.91B,20M BTC,1.13% (24h),,
2026-03-21 10:59:30,"$70,604.56",$1.41T,$26.37B,20M BTC,1.16% (24h),,
2026-03-21 11:36:42,"$70,694.55",$1.41T,$25.27B,20M BTC,1.22% (24h),,
2026-03-21 11:56:38,"$70,637.28",$1.41T,$25.07B,20M BTC,1.16% (24h),,
2026-03-21 12:38:17,"$70,462.88",$1.4T,$24.32B,20M BTC,1.01% (24h),,
2026-03-21 13:01:37,"$70,293.97",$1.4T,$23.92B,20M BTC,0.65% (24h),,
2026-03-21 13:37:55,"$70,384.68",$1.4T,$23.43B,20M BTC,1.36% (24h),,
2026-03-21 13:58:02,"$70,322.62",$1.4T,$23.18B,20M BTC,0.6% (24h),,
2026-03-21 14:50:34,"$70,439.52",$1.4T,$22.13B,20M BTC,0.98% (24h),,
2026-03-21 15:16:41,"$70,396.71",$1.4T,$21.74B,20M BTC,0.78% (24h),,
2026-03-21 15:42:22,"$70,337.12",$1.4T,$21.43B,20M BTC,0.7% (24h),,
2026-03-21 16:00:37,"$70,379.30",$1.4T,$21.11B,20M BTC,0.31% (24h),,
2026-03-21 16:39:55,"$70,462.00",$1.4T,$20.73B,20M BTC,0.83% (24h),,
2026-03-21 17:00:49,"$70,448.27",$1.4T,$20.78B,20M BTC,0.57% (24h),,
2026-03-21 17:36:22,"$70,346.85",$1.4T,$20.38B,20M BTC,0.26% (24h),,
2026-03-21 17:56:27,"$70,327.03",$1.4T,$20.08B,20M BTC,0.3% (24h),,
2026-03-21 18:32:38,"$70,274.83",$1.4T,$19.63B,20M BTC,0.54% (24h),,
2026-03-21 18:59:01,"$70,288.83",$1.4T,$19.65B,20M BTC,0.72% (24h),,
2026-03-21 19:35:38,"$70,137.79",$1.4T,$19.52B,20M BTC,0.49% (24h),,
2026-03-21 19:57:24,"$68,903.11",$1.37T,$20.99B,20M BTC,2.3% (24h),,
2026-03-21 22:52:46,"$69,278.07",$1.38T,$25.47B,20M BTC,2.04% (24h),,
2026-03-22 00:58:47,"$69,326.42",$1.38T,$26.49B,20M BTC,1.86% (24h),,
2026-03-22 02:00:38,"$69,132.27",$1.38T,$25.95B,20M BTC,2.21% (24h),,
2026-03-22 03:04:57,"$69,200.28",$1.38T,$25.44B,20M BTC,2.2% (24h),,
2026-03-22 03:50:22,"$69,065.64",$1.38T,$25.41B,20M BTC,2.37% (24h),,
2026-03-22 04:20:52,"$68,808.25",$1.37T,$25.52B,20M BTC,2.54% (24h),,
2026-03-22 04:56:59,"$68,744.75",$1.37T,$25.95B,20M BTC,2.59% (24h),,
2026-03-22 05:41:07,"$68,760.17",$1.37T,$26.17B,20M BTC,2.7% (24h),,
2026-03-22 06:02:48,"$68,786.04",$1.37T,$26.3B,20M BTC,2.6% (24h),,
2026-03-22 06:43:10,"$68,627.38",$1.37T,$26.28B,20M BTC,2.77% (24h),,
2026-03-22 07:13:24,"$68,676.32",$1.37T,$26.32B,20M BTC,2.68% (24h),,
2026-03-22 07:42:34,"$68,332.48",$1.36T,$26.49B,20M BTC,3.21% (24h),,
2026-03-22 08:01:40,"$68,285.88",$1.36T,$27.09B,20M BTC,3.35% (24h),,
2026-03-22 09:13:45,"$68,785.23",$1.37T,$27.86B,20M BTC,2.75% (24h),,
2026-03-22 09:56:50,"$68,744.72",$1.37T,$28.3B,20M BTC,2.79% (24h),,
2026-03-22 10:35:01,"$68,795.75",$1.37T,$27.96B,20M BTC,3.02% (24h),,
2026-03-22 11:00:33,"$68,728.92",$1.37T,$28.06B,20M BTC,2.67% (24h),,
2026-03-22 11:37:37,"$68,790.04",$1.37T,$27.97B,20M BTC,2.68% (24h),,
2026-03-22 11:58:23,"$68,828.18",$1.37T,$27.9B,20M BTC,2.57% (24h),,
2026-03-22 12:42:20,"$68,705.05",$1.37T,$27.81B,20M BTC,2.35% (24h),,
2026-03-22 13:14:25,"$68,838.97",$1.37T,$27.65B,20M BTC,2.03% (24h),,
2026-03-22 13:47:11,"$68,716.28",$1.37T,$27.58B,20M BTC,2.38% (24h),,
2026-03-22 14:03:27,"$68,623.50",$1.37T,$27.59B,20M BTC,2.41% (24h),,
2026-03-22 14:56:17,"$68,556.37",$1.37T,$27.83B,20M BTC,2.62% (24h),,
2026-03-22 15:33:13,"$68,237.45",$1.36T,$28.12B,20M BTC,3.02% (24h),,
2026-03-22 15:54:16,"$68,221.54",$1.36T,$28.22B,20M BTC,3.01% (24h),,
2026-03-22 16:36:19,"$68,263.65",$1.36T,$29.03B,20M BTC,3.1% (24h),,
2026-03-22 16:59:47,"$68,183.85",$1.36T,$28.99B,20M BTC,3.22% (24h),,
2026-03-22 17:36:22,"$67,719.46",$1.35T,$30.35B,20M BTC,3.73% (24h),,
2026-03-22 17:57:51,"$67,832.05",$1.35T,$30.57B,20M BTC,3.54% (24h),,
2026-03-22 18:36:18,"$68,193.36",$1.36T,$31.25B,20M BTC,3.05% (24h),,
2026-03-22 18:59:59,"$68,316.30",$1.36T,$31.38B,20M BTC,2.8% (24h),,
2026-03-22 19:39:16,"$68,040.13",$1.36T,$31.45B,20M BTC,3.01% (24h),,
2026-03-22 20:01:14,"$67,962.81",$1.35T,$30.47B,20M BTC,1.15% (24h),,
2026-03-22 23:21:13,"$68,225.03",$1.36T,$28.07B,20M BTC,1.57% (24h),,
2026-03-23 01:19:26,"$68,728.37",$1.37T,$28.12B,20M BTC,0.74% (24h),,
2026-03-23 02:44:55,"$67,793.53",$1.35T,$29.41B,20M BTC,2.01% (24h),,
2026-03-23 03:52:45,"$68,366.55",$1.36T,$31.15B,20M BTC,0.97% (24h),,
2026-03-23 05:05:29,"$68,280.61",$1.36T,$32.71B,20M BTC,0.71% (24h),,
2026-03-23 06:14:17,"$68,649.43",$1.37T,$32.66B,20M BTC,0.11% (24h),,
2026-03-23 07:13:03,"$71,401.84",$1.42T,$33.46B,20M BTC,3.98% (24h),,
2026-03-23 07:58:09,"$70,084.48",$1.4T,$41.41B,20M BTC,2.71% (24h),,
2026-03-23 09:42:22,"$71,107.69",$1.42T,$44.77B,20M BTC,3.58% (24h),,
2026-03-23 10:46:31,"$71,224.50",$1.42T,$48.04B,20M BTC,3.49% (24h),,
2026-03-23 11:47:05,"$70,535.78",$1.41T,$48.79B,20M BTC,2.54% (24h),,
2026-03-23 12:41:11,"$70,414.16",$1.4T,$50.68B,20M BTC,2.44% (24h),,
2026-03-23 13:39:25,"$70,994.89",$1.42T,$53.33B,20M BTC,3.34% (24h),,
2026-03-23 14:34:06,"$71,075.27",$1.42T,$53.75B,20M BTC,3.57% (24h),,
2026-03-23 15:35:43,"$70,971.57",$1.41T,$54.17B,20M BTC,3.91% (24h),,
2026-03-23 16:24:03,"$70,780.33",$1.41T,$54.22B,20M BTC,3.45% (24h),,
2026-03-23 17:05:11,"$70,864.06",$1.41T,$54.16B,20M BTC,4.06% (24h),,
2026-03-23 17:51:17,"$70,922.87",$1.41T,$52.53B,20M BTC,4.55% (24h),,
2026-03-23 18:22:52,"$70,649.60",$1.41T,$52B,20M BTC,3.82% (24h),,
2026-03-23 19:02:11,"$70,763.97",$1.41T,$51.51B,20M BTC,3.61% (24h),,
2026-03-23 19:48:12,"$70,736.49",$1.41T,$51.28B,20M BTC,3.94% (24h),,
2026-03-23 20:54:29,"$70,769.52",$1.41T,$50.88B,20M BTC,4.46% (24h),,
2026-03-23 23:38:09,"$70,425.25",$1.4T,$50.29B,20M BTC,3.34% (24h),,
2026-03-24 01:15:40,"$70,183.63",$1.4T,$50.18B,20M BTC,2.08% (24h),,
2026-03-24 02:17:54,"$70,374.64",$1.4T,$50.01B,20M BTC,2.53% (24h),,
2026-03-24 03:34:50,"$70,899.82",$1.41T,$49.35B,20M BTC,4.35% (24h),,
2026-03-24 04:30:17,"$70,889.98",$1.41T,$48.88B,20M BTC,3.56% (24h),,
2026-03-24 05:33:34,"$71,061.88",$1.42T,$48.49B,20M BTC,4.26% (24h),,
2026-03-24 06:33:32,"$71,119.02",$1.42T,$48.73B,20M BTC,3.91% (24h),,
2026-03-24 07:31:06,"$71,050.19",$1.42T,$42.57B,20M BTC,0.2% (24h),,
2026-03-24 08:08:42,"$71,019.21",$1.42T,$39.84B,20M BTC,1.74% (24h),,
2026-03-24 09:51:56,"$70,163.32",$1.4T,$37.63B,20M BTC,1.58% (24h),,
2026-03-24 11:06:46,"$69,994.40",$1.4T,$37.84B,20M BTC,2.16% (24h),,
2026-03-24 12:17:49,"$69,929.86",$1.39T,$36.84B,20M BTC,0.69% (24h),,
2026-03-24 13:29:07,"$69,142.51",$1.38T,$36.33B,20M BTC,2.03% (24h),,
2026-03-24 14:34:28,"$69,509.66",$1.39T,$37.49B,20M BTC,2.2% (24h),,
2026-03-24 15:40:23,"$69,412.34",$1.38T,$37.44B,20M BTC,2.13% (24h),,
2026-03-24 16:25:15,"$69,931.93",$1.39T,$37.09B,20M BTC,1.18% (24h),,
2026-03-24 17:07:22,"$70,125.33",$1.4T,$38.41B,20M BTC,1.09% (24h),,
2026-03-24 17:53:01,"$70,207.39",$1.4T,$38.66B,20M BTC,1.06% (24h),,
2026-03-24 18:38:53,"$70,242.43",$1.4T,$39.24B,20M BTC,0.57% (24h),,
2026-03-24 19:04:42,"$70,296.15",$1.4T,$39.46B,20M BTC,0.58% (24h),,
2026-03-24 19:46:41,"$70,617.71",$1.41T,$40.34B,20M BTC,0.18% (24h),,
2026-03-24 20:59:22,"$70,859.96",$1.41T,$40.19B,20M BTC,0.23% (24h),,
2026-03-24 23:44:41,"$70,713.90",$1.41T,$40.28B,20M BTC,0.34% (24h),,
2026-03-25 01:17:27,"$71,147.86",$1.42T,$40.58B,20M BTC,1.37% (24h),,
2026-03-25 02:18:06,"$71,168.76",$1.42T,$40.68B,20M BTC,1.14% (24h),,
2026-03-25 03:34:20,"$71,177.90",$1.42T,$40.35B,20M BTC,0.38% (24h),,
2026-03-25 04:30:59,"$71,260.23",$1.42T,$39.54B,20M BTC,0.52% (24h),,
2026-03-25 05:33:10,"$71,272.25",$1.42T,$40.01B,20M BTC,0.29% (24h),,
2026-03-25 06:32:42,"$71,336.20",$1.42T,$39.84B,20M BTC,0.29% (24h),,
2026-03-25 07:28:23,"$71,779.75",$1.43T,$39.75B,20M BTC,1.03% (24h),,
2026-03-25 08:06:51,"$71,799.13",$1.43T,$40.08B,20M BTC,1.12% (24h),,
2026-03-25 09:49:35,"$71,717.13",$1.43T,$41.32B,20M BTC,2.07% (24h),,
2026-03-25 10:51:28,"$71,395.28",$1.42T,$40.32B,20M BTC,2.7% (24h),,
2026-03-25 12:01:20,"$70,834.98",$1.41T,$39.29B,20M BTC,1.44% (24h),,
2026-03-25 13:16:39,"$71,028.94",$1.42T,$39.17B,20M BTC,2.55% (24h),,
2026-03-25 14:14:09,"$70,864.33",$1.41T,$38.52B,20M BTC,2.27% (24h),,
2026-03-25 15:15:19,"$70,838.34",$1.41T,$38.06B,20M BTC,1.78% (24h),,
2026-03-25 15:58:55,"$70,769.39",$1.41T,$38.06B,20M BTC,2.15% (24h),,
2026-03-25 16:52:59,"$71,001.69",$1.42T,$37.57B,20M BTC,1.25% (24h),,
2026-03-25 17:47:58,"$71,026.53",$1.42T,$37.21B,20M BTC,1.05% (24h),,
2026-03-25 18:23:17,"$71,004.53",$1.42T,$36.66B,20M BTC,0.83% (24h),,
2026-03-25 19:04:55,"$71,393.44",$1.42T,$36.55B,20M BTC,1.57% (24h),,
2026-03-25 19:51:07,"$71,215.71",$1.42T,$35.98B,20M BTC,0.84% (24h),,
2026-03-25 21:21:40,"$71,218.10",$1.42T,$35.16B,20M BTC,0.64% (24h),,
2026-03-26 00:10:22,"$70,807.59",$1.41T,$35.1B,20M BTC,0% (24h),,
2026-03-26 01:51:20,"$70,269.82",$1.4T,$34B,20M BTC,1.14% (24h),,
2026-03-26 02:58:45,"$70,080.77",$1.4T,$35.39B,20M BTC,1.37% (24h),,
2026-03-26 04:08:50,"$70,055.18",$1.4T,$35.54B,20M BTC,1.14% (24h),,
2026-03-26 05:14:50,"$70,023.28",$1.4T,$34.41B,20M BTC,1.8% (24h),,
2026-03-26 06:16:33,"$69,600.55",$1.39T,$35.37B,20M BTC,2.5% (24h),,
2026-03-26 07:16:29,"$69,521.91",$1.39T,$35.34B,20M BTC,2.96% (24h),,
2026-03-26 08:14:53,"$69,354.54",$1.38T,$34.87B,20M BTC,3.34% (24h),,
2026-03-26 10:00:41,"$69,627.24",$1.39T,$34.55B,20M BTC,2.7% (24h),,
2026-03-26 12:33:19,"$68,862.30",$1.37T,$35.47B,20M BTC,3.59% (24h),,
2026-03-26 14:13:29,"$68,376.10",$1.36T,$35.52B,20M BTC,3.51% (24h),,
2026-03-26 14:46:08,"$68,295.40",$1.36T,$36.6B,20M BTC,3.58% (24h),,
2026-03-26 15:47:30,"$68,594.62",$1.37T,$36.75B,20M BTC,3.21% (24h),,
2026-03-26 16:24:06,"$69,281.46",$1.38T,$37.48B,20M BTC,2.08% (24h),,
2026-03-26 17:03:14,"$68,918.18",$1.37T,$38.41B,20M BTC,2.9% (24h),,
2026-03-26 17:46:24,"$68,938.71",$1.37T,$38.8B,20M BTC,2.97% (24h),,
2026-03-26 18:03:54,"$68,921.16",$1.37T,$38.89B,20M BTC,3.04% (24h),,
2026-03-26 18:51:03,"$68,771.73",$1.37T,$38.95B,20M BTC,3.63% (24h),,
2026-03-26 19:23:07,"$68,775.95",$1.37T,$38.79B,20M BTC,3.53% (24h),,
2026-03-26 19:59:21,"$68,791.75",$1.37T,$38.96B,20M BTC,3.53% (24h),,
2026-03-26 23:25:56,"$68,747.62",$1.37T,$39.13B,20M BTC,2.79% (24h),,
2026-03-27 01:24:44,"$68,669.22",$1.37T,$39.26B,20M BTC,2.7% (24h),,
2026-03-27 02:48:00,"$68,647.55",$1.37T,$38.47B,20M BTC,1.91% (24h),,
2026-03-27 03:50:32,"$68,569.22",$1.37T,$38.68B,20M BTC,2.11% (24h),,
2026-03-27 04:38:31,"$67,656.27",$1.35T,$39.7B,20M BTC,3.12% (24h),,
2026-03-27 05:39:06,"$67,772.95",$1.35T,$40.67B,20M BTC,2.45% (24h),,
2026-03-27 06:32:41,"$67,716.61",$1.35T,$40.25B,20M BTC,2.69% (24h),,
2026-03-27 07:29:02,"$66,662.18",$1.33T,$43.6B,20M BTC,3.79% (24h),,
2026-03-27 08:07:27,"$66,640.97",$1.33T,$44.04B,20M BTC,3.79% (24h),,
2026-03-27 09:43:34,"$66,556.19",$1.33T,$44.57B,20M BTC,3.97% (24h),,
2026-03-27 10:41:46,"$65,836.22",$1.31T,$46.91B,20M BTC,5.49% (24h),,
2026-03-27 11:39:10,"$66,489.06",$1.33T,$47.81B,20M BTC,3.49% (24h),,
2026-03-27 12:36:42,"$65,886.24",$1.31T,$48.66B,20M BTC,4.43% (24h),,
2026-03-27 13:34:21,"$65,827.68",$1.31T,$49.42B,20M BTC,4.74% (24h),,
2026-03-27 14:35:26,"$65,777.29",$1.31T,$48.38B,20M BTC,3.58% (24h),,
2026-03-27 15:29:42,"$65,870.82",$1.31T,$48.32B,20M BTC,3.66% (24h),,
2026-03-27 16:02:51,"$66,046.76",$1.32T,$48.32B,20M BTC,3.6% (24h),,
2026-03-27 16:55:46,"$66,012.86",$1.32T,$46.47B,20M BTC,4.23% (24h),,
2026-03-27 17:42:34,"$66,074.83",$1.32T,$46.76B,20M BTC,4.28% (24h),,
2026-03-27 18:17:40,"$65,956.13",$1.31T,$46.64B,20M BTC,4.29% (24h),,
2026-03-27 18:57:02,"$66,012.17",$1.32T,$46.39B,20M BTC,4.08% (24h),,
2026-03-27 19:40:30,"$66,190.03",$1.32T,$46.33B,20M BTC,3.62% (24h),,
2026-03-27 20:01:47,"$66,322.25",$1.32T,$46.47B,20M BTC,3.47% (24h),,
2026-03-27 23:13:36,"$66,091.82",$1.32T,$45.46B,20M BTC,3.8% (24h),,
2026-03-28 01:08:08,"$66,204.16",$1.32T,$44.86B,20M BTC,3.47% (24h),,
2026-03-28 02:11:33,"$66,314.73",$1.32T,$44.51B,20M BTC,3.44% (24h),,
2026-03-28 03:16:29,"$66,393.00",$1.32T,$44.18B,20M BTC,3.47% (24h),,
2026-03-28 03:58:19,"$66,507.93",$1.33T,$43.34B,20M BTC,2.84% (24h),,
2026-03-28 04:53:55,"$66,360.45",$1.32T,$40.8B,20M BTC,2.34% (24h),,
2026-03-28 05:44:31,"$66,250.45",$1.32T,$39.85B,20M BTC,2.13% (24h),,
2026-03-28 06:18:53,"$66,275.76",$1.32T,$39.35B,20M BTC,2.07% (24h),,
2026-03-28 06:56:00,"$66,183.54",$1.32T,$37.9B,20M BTC,0.61% (24h),,
2026-03-28 07:34:41,"$66,270.63",$1.32T,$35.05B,20M BTC,0.62% (24h),,
2026-03-28 07:57:47,"$66,299.41",$1.32T,$34.7B,20M BTC,0.57% (24h),,
2026-03-28 09:14:38,"$66,474.12",$1.33T,$32.95B,20M BTC,0.05% (24h),,
2026-03-28 10:01:51,"$66,720.95",$1.33T,$31.39B,20M BTC,0.83% (24h),,
2026-03-28 10:47:02,"$66,887.22",$1.33T,$29.41B,20M BTC,1.61% (24h),,
2026-03-28 11:18:19,"$67,001.26",$1.34T,$28.36B,20M BTC,1.28% (24h),,
2026-03-28 11:51:26,"$66,946.85",$1.33T,$27.34B,20M BTC,0.93% (24h),,
2026-03-28 12:23:45,"$67,004.36",$1.34T,$26.41B,20M BTC,1.59% (24h),,
2026-03-28 13:01:45,"$66,887.46",$1.33T,$25.61B,20M BTC,1.41% (24h),,
2026-03-28 13:41:57,"$66,795.62",$1.33T,$24.34B,20M BTC,1.41% (24h),,
2026-03-28 14:20:55,"$66,869.52",$1.33T,$23.88B,20M BTC,1.68% (24h),,
2026-03-28 15:05:58,"$66,872.97",$1.33T,$23.28B,20M BTC,1.75% (24h),,
2026-03-28 15:45:12,"$66,800.39",$1.33T,$22.74B,20M BTC,1.4% (24h),,
2026-03-28 16:16:00,"$66,950.11",$1.33T,$22.17B,20M BTC,1.49% (24h),,
2026-03-28 16:52:49,"$66,904.88",$1.33T,$21.86B,20M BTC,1.42% (24h),,
2026-03-28 17:40:53,"$66,799.86",$1.33T,$21.55B,20M BTC,1.18% (24h),,
2026-03-28 18:01:04,"$66,638.61",$1.33T,$21.54B,20M BTC,0.92% (24h),,
2026-03-28 18:41:18,"$66,688.50",$1.33T,$21.29B,20M BTC,1.18% (24h),,
2026-03-28 19:04:51,"$66,625.48",$1.33T,$21.22B,20M BTC,0.98% (24h),,
2026-03-28 19:46:43,"$66,335.47",$1.32T,$21.37B,20M BTC,0.1% (24h),,
2026-03-28 21:06:35,"$66,511.51",$1.33T,$20.87B,20M BTC,0.26% (24h),,
2026-03-29 00:11:46,"$66,859.31",$1.33T,$20.42B,20M BTC,1.14% (24h),,
2026-03-29 01:53:22,"$66,730.80",$1.33T,$20.09B,20M BTC,0.62% (24h),,
2026-03-29 03:13:25,"$66,515.02",$1.33T,$19.94B,20M BTC,0.2% (24h),,
2026-03-29 04:01:03,"$66,627.85",$1.33T,$19.7B,20M BTC,0.23% (24h),,
2026-03-29 04:55:47,"$66,672.50",$1.33T,$19.05B,20M BTC,0.46% (24h),,
2026-03-29 05:45:54,"$66,538.31",$1.33T,$18.85B,20M BTC,0.44% (24h),,
2026-03-29 06:20:21,"$66,449.50",$1.32T,$18.97B,20M BTC,0.28% (24h),,
2026-03-29 06:58:05,"$66,482.99",$1.33T,$19.02B,20M BTC,0.44% (24h),,
2026-03-29 07:38:42,"$66,838.50",$1.33T,$19.21B,20M BTC,0.85% (24h),,
2026-03-29 07:59:49,"$66,766.40",$1.33T,$19.2B,20M BTC,0.69% (24h),,
2026-03-29 09:17:33,"$66,600.40",$1.33T,$19.31B,20M BTC,0.23% (24h),,
2026-03-29 10:03:50,"$66,465.69",$1.32T,$18.27B,20M BTC,0.38% (24h),,
2026-03-29 10:53:17,"$66,500.48",$1.33T,$18.25B,20M BTC,0.42% (24h),,
2026-03-29 11:39:15,"$66,329.27",$1.32T,$17.65B,20M BTC,1.06% (24h),,
2026-03-29 12:03:15,"$66,490.81",$1.33T,$17.71B,20M BTC,0.68% (24h),,
2026-03-29 12:52:19,"$66,490.40",$1.33T,$17.68B,20M BTC,0.53% (24h),,
2026-03-29 13:38:25,"$66,253.45",$1.32T,$17.63B,20M BTC,0.9% (24h),,
2026-03-29 14:03:04,"$66,317.27",$1.32T,$17.65B,20M BTC,0.76% (24h),,
2026-03-29 15:03:19,"$66,355.99",$1.32T,$17.52B,20M BTC,0.75% (24h),,
2026-03-29 15:48:26,"$66,362.44",$1.32T,$17.68B,20M BTC,0.67% (24h),,
2026-03-29 16:17:04,"$66,432.43",$1.32T,$17.66B,20M BTC,0.77% (24h),,
2026-03-29 16:54:23,"$66,518.59",$1.33T,$17.99B,20M BTC,0.59% (24h),,
2026-03-29 17:39:49,"$66,608.99",$1.33T,$17.89B,20M BTC,0.31% (24h),,
2026-03-29 18:02:13,"$66,415.22",$1.32T,$18.01B,20M BTC,0.26% (24h),,
2026-03-29 18:51:01,"$65,081.84",$1.3T,$18.38B,20M BTC,2.43% (24h),,
2026-03-29 19:24:11,"$66,111.65",$1.32T,$21.04B,20M BTC,0.35% (24h),,
2026-03-29 19:59:16,"$65,976.19",$1.32T,$21.48B,20M BTC,0.51% (24h),,
2026-03-29 23:33:41,"$67,171.90",$1.34T,$25.34B,20M BTC,0.35% (24h),,
2026-03-30 01:53:13,"$67,458.25",$1.34T,$27.4B,20M BTC,1.16% (24h),,
2026-03-30 03:52:42,"$67,464.36",$1.34T,$28.38B,20M BTC,1.18% (24h),,
2026-03-30 05:21:18,"$67,573.37",$1.35T,$30.88B,20M BTC,1.46% (24h),,
2026-03-30 06:44:26,"$67,353.64",$1.34T,$31.27B,20M BTC,1.34% (24h),,
2026-03-30 07:44:38,"$67,533.48",$1.35T,$31.98B,20M BTC,1.03% (24h),,
2026-03-30 08:44:32,"$67,840.53",$1.35T,$32.74B,20M BTC,1.69% (24h),,
2026-03-30 10:17:41,"$67,549.45",$1.35T,$34.6B,20M BTC,1.41% (24h),,
2026-03-30 11:47:23,"$67,696.81",$1.35T,$36.65B,20M BTC,1.95% (24h),,
2026-03-30 12:44:06,"$67,334.65",$1.34T,$37.28B,20M BTC,1.27% (24h),,
2026-03-30 13:42:04,"$66,844.41",$1.33T,$38.32B,20M BTC,0.86% (24h),,
2026-03-30 14:42:37,"$66,669.11",$1.33T,$39.18B,20M BTC,0.37% (24h),,
2026-03-30 15:45:06,"$66,290.43",$1.32T,$40.05B,20M BTC,0.05% (24h),,
2026-03-30 16:32:23,"$66,600.40",$1.33T,$40.05B,20M BTC,0.06% (24h),,
2026-03-30 17:26:53,"$66,820.42",$1.33T,$40.65B,20M BTC,0.38% (24h),,
2026-03-30 18:06:12,"$66,904.76",$1.33T,$40.69B,20M BTC,0.89% (24h),,
2026-03-30 18:56:11,"$66,731.12",$1.33T,$38.84B,20M BTC,1.77% (24h),,
2026-03-30 19:42:34,"$66,632.37",$1.33T,$37.84B,20M BTC,1.1% (24h),,
2026-03-30 21:04:27,"$67,116.57",$1.34T,$36.56B,20M BTC,1.06% (24h),,
2026-03-31 00:08:06,"$67,686.89",$1.35T,$36.64B,20M BTC,0.53% (24h),,
2026-03-31 01:54:51,"$67,669.53",$1.35T,$35.98B,20M BTC,0.28% (24h),,
2026-03-31 03:26:06,"$67,128.87",$1.34T,$36.22B,20M BTC,0.21% (24h),,
2026-03-31 04:39:17,"$67,092.82",$1.34T,$36.25B,20M BTC,1.09% (24h),,
2026-03-31 05:46:26,"$66,415.60",$1.32T,$36.86B,20M BTC,1.6% (24h),,
2026-03-31 06:41:45,"$66,237.53",$1.32T,$37.96B,20M BTC,1.65% (24h),,
2026-03-31 07:37:28,"$66,730.69",$1.33T,$38.67B,20M BTC,1.31% (24h),,
2026-03-31 08:40:59,"$66,826.66",$1.33T,$38.39B,20M BTC,1.46% (24h),,
2026-03-31 10:17:33,"$67,422.01",$1.34T,$38.65B,20M BTC,0.22% (24h),,
2026-03-31 11:46:08,"$66,865.51",$1.33T,$39.32B,20M BTC,1.22% (24h),,
2026-03-31 12:43:09,"$67,927.17",$1.35T,$39.64B,20M BTC,0.89% (24h),,
2026-03-31 13:44:56,"$67,619.87",$1.35T,$41.95B,20M BTC,1.14% (24h),,
2026-03-31 14:42:29,"$67,697.84",$1.35T,$42.34B,20M BTC,1.54% (24h),,
2026-03-31 15:45:10,"$67,773.83",$1.35T,$42.02B,20M BTC,2.23% (24h),,
2026-03-31 16:30:08,"$67,927.23",$1.35T,$42.24B,20M BTC,2% (24h),,
2026-03-31 17:08:28,"$68,024.67",$1.36T,$42.46B,20M BTC,2.21% (24h),,
2026-03-31 17:55:57,"$68,330.71",$1.36T,$42.42B,20M BTC,2.26% (24h),,
2026-03-31 18:40:35,"$68,023.77",$1.36T,$42.71B,20M BTC,1.91% (24h),,
2026-03-31 19:18:02,"$68,293.53",$1.36T,$42.89B,20M BTC,2.67% (24h),,
2026-03-31 19:53:49,"$68,248.35",$1.36T,$43B,20M BTC,2.31% (24h),,
2026-03-31 23:22:34,"$67,910.09",$1.35T,$42.13B,20M BTC,0.17% (24h),,
2026-04-01 01:36:29,"$68,528.78",$1.37T,$42.14B,20M BTC,1.32% (24h),,
2026-04-01 03:05:17,"$69,120.39",$1.38T,$43.47B,20M BTC,2.48% (24h),,
2026-04-01 04:22:47,"$68,609.43",$1.37T,$43.96B,20M BTC,1.83% (24h),,
2026-04-01 05:48:37,"$68,538.15",$1.37T,$42.3B,20M BTC,3.29% (24h),,
2026-04-01 06:43:43,"$68,505.89",$1.37T,$41.94B,20M BTC,3.48% (24h),,
2026-04-01 07:41:12,"$68,586.88",$1.37T,$41.26B,20M BTC,2.75% (24h),,
2026-04-01 08:46:22,"$68,583.16",$1.37T,$41.26B,20.01M BTC,2.6% (24h),,
2026-04-01 10:23:13,"$68,386.48",$1.36T,$41.41B,20.01M BTC,1.17% (24h),,
2026-04-01 11:54:33,"$68,892.97",$1.37T,$40.42B,20.01M BTC,2.88% (24h),,
2026-04-01 13:03:33,"$69,102.39",$1.38T,$39.59B,20.01M BTC,1.99% (24h),,
2026-04-01 15:21:19,"$68,085.60",$1.36T,$37.58B,20.01M BTC,0.37% (24h),,
2026-04-01 16:07:07,"$68,071.43",$1.36T,$37.62B,20.01M BTC,0.14% (24h),,
2026-04-01 17:01:29,"$68,175.11",$1.36T,$37.42B,20.01M BTC,0.06% (24h),,
2026-04-01 17:55:03,"$68,316.18",$1.36T,$37.19B,20.01M BTC,0.01% (24h),,
2026-04-01 18:46:25,"$68,220.25",$1.36T,$36.66B,20.01M BTC,0.17% (24h),,
2026-04-01 19:25:34,"$68,088.90",$1.36T,$36.37B,20.01M BTC,0.17% (24h),,
2026-04-01 19:59:39,"$68,084.07",$1.36T,$36.46B,20.01M BTC,0.21% (24h),,
2026-04-01 23:20:33,"$66,669.33",$1.33T,$38.39B,20.01M BTC,1.87% (24h),,
2026-04-02 01:18:03,"$66,381.59",$1.32T,$38.98B,20.01M BTC,3.02% (24h),,
2026-04-02 02:44:15,"$66,547.41",$1.33T,$38.9B,20.01M BTC,3.58% (24h),,
2026-04-02 03:56:34,"$66,875.22",$1.33T,$37.39B,20.01M BTC,2.61% (24h),,
2026-04-02 05:07:00,"$66,345.48",$1.32T,$36.76B,20.01M BTC,3.41% (24h),,
2026-04-02 06:11:52,"$66,243.06",$1.32T,$36.91B,20.01M BTC,3.28% (24h),,
2026-04-02 07:18:59,"$66,424.40",$1.32T,$36.64B,20.01M BTC,3.11% (24h),,
2026-04-02 08:03:02,"$66,125.50",$1.32T,$37.02B,20.01M BTC,3.69% (24h),,
2026-04-02 09:56:31,"$66,118.52",$1.32T,$37.11B,20.01M BTC,2.93% (24h),,
2026-04-02 11:06:40,"$66,716.88",$1.33T,$38.62B,20.01M BTC,2.73% (24h),,
2026-04-02 12:11:20,"$66,916.15",$1.33T,$38.88B,20.01M BTC,2.7% (24h),,
2026-04-02 13:11:19,"$66,993.00",$1.34T,$39.1B,20.01M BTC,2.68% (24h),,
2026-04-02 14:02:54,"$66,691.30",$1.33T,$39.45B,20.01M BTC,2.11% (24h),,
2026-04-02 15:15:20,"$67,041.70",$1.34T,$39.74B,20.01M BTC,1.48% (24h),,
2026-04-02 16:50:56,"$66,964.19",$1.33T,$39.41B,20.01M BTC,1.76% (24h),,
2026-04-02 17:28:05,"$66,846.98",$1.33T,$39.45B,20.01M BTC,2.32% (24h),,
2026-04-02 18:04:49,"$66,970.73",$1.34T,$39.37B,20.01M BTC,1.88% (24h),,
2026-04-02 18:51:46,"$66,961.11",$1.33T,$39.23B,20.01M BTC,1.67% (24h),,
2026-04-02 19:28:34,"$66,958.08",$1.33T,$39.31B,20.01M BTC,1.7% (24h),,
2026-04-02 20:02:49,"$66,947.12",$1.33T,$39.33B,20.01M BTC,1.68% (24h),,
2026-04-02 23:28:07,"$66,636.67",$1.33T,$35.35B,20.01M BTC,0.29% (24h),,
2026-04-03 01:24:52,"$66,473.55",$1.33T,$33.62B,20.01M BTC,0.03% (24h),,
2026-04-03 02:48:39,"$66,728.61",$1.33T,$33.68B,20.01M BTC,0.17% (24h),,
2026-04-03 03:54:07,"$67,102.48",$1.34T,$33.82B,20.01M BTC,0.3% (24h),,
2026-04-03 05:02:58,"$66,976.92",$1.34T,$33.85B,20.01M BTC,0.82% (24h),,
2026-04-03 06:02:44,"$66,800.08",$1.33T,$33.46B,20.01M BTC,0.55% (24h),,
2026-04-03 07:03:22,"$66,883.46",$1.33T,$33.08B,20.01M BTC,0.69% (24h),,
2026-04-03 07:52:52,"$66,971.56",$1.34T,$32.44B,20.01M BTC,0.95% (24h),,
2026-04-03 09:16:41,"$66,629.64",$1.33T,$31.61B,20.01M BTC,0.99% (24h),,
2026-04-03 10:09:56,"$66,754.25",$1.33T,$30.28B,20.01M BTC,0.67% (24h),,
2026-04-03 11:03:28,"$66,931.43",$1.33T,$28.35B,20.01M BTC,0.32% (24h),,
2026-04-03 11:54:06,"$66,839.48",$1.33T,$27.62B,20.01M BTC,0.08% (24h),,
2026-04-03 12:50:48,"$67,032.63",$1.34T,$26.62B,20.01M BTC,0.18% (24h),,
2026-04-03 13:25:57,"$66,844.44",$1.33T,$26.12B,20.01M BTC,0.73% (24h),,
2026-04-03 14:03:48,"$66,837.43",$1.33T,$25.3B,20.01M BTC,0.23% (24h),,
2026-04-03 15:05:32,"$66,777.48",$1.33T,$23.62B,20.01M BTC,0.24% (24h),,
2026-04-03 15:53:11,"$66,876.75",$1.33T,$23.88B,20.01M BTC,0.19% (24h),,
2026-04-03 16:44:14,"$66,896.46",$1.33T,$23.49B,20.01M BTC,0.16% (24h),,
2026-04-03 17:21:30,"$66,886.35",$1.33T,$23.12B,20.01M BTC,0.02% (24h),,
2026-04-03 17:56:04,"$66,928.28",$1.33T,$23.21B,20.01M BTC,0.08% (24h),,
2026-04-03 18:40:48,"$66,924.19",$1.33T,$23.09B,20.01M BTC,0.07% (24h),,
2026-04-03 19:19:14,"$66,861.25",$1.33T,$22.79B,20.01M BTC,0.12% (24h),,
2026-04-03 19:54:17,"$66,931.48",$1.33T,$22.76B,20.01M BTC,0.1% (24h),,
2026-04-03 22:41:25,"$66,843.67",$1.33T,$21.19B,20.01M BTC,0.76% (24h),,
2026-04-04 00:32:57,"$66,838.07",$1.33T,$20.15B,20.01M BTC,0.49% (24h),,
2026-04-04 01:45:00,"$66,889.80",$1.33T,$19.71B,20.01M BTC,0.23% (24h),,
2026-04-04 02:43:48,"$66,921.47",$1.33T,$19.01B,20.01M BTC,0.29% (24h),,
2026-04-04 03:40:24,"$66,959.09",$1.33T,$18.4B,20.01M BTC,0.17% (24h),,
2026-04-04 04:24:58,"$67,019.77",$1.34T,$17.89B,20.01M BTC,0.2% (24h),,
2026-04-04 05:10:02,"$66,946.88",$1.33T,$17.59B,20.01M BTC,0.09% (24h),,
2026-04-04 05:56:20,"$66,960.84",$1.33T,$17.37B,20.01M BTC,0.21% (24h),,
2026-04-04 06:41:27,"$67,018.17",$1.34T,$17.21B,20.01M BTC,0.4% (24h),,
2026-04-04 07:15:29,"$67,145.56",$1.34T,$17.43B,20.01M BTC,0.46% (24h),,
2026-04-04 07:49:06,"$67,122.82",$1.34T,$17.47B,20.01M BTC,0.18% (24h),,
2026-04-04 08:25:41,"$67,107.84",$1.34T,$17.12B,20.01M BTC,0.24% (24h),,
2026-04-04 09:36:29,"$67,104.96",$1.34T,$16.29B,20.01M BTC,0.68% (24h),,
2026-04-04 10:19:56,"$67,192.15",$1.34T,$15.97B,20.01M BTC,0.69% (24h),,
2026-04-04 10:57:18,"$67,127.13",$1.34T,$15.9B,20.01M BTC,0.24% (24h),,
2026-04-04 11:40:14,"$67,329.21",$1.34T,$16.27B,20.01M BTC,0.67% (24h),,
2026-04-04 12:03:25,"$67,367.12",$1.34T,$16.17B,20.01M BTC,0.75% (24h),,
2026-04-04 12:53:05,"$67,434.04",$1.34T,$16.13B,20.01M BTC,0.59% (24h),,
2026-04-04 13:38:25,"$67,352.71",$1.34T,$15.99B,20.01M BTC,0.71% (24h),,
2026-04-04 14:02:24,"$67,317.39",$1.34T,$15.94B,20.01M BTC,0.7% (24h),,
2026-04-04 15:02:19,"$67,313.71",$1.34T,$15.81B,20.01M BTC,0.75% (24h),,
2026-04-04 15:45:23,"$67,290.91",$1.34T,$15.78B,20.01M BTC,0.66% (24h),,
2026-04-04 16:15:34,"$67,217.37",$1.34T,$15.95B,20.01M BTC,0.48% (24h),,
2026-04-04 16:53:50,"$67,253.79",$1.34T,$16.02B,20.01M BTC,0.56% (24h),,
2026-04-04 17:38:25,"$67,268.84",$1.34T,$15.87B,20.01M BTC,0.53% (24h),,
2026-04-04 18:00:07,"$67,349.38",$1.34T,$15.95B,20.01M BTC,0.59% (24h),,
2026-04-04 18:43:21,"$67,396.22",$1.34T,$15.95B,20.01M BTC,0.7% (24h),,
2026-04-04 19:18:12,"$67,333.82",$1.34T,$16.01B,20.01M BTC,0.7% (24h),,
2026-04-04 19:51:25,"$67,262.49",$1.34T,$15.93B,20.01M BTC,0.49% (24h),,
2026-04-04 21:28:45,"$67,141.75",$1.34T,$15.96B,20.01M BTC,0.42% (24h),,
2026-04-05 00:23:03,"$67,108.83",$1.34T,$16.31B,20.01M BTC,0.45% (24h),,
2026-04-05 02:01:13,"$66,911.25",$1.33T,$16.12B,20.01M BTC,0% (24h),,
2026-04-05 03:21:45,"$66,821.74",$1.33T,$16.93B,20.01M BTC,0.17% (24h),,
2026-04-05 04:04:52,"$66,837.89",$1.33T,$16.93B,20.01M BTC,0.26% (24h),,
2026-04-05 05:00:44,"$66,918.17",$1.33T,$16.73B,20.01M BTC,0% (24h),,
2026-04-05 05:53:08,"$67,011.64",$1.34T,$16.86B,20.01M BTC,0.07% (24h),,
2026-04-05 06:42:08,"$67,054.62",$1.34T,$17.02B,20.01M BTC,0.02% (24h),,
2026-04-05 07:18:35,"$67,063.92",$1.34T,$16.84B,20.01M BTC,0.08% (24h),,
2026-04-05 07:50:08,"$66,969.52",$1.34T,$16.61B,20.01M BTC,0.2% (24h),,
2026-04-05 08:29:38,"$66,879.67",$1.33T,$16.98B,20.01M BTC,0.32% (24h),,
2026-04-05 09:38:58,"$66,784.26",$1.33T,$17.67B,20.01M BTC,0.68% (24h),,
2026-04-05 10:22:08,"$66,841.60",$1.33T,$17.77B,20.01M BTC,0.52% (24h),,
2026-04-05 11:04:07,"$66,908.27",$1.33T,$17.55B,20.01M BTC,0.41% (24h),,
2026-04-05 11:48:29,"$67,340.61",$1.34T,$18.25B,20.01M BTC,0.07% (24h),,
2026-04-05 12:21:33,"$67,337.22",$1.34T,$18.64B,20.01M BTC,0% (24h),,
2026-04-05 13:02:42,"$67,188.88",$1.34T,$18.63B,20.01M BTC,0.16% (24h),,
2026-04-05 13:49:31,"$67,325.96",$1.34T,$18.58B,20.01M BTC,0% (24h),,
2026-04-05 14:24:25,"$67,281.73",$1.34T,$18.55B,20.01M BTC,0.09% (24h),,
2026-04-05 15:12:08,"$67,348.70",$1.34T,$18.63B,20.01M BTC,0.1% (24h),,
2026-04-05 15:53:00,"$67,304.32",$1.34T,$18.56B,20.01M BTC,0.01% (24h),,
2026-04-05 16:41:37,"$67,630.06",$1.35T,$18.59B,20.01M BTC,0.53% (24h),,
2026-04-05 17:06:10,"$67,593.98",$1.35T,$18.77B,20.01M BTC,0.48% (24h),,
2026-04-05 17:47:44,"$67,494.62",$1.35T,$19.01B,20.01M BTC,0.23% (24h),,
2026-04-05 18:16:48,"$67,556.97",$1.35T,$19.26B,20.01M BTC,0.26% (24h),,
2026-04-05 18:55:46,"$68,072.38",$1.36T,$19.99B,20.01M BTC,1.03% (24h),,
2026-04-05 19:41:09,"$68,997.64",$1.38T,$22.09B,20.01M BTC,2.56% (24h),,
2026-04-05 20:05:36,"$69,394.35",$1.38T,$23.32B,20.01M BTC,3.14% (24h),,
2026-04-05 23:39:54,"$69,152.24",$1.38T,$28.04B,20.01M BTC,3.05% (24h),,
2026-04-06 01:52:29,"$69,139.99",$1.38T,$29.35B,20.01M BTC,3.18% (24h),,
2026-04-06 03:54:17,"$69,158.87",$1.38T,$29.9B,20.01M BTC,3.59% (24h),,
2026-04-06 05:16:55,"$69,831.74",$1.39T,$31.1B,20.01M BTC,4.35% (24h),,
2026-04-06 06:35:11,"$69,814.67",$1.39T,$33.88B,20.01M BTC,4.23% (24h),,
2026-04-06 07:34:01,"$69,659.13",$1.39T,$34.13B,20.01M BTC,3.98% (24h),,
2026-04-06 08:36:51,"$69,469.21",$1.39T,$34.85B,20.01M BTC,4.05% (24h),,
2026-04-06 09:58:38,"$69,370.97",$1.38T,$35.51B,20.01M BTC,3.75% (24h),,
2026-04-06 11:00:04,"$69,645.25",$1.39T,$36.97B,20.01M BTC,4.09% (24h),,
2026-04-06 11:58:56,"$69,929.19",$1.39T,$36.84B,20.01M BTC,3.9% (24h),,
2026-04-06 13:01:02,"$69,777.71",$1.39T,$38.02B,20.01M BTC,3.84% (24h),,
2026-04-06 14:04:32,"$69,497.94",$1.39T,$39.63B,20.01M BTC,3.26% (24h),,
2026-04-06 15:14:45,"$69,689.50",$1.39T,$40.45B,20.01M BTC,3.4% (24h),,
2026-04-06 16:02:15,"$69,621.48",$1.39T,$41.02B,20.01M BTC,3.38% (24h),,
2026-04-06 16:55:53,"$69,863.46",$1.39T,$40.85B,20.01M BTC,3.34% (24h),,
2026-04-06 17:43:32,"$69,476.20",$1.39T,$41.2B,20.01M BTC,3% (24h),,
2026-04-06 18:21:26,"$69,417.36",$1.38T,$41.06B,20.01M BTC,2.95% (24h),,
2026-04-06 19:02:24,"$68,592.95",$1.37T,$40.38B,20.01M BTC,0.29% (24h),,
2026-04-06 19:51:43,"$68,820.71",$1.37T,$39.71B,20.01M BTC,0.18% (24h),,
2026-04-06 21:26:24,"$68,750.73",$1.37T,$37.63B,20.01M BTC,0.24% (24h),,
2026-04-07 00:18:11,"$68,638.94",$1.37T,$36.47B,20.01M BTC,0.54% (24h),,
2026-04-07 01:59:31,"$68,619.21",$1.37T,$36.15B,20.01M BTC,0.79% (24h),,
2026-04-07 03:46:51,"$68,641.78",$1.37T,$35.31B,20.01M BTC,0.46% (24h),,
2026-04-07 04:48:05,"$68,913.41",$1.37T,$34.9B,20.01M BTC,0.48% (24h),,
2026-04-07 05:55:18,"$69,153.07",$1.38T,$32.81B,20.01M BTC,0.79% (24h),,
2026-04-07 07:04:06,"$68,139.31",$1.36T,$32.79B,20.01M BTC,2.21% (24h),,
2026-04-07 08:01:45,"$68,352.96",$1.36T,$33.27B,20.01M BTC,1.81% (24h),,
2026-04-07 09:57:44,"$68,262.88",$1.36T,$33.65B,20.01M BTC,1.58% (24h),,
2026-04-07 11:20:05,"$68,032.50",$1.36T,$33.93B,20.01M BTC,2.34% (24h),,
2026-04-07 12:33:56,"$68,327.36",$1.36T,$33.95B,20.01M BTC,2.21% (24h),,
2026-04-07 13:40:18,"$68,722.27",$1.37T,$32.54B,20.01M BTC,1.15% (24h),,
2026-04-07 14:39:26,"$68,571.15",$1.37T,$33.14B,20.01M BTC,1.8% (24h),,
2026-04-07 15:45:01,"$68,518.58",$1.37T,$33.54B,20.01M BTC,1.74% (24h),,
2026-04-07 16:32:44,"$69,365.13",$1.38T,$35.25B,20.01M BTC,0.83% (24h),,
2026-04-07 17:30:21,"$69,600.80",$1.39T,$37.09B,20.01M BTC,0.09% (24h),,
2026-04-07 18:09:14,"$70,335.08",$1.4T,$37.71B,20.01M BTC,1.16% (24h),,
2026-04-07 18:59:28,"$71,478.72",$1.43T,$40.58B,20.01M BTC,3.71% (24h),,
2026-04-07 19:51:17,"$72,181.40",$1.44T,$43.65B,20.01M BTC,4.88% (24h),,
2026-04-07 21:24:33,"$71,575.97",$1.43T,$45.92B,20.01M BTC,4.14% (24h),,
2026-04-08 00:20:43,"$71,503.14",$1.43T,$47.56B,20.01M BTC,4.25% (24h),,
2026-04-08 02:03:12,"$71,620.40",$1.43T,$48.27B,20.01M BTC,4.38% (24h),,
2026-04-08 03:53:28,"$71,603.12",$1.43T,$49.83B,20.01M BTC,4.3% (24h),,
2026-04-08 05:10:53,"$71,853.45",$1.43T,$50.46B,20.01M BTC,3.85% (24h),,
2026-04-08 06:19:21,"$71,609.50",$1.43T,$50.23B,20.01M BTC,3.9% (24h),,
2026-04-08 07:28:48,"$71,638.97",$1.43T,$49.3B,20.01M BTC,4.75% (24h),,
2026-04-08 08:11:23,"$71,713.78",$1.43T,$49.79B,20.01M BTC,5.22% (24h),,
2026-04-08 10:03:52,"$71,647.11",$1.43T,$53.22B,20.01M BTC,5.04% (24h),,
2026-04-08 11:42:31,"$71,279.00",$1.42T,$54.4B,20.01M BTC,4.67% (24h),,
2026-04-08 12:48:38,"$71,475.93",$1.43T,$54.43B,20.01M BTC,4.57% (24h),,
2026-04-08 13:55:45,"$71,839.46",$1.43T,$54.64B,20.01M BTC,4.48% (24h),,
2026-04-08 15:26:07,"$71,240.91",$1.42T,$54.82B,20.01M BTC,3.88% (24h),,
2026-04-08 16:09:47,"$71,420.62",$1.42T,$53.83B,20.01M BTC,2.79% (24h),,
2026-04-08 17:03:11,"$71,371.61",$1.42T,$52.39B,20.01M BTC,2.89% (24h),,
2026-04-08 17:59:19,"$71,524.87",$1.43T,$50.79B,20.01M BTC,2.31% (24h),,
2026-04-08 18:55:31,"$71,136.66",$1.42T,$47.54B,20.01M BTC,0.01% (24h),,
2026-04-08 19:44:45,"$71,080.95",$1.42T,$43.48B,20.01M BTC,1.24% (24h),,
2026-04-08 20:57:06,"$70,841.93",$1.41T,$41.01B,20.01M BTC,1.09% (24h),,
2026-04-08 23:51:35,"$71,009.53",$1.42T,$40.86B,20.01M BTC,0.38% (24h),,
2026-04-09 03:07:19,"$71,053.81",$1.42T,$40.86B,20.01M BTC,0.85% (24h),,
2026-04-09 04:47:17,"$71,316.34",$1.42T,$40.86B,20.01M BTC,0.56% (24h),,
2026-04-09 06:00:23,"$71,538.01",$1.43T,$37.87B,20.01M BTC,0.18% (24h),,
2026-04-09 07:13:31,"$71,206.18",$1.42T,$37.9B,20.01M BTC,0.53% (24h),,
2026-04-09 08:08:16,"$71,182.88",$1.42T,$37.9B,20.01M BTC,0.73% (24h),,
2026-04-09 10:14:18,"$70,753.75",$1.41T,$37.9B,20.01M BTC,1.09% (24h),,
2026-04-09 11:58:41,"$72,117.62",$1.44T,$33.31B,20.01M BTC,1.14% (24h),,
2026-04-09 13:25:16,"$72,378.30",$1.44T,$37.87B,20.01M BTC,1.14% (24h),,
2026-04-09 14:15:13,"$71,916.53",$1.43T,$37.87B,20.01M BTC,0.29% (24h),,
2026-04-09 15:43:25,"$72,118.92",$1.44T,$35.31B,20.01M BTC,1.29% (24h),,
2026-04-09 16:37:27,"$72,401.32",$1.44T,$36.04B,20.01M BTC,1.48% (24h),,
2026-04-09 17:31:47,"$72,187.93",$1.44T,$37.9B,20.01M BTC,0.76% (24h),,
2026-04-09 18:11:18,"$72,400.71",$1.44T,$37.87B,20.01M BTC,1.26% (24h),,
2026-04-09 19:03:45,"$71,866.19",$1.43T,$37.87B,20.01M BTC,1.32% (24h),,
2026-04-09 19:53:58,"$71,800.18",$1.43T,$37.9B,20.01M BTC,0.92% (24h),,
2026-04-09 23:21:08,"$71,891.02",$1.43T,$38.78B,20.01M BTC,1.32% (24h),,
2026-04-10 01:37:35,"$72,190.55",$1.44T,$39.71B,20.01M BTC,1.67% (24h),,
2026-04-10 03:10:16,"$71,755.87",$1.43T,$39.7B,20.01M BTC,0.95% (24h),,
2026-04-10 04:49:15,"$71,564.53",$1.43T,$40.02B,20.01M BTC,0.43% (24h),,
2026-04-10 05:58:46,"$71,804.85",$1.43T,$39.83B,20.01M BTC,0.37% (24h),,
2026-04-10 07:05:49,"$71,999.18",$1.44T,$39.06B,20.01M BTC,0.95% (24h),,
2026-04-10 08:00:00,"$72,129.87",$1.44T,$39.74B,20.01M BTC,1.36% (24h),,
2026-04-10 09:44:29,"$72,009.88",$1.44T,$40.4B,20.01M BTC,1.47% (24h),,
2026-04-10 10:40:45,"$73,059.85",$1.46T,$42.06B,20.01M BTC,3.17% (24h),,
2026-04-10 11:36:35,"$72,732.22",$1.45T,$42.37B,20.01M BTC,0.87% (24h),,
2026-04-10 12:34:52,"$72,723.05",$1.45T,$40.54B,20.01M BTC,1.07% (24h),,
2026-04-10 13:34:37,"$72,915.54",$1.45T,$39.3B,20.01M BTC,1.07% (24h),,
2026-04-10 14:33:57,"$72,987.95",$1.46T,$38.76B,20.01M BTC,1.52% (24h),,
2026-04-10 15:32:18,"$72,954.06",$1.46T,$39.04B,20.01M BTC,1.44% (24h),,
2026-04-10 16:08:36,"$73,182.07",$1.46T,$39.08B,20.01M BTC,1.61% (24h),,
2026-04-10 16:57:03,"$73,421.81",$1.46T,$39.47B,20.01M BTC,1.44% (24h),,
2026-04-10 17:47:13,"$73,067.82",$1.46T,$39.02B,20.01M BTC,0.92% (24h),,
2026-04-10 18:24:08,"$73,034.83",$1.46T,$39.17B,20.01M BTC,0.33% (24h),,
2026-04-10 19:06:34,"$72,869.04",$1.45T,$38.18B,20.01M BTC,1.35% (24h),,
2026-04-10 19:52:19,"$72,966.67",$1.46T,$37.71B,20.01M BTC,1.7% (24h),,
2026-04-10 22:46:12,"$73,007.59",$1.46T,$36.45B,20.01M BTC,1.23% (24h),,
2026-04-11 00:47:54,"$72,816.53",$1.45T,$36.35B,20.01M BTC,1.27% (24h),,
2026-04-11 01:50:58,"$72,802.56",$1.45T,$36.05B,20.01M BTC,0.84% (24h),,
2026-04-11 02:49:08,"$72,753.09",$1.45T,$35.96B,20.01M BTC,1.1% (24h),,
2026-04-11 03:41:58,"$72,822.66",$1.45T,$35.67B,20.01M BTC,1.54% (24h),,
2026-04-11 04:28:14,"$72,786.19",$1.45T,$34.69B,20.01M BTC,1.55% (24h),,
2026-04-11 05:11:58,"$72,668.53",$1.45T,$34.41B,20.01M BTC,1.42% (24h),,
2026-04-11 06:00:50,"$72,928.80",$1.45T,$34.4B,20.01M BTC,1.58% (24h),,
2026-04-11 06:52:00,"$72,836.60",$1.45T,$34.23B,20.01M BTC,1.4% (24h),,
2026-04-11 07:37:17,"$72,873.38",$1.45T,$33.64B,20.01M BTC,0.95% (24h),,
2026-04-11 08:00:38,"$72,933.78",$1.45T,$33.29B,20.01M BTC,1.11% (24h),,
2026-04-11 09:20:22,"$72,773.94",$1.45T,$32.36B,20.01M BTC,0.77% (24h),,
2026-04-11 10:05:47,"$72,702.40",$1.45T,$31.73B,20.01M BTC,0.33% (24h),,
2026-04-11 10:55:03,"$72,739.07",$1.45T,$28.6B,20.01M BTC,0.17% (24h),,
2026-04-11 11:40:19,"$72,793.66",$1.45T,$26.95B,20.01M BTC,0.08% (24h),,
2026-04-11 12:04:40,"$72,849.81",$1.45T,$26.03B,20.01M BTC,0.39% (24h),,
2026-04-11 12:55:29,"$73,105.43",$1.46T,$25.68B,20.01M BTC,0.24% (24h),,
2026-04-11 13:38:24,"$73,168.29",$1.46T,$25.33B,20.01M BTC,0.39% (24h),,
2026-04-11 14:04:02,"$73,100.24",$1.46T,$25.12B,20.01M BTC,0.12% (24h),,
2026-04-11 15:05:24,"$73,573.43",$1.47T,$25.18B,20.01M BTC,0.55% (24h),,
2026-04-11 15:49:35,"$73,683.34",$1.47T,$25.01B,20.01M BTC,0.93% (24h),,
2026-04-11 16:19:00,"$73,483.81",$1.47T,$24.93B,20.01M BTC,0.27% (24h),,
2026-04-11 16:55:54,"$73,361.99",$1.46T,$24.48B,20.01M BTC,0.1% (24h),,
2026-04-11 17:40:35,"$73,445.92",$1.46T,$24.28B,20.01M BTC,0.49% (24h),,
2026-04-11 18:03:29,"$73,417.53",$1.46T,$24.08B,20.01M BTC,0.37% (24h),,
2026-04-11 18:52:01,"$73,313.96",$1.46T,$23.7B,20.01M BTC,0.58% (24h),,
2026-04-11 19:42:03,"$73,129.91",$1.46T,$23.45B,20.01M BTC,0.25% (24h),,
2026-04-11 21:10:21,"$73,081.52",$1.46T,$22.83B,20.01M BTC,0.29% (24h),,
2026-04-12 00:21:45,"$71,587.92",$1.43T,$26.19B,20.01M BTC,1.62% (24h),,
2026-04-12 02:11:19,"$71,720.03",$1.43T,$26.66B,20.01M BTC,1.36% (24h),,
2026-04-12 03:46:15,"$71,762.47",$1.43T,$26.6B,20.01M BTC,1.37% (24h),,
2026-04-12 04:34:22,"$71,712.95",$1.43T,$26.93B,20.01M BTC,1.47% (24h),,
2026-04-12 05:31:28,"$71,614.22",$1.43T,$27.3B,20.01M BTC,1.73% (24h),,
2026-04-12 06:23:27,"$71,662.13",$1.43T,$27.34B,20.01M BTC,1.65% (24h),,
2026-04-12 07:09:14,"$71,492.15",$1.43T,$27.51B,20.01M BTC,1.95% (24h),,
2026-04-12 07:49:28,"$71,481.83",$1.43T,$27.81B,20.01M BTC,1.9% (24h),,
2026-04-12 08:31:14,"$71,433.98",$1.42T,$27.92B,20.01M BTC,2% (24h),,
2026-04-12 09:45:21,"$70,997.62",$1.42T,$28.78B,20.01M BTC,2.33% (24h),,
2026-04-12 10:30:31,"$71,103.08",$1.42T,$28.58B,20.01M BTC,2.24% (24h),,
2026-04-12 11:10:02,"$70,790.65",$1.41T,$29.69B,20.01M BTC,2.65% (24h),,
2026-04-12 11:53:37,"$70,944.74",$1.41T,$30.16B,20.01M BTC,2.62% (24h),,
2026-04-12 12:49:19,"$70,866.10",$1.41T,$30.1B,20.01M BTC,3.18% (24h),,
2026-04-12 13:25:02,"$70,991.00",$1.42T,$29.85B,20.01M BTC,2.9% (24h),,
2026-04-12 14:04:18,"$71,104.69",$1.42T,$29.96B,20.01M BTC,2.72% (24h),,
2026-04-12 15:08:15,"$71,178.44",$1.42T,$28.68B,20.01M BTC,3.36% (24h),,
2026-04-12 15:53:05,"$71,101.75",$1.42T,$28.22B,20.01M BTC,3.45% (24h),,
2026-04-12 16:43:58,"$71,447.64",$1.43T,$28.1B,20.01M BTC,2.56% (24h),,
2026-04-12 17:21:34,"$71,304.96",$1.42T,$28.31B,20.01M BTC,2.85% (24h),,
2026-04-12 17:56:35,"$71,259.80",$1.42T,$28.22B,20.01M BTC,3.08% (24h),,
2026-04-12 18:41:43,"$70,875.01",$1.41T,$29.56B,20.01M BTC,3.3% (24h),,
2026-04-12 19:20:33,"$70,668.52",$1.41T,$29.58B,20.01M BTC,3.38% (24h),,
2026-04-12 19:58:13,"$70,733.13",$1.41T,$29.87B,20.01M BTC,3.17% (24h),,
2026-04-12 23:47:14,"$70,949.89",$1.42T,$27.29B,20.01M BTC,1.01% (24h),,
2026-04-13 02:07:14,"$70,991.36",$1.42T,$28.5B,20.01M BTC,1.05% (24h),,
2026-04-13 04:22:52,"$70,720.93",$1.41T,$33.3B,20.01M BTC,1.32% (24h),,
2026-04-13 06:17:01,"$70,740.93",$1.41T,$30.09B,20.01M BTC,1.25% (24h),,
2026-04-13 07:46:06,"$70,957.66",$1.42T,$28.36B,20.01M BTC,0.71% (24h),,
2026-04-13 08:52:45,"$70,994.00",$1.42T,$28.88B,20.01M BTC,0.63% (24h),,
2026-04-13 10:54:37,"$72,002.07",$1.44T,$32.47B,20.01M BTC,1.75% (24h),,
2026-04-13 12:19:25,"$72,123.60",$1.44T,$35.43B,20.01M BTC,1.71% (24h),,
2026-04-13 13:36:03,"$72,451.57",$1.45T,$38.32B,20.01M BTC,2.04% (24h),,
2026-04-13 14:49:21,"$72,369.18",$1.44T,$40.53B,20.01M BTC,1.73% (24h),,
2026-04-13 15:59:06,"$73,373.98",$1.46T,$44.18B,20.01M BTC,3.17% (24h),,
2026-04-13 17:05:43,"$73,117.77",$1.46T,$46.11B,20.01M BTC,2.35% (24h),,
2026-04-13 18:01:44,"$73,265.38",$1.46T,$46.69B,20.01M BTC,3.19% (24h),,
2026-04-13 18:59:46,"$74,654.73",$1.49T,$48.66B,20.01M BTC,5.29% (24h),,
2026-04-13 19:55:25,"$74,587.82",$1.49T,$52.08B,20.01M BTC,5.46% (24h),,
2026-04-13 23:20:58,"$74,361.82",$1.48T,$51.21B,20.01M BTC,4.53% (24h),,
2026-04-14 01:36:44,"$74,365.43",$1.48T,$51.31B,20.01M BTC,5.02% (24h),,
2026-04-14 03:11:26,"$74,743.16",$1.49T,$51.89B,20.01M BTC,5.37% (24h),,
2026-04-14 04:56:36,"$74,739.88",$1.49T,$53.63B,20.01M BTC,5.75% (24h),,
2026-04-14 06:20:42,"$74,549.04",$1.49T,$54.48B,20.01M BTC,5.34% (24h),,
2026-04-14 07:35:07,"$74,365.23",$1.48T,$54.3B,20.01M BTC,4.95% (24h),,
2026-04-14 08:45:14,"$74,335.37",$1.48T,$55.62B,20.01M BTC,4.94% (24h),,
2026-04-14 10:30:47,"$75,914.01",$1.51T,$59.1B,20.01M BTC,5.95% (24h),,
2026-04-14 11:54:07,"$75,378.64",$1.5T,$60.98B,20.01M BTC,5% (24h),,
2026-04-14 13:18:38,"$74,845.70",$1.49T,$61.05B,20.01M BTC,3.46% (24h),,
2026-04-14 14:40:50,"$74,280.84",$1.48T,$60.43B,20.01M BTC,2.7% (24h),,
2026-04-14 15:53:30,"$74,259.84",$1.48T,$60.31B,20.01M BTC,1.07% (24h),,
2026-04-14 17:02:20,"$74,167.78",$1.48T,$58.9B,20.01M BTC,1.37% (24h),,
2026-04-14 18:04:40,"$74,213.02",$1.48T,$58.36B,20.01M BTC,1.19% (24h),,
2026-04-14 19:04:01,"$74,120.44",$1.48T,$55.63B,20.01M BTC,0.51% (24h),,
2026-04-14 19:58:43,"$74,182.33",$1.48T,$53.54B,20.01M BTC,0.47% (24h),,
2026-04-14 23:34:17,"$74,342.53",$1.48T,$51.57B,20.01M BTC,0.1% (24h),,
2026-04-15 01:50:57,"$73,937.35",$1.47T,$51.31B,20.01M BTC,0.49% (24h),,
2026-04-15 03:17:57,"$73,664.56",$1.47T,$50.61B,20.01M BTC,1.41% (24h),,
2026-04-15 04:58:58,"$74,157.24",$1.48T,$50.37B,20.01M BTC,0.79% (24h),,
2026-04-15 06:24:56,"$73,996.98",$1.48T,$50.14B,20.01M BTC,0.81% (24h),,
2026-04-15 07:36:08,"$74,023.21",$1.48T,$50.2B,20.01M BTC,0.47% (24h),,
2026-04-15 08:45:10,"$74,337.39",$1.48T,$50.38B,20.01M BTC,0% (24h),,
2026-04-15 10:22:17,"$74,320.11",$1.48T,$45.38B,20.01M BTC,1.81% (24h),,
2026-04-15 11:49:41,"$73,940.75",$1.48T,$41.34B,20.01M BTC,1.7% (24h),,
2026-04-15 12:48:39,"$73,900.05",$1.47T,$40.44B,20.01M BTC,1.71% (24h),,
2026-04-15 13:56:42,"$74,155.72",$1.48T,$39.51B,20.01M BTC,0.83% (24h),,
2026-04-15 15:27:28,"$74,664.83",$1.49T,$37.12B,20.01M BTC,0.9% (24h),,
2026-04-15 16:27:52,"$74,631.42",$1.49T,$38.04B,20.01M BTC,0.57% (24h),,
2026-04-15 17:30:34,"$74,660.53",$1.49T,$38.35B,20.01M BTC,0.7% (24h),,
2026-04-15 18:24:43,"$75,009.64",$1.5T,$37.36B,20.01M BTC,1.21% (24h),,
2026-04-15 19:13:13,"$74,758.26",$1.49T,$37.7B,20.01M BTC,0.91% (24h),,
2026-04-15 20:03:28,"$74,772.92",$1.49T,$38.09B,20.01M BTC,0.6% (24h),,
2026-04-15 23:46:33,"$74,979.82",$1.5T,$38.2B,20.01M BTC,0.98% (24h),,
2026-04-16 01:54:26,"$75,067.87",$1.5T,$38.49B,20.01M BTC,1.44% (24h),,
2026-04-16 03:58:14,"$74,677.67",$1.49T,$37.26B,20.01M BTC,1.22% (24h),,
2026-04-16 05:43:19,"$74,739.17",$1.49T,$37.95B,20.01M BTC,1.02% (24h),,
2026-04-16 06:52:34,"$74,319.49",$1.48T,$37.98B,20.01M BTC,0.39% (24h),,
2026-04-16 08:02:23,"$74,674.36",$1.49T,$38.23B,20.01M BTC,0.67% (24h),,
2026-04-16 10:12:03,"$73,883.15",$1.47T,$39.2B,20.01M BTC,0.18% (24h),,
2026-04-16 11:58:01,"$74,735.57",$1.49T,$40.92B,20.01M BTC,1.24% (24h),,
2026-04-16 13:25:18,"$74,245.71",$1.48T,$41.48B,20.01M BTC,0.3% (24h),,
2026-04-16 14:45:48,"$74,652.08",$1.49T,$41.58B,20.01M BTC,0.44% (24h),,
2026-04-16 15:53:17,"$75,271.10",$1.5T,$42.2B,20.01M BTC,0.22% (24h),,
2026-04-16 16:56:26,"$75,190.78",$1.5T,$42.42B,20.01M BTC,0.41% (24h),,
2026-04-16 17:52:08,"$74,981.49",$1.5T,$42.52B,20.01M BTC,0.23% (24h),,
2026-04-16 18:50:58,"$74,960.31",$1.5T,$42B,20.01M BTC,0.22% (24h),,
2026-04-16 19:32:50,"$75,072.05",$1.5T,$41.49B,20.01M BTC,0.43% (24h),,
2026-04-16 21:10:13,"$74,971.80",$1.5T,$41.09B,20.01M BTC,0.49% (24h),,
2026-04-17 00:23:47,"$74,739.83",$1.49T,$40.08B,20.01M BTC,0.22% (24h),,
2026-04-17 02:21:38,"$74,803.08",$1.49T,$39.01B,20.01M BTC,0.32% (24h),,
2026-04-17 04:11:23,"$75,062.05",$1.5T,$39.08B,20.01M BTC,0.66% (24h),,
2026-04-17 05:50:13,"$75,759.33",$1.51T,$41.95B,20.01M BTC,1.52% (24h),,
2026-04-17 06:45:30,"$75,205.56",$1.5T,$42.95B,20.01M BTC,1.08% (24h),,
2026-04-17 07:40:50,"$75,503.94",$1.51T,$43.01B,20.01M BTC,1.44% (24h),,
2026-04-17 08:45:39,"$75,756.55",$1.51T,$43.23B,20.01M BTC,1.47% (24h),,
2026-04-17 10:13:14,"$77,068.79",$1.54T,$48.91B,20.01M BTC,4.26% (24h),,
2026-04-17 11:33:27,"$77,702.53",$1.55T,$53.11B,20.01M BTC,4.64% (24h),,
2026-04-17 12:35:35,"$78,121.52",$1.56T,$53.71B,20.01M BTC,5.09% (24h),,
2026-04-17 13:32:35,"$77,468.37",$1.55T,$54.34B,20.01M BTC,4.3% (24h),,
2026-04-17 14:35:40,"$77,291.49",$1.54T,$55.2B,20.01M BTC,3.79% (24h),,
2026-04-17 15:45:19,"$77,361.98",$1.54T,$54.52B,20.01M BTC,2.8% (24h),,
2026-04-17 16:32:22,"$77,198.85",$1.54T,$53.79B,20.01M BTC,2.73% (24h),,
2026-04-17 17:27:31,"$77,414.36",$1.54T,$53.66B,20.01M BTC,3.32% (24h),,
2026-04-17 18:09:01,"$77,515.76",$1.55T,$53.64B,20.01M BTC,3.19% (24h),,
2026-04-17 19:01:54,"$77,291.95",$1.54T,$53.59B,20.01M BTC,3.23% (24h),,
2026-04-17 19:54:06,"$77,143.93",$1.54T,$53.98B,20.01M BTC,2.79% (24h),,
2026-04-17 22:54:03,"$77,310.48",$1.54T,$53.04B,20.01M BTC,3.55% (24h),,
2026-04-18 01:13:15,"$77,245.33",$1.54T,$52.98B,20.01M BTC,3.55% (24h),,
2026-04-18 02:41:50,"$77,120.09",$1.54T,$52.73B,20.01M BTC,3.1% (24h),,
2026-04-18 03:48:11,"$77,007.13",$1.54T,$52.42B,20.01M BTC,2.65% (24h),,
2026-04-18 04:34:35,"$76,654.22",$1.53T,$51.89B,20.01M BTC,1.78% (24h),,
2026-04-18 05:33:22,"$76,649.99",$1.53T,$49.26B,20.01M BTC,1.15% (24h),,
2026-04-18 06:25:50,"$76,340.54",$1.52T,$48.53B,20.01M BTC,0.83% (24h),,
2026-04-18 07:10:18,"$75,996.52",$1.52T,$47.69B,20.01M BTC,0.78% (24h),,
2026-04-18 07:51:00,"$75,869.38",$1.51T,$48.05B,20.01M BTC,0.51% (24h),,
2026-04-18 08:38:26,"$76,101.52",$1.52T,$47.95B,20.01M BTC,0.49% (24h),,
2026-04-18 09:49:39,"$76,034.13",$1.52T,$42.01B,20.01M BTC,1% (24h),,
2026-04-18 10:32:32,"$76,200.16",$1.52T,$38.12B,20.01M BTC,1.85% (24h),,
2026-04-18 11:24:23,"$76,225.00",$1.52T,$33.91B,20.01M BTC,2.22% (24h),,
2026-04-18 12:05:02,"$76,055.02",$1.52T,$32.49B,20.01M BTC,2.39% (24h),,
2026-04-18 12:58:50,"$75,919.70",$1.51T,$30.94B,20.01M BTC,2.48% (24h),,
2026-04-18 13:48:30,"$75,911.09",$1.51T,$29.4B,20.01M BTC,2.24% (24h),,
2026-04-18 14:28:36,"$75,694.34",$1.51T,$28.51B,20.01M BTC,2.12% (24h),,
2026-04-18 15:26:27,"$75,681.31",$1.51T,$28B,20.01M BTC,2.19% (24h),,
2026-04-18 16:02:36,"$75,633.24",$1.51T,$27.36B,20.01M BTC,2.37% (24h),,
2026-04-18 16:53:24,"$75,827.18",$1.51T,$26.56B,20.01M BTC,1.96% (24h),,
2026-04-18 17:42:28,"$75,705.39",$1.51T,$27.02B,20.01M BTC,2.15% (24h),,
2026-04-18 18:19:16,"$75,683.47",$1.51T,$26.88B,20.01M BTC,2.18% (24h),,
2026-04-18 19:00:40,"$75,841.91",$1.51T,$26.62B,20.01M BTC,1.89% (24h),,
2026-04-18 19:49:19,"$75,775.62",$1.51T,$26.2B,20.01M BTC,1.76% (24h),,
2026-04-18 21:14:37,"$75,658.12",$1.51T,$25.47B,20.01M BTC,2.13% (24h),,
2026-04-19 00:27:16,"$75,724.38",$1.51T,$25.94B,20.01M BTC,1.67% (24h),,
2026-04-19 02:16:55,"$75,390.24",$1.5T,$25.96B,20.01M BTC,2.3% (24h),,
2026-04-19 03:51:33,"$75,209.95",$1.5T,$26.98B,20.01M BTC,2.29% (24h),,
2026-04-19 04:42:58,"$75,259.74",$1.5T,$26.66B,20.01M BTC,1.69% (24h),,
2026-04-19 05:35:47,"$75,152.26",$1.5T,$26.01B,20.01M BTC,1.98% (24h),,
2026-04-19 06:24:28,"$75,090.41",$1.5T,$25.57B,20.01M BTC,1.63% (24h),,
2026-04-19 07:10:08,"$75,430.59",$1.5T,$25.09B,20.01M BTC,0.73% (24h),,
2026-04-19 07:52:00,"$75,597.33",$1.51T,$24.96B,20.01M BTC,0.35% (24h),,
2026-04-19 09:15:11,"$75,770.16",$1.51T,$24.53B,20.01M BTC,0.53% (24h),,
2026-04-19 10:07:36,"$75,725.93",$1.51T,$24.98B,20.01M BTC,0.52% (24h),,
2026-04-19 10:58:50,"$76,021.39",$1.52T,$25.37B,20.01M BTC,0.29% (24h),,
2026-04-19 11:50:16,"$75,860.40",$1.51T,$26.28B,20.01M BTC,0.36% (24h),,
2026-04-19 12:26:15,"$75,668.85",$1.51T,$26.44B,20.01M BTC,0.51% (24h),,
2026-04-19 13:08:34,"$75,145.79",$1.5T,$25.95B,20.01M BTC,0.9% (24h),,
2026-04-19 13:54:24,"$74,822.54",$1.49T,$27.02B,20.01M BTC,1.41% (24h),,
2026-04-19 15:00:38,"$74,855.23",$1.49T,$27.41B,20.01M BTC,1.06% (24h),,
2026-04-19 15:49:33,"$75,003.35",$1.5T,$27.69B,20.01M BTC,0.84% (24h),,
2026-04-19 16:23:17,"$74,690.02",$1.49T,$27.86B,20.01M BTC,1.33% (24h),,
2026-04-19 17:05:27,"$74,700.45",$1.49T,$28.14B,20.01M BTC,1.48% (24h),,
2026-04-19 17:52:27,"$74,566.01",$1.49T,$28.22B,20.01M BTC,1.61% (24h),,
2026-04-19 18:42:39,"$74,160.11",$1.48T,$30.13B,20.01M BTC,2.13% (24h),,
2026-04-19 19:24:52,"$73,898.35",$1.47T,$30.65B,20.01M BTC,2.57% (24h),,
2026-04-19 20:04:54,"$74,109.93",$1.48T,$30.91B,20.01M BTC,2.17% (24h),,
2026-04-19 23:51:26,"$74,594.59",$1.49T,$33.03B,20.01M BTC,1.38% (24h),,
2026-04-20 02:10:10,"$74,368.99",$1.48T,$33.34B,20.01M BTC,1.43% (24h),,
2026-04-20 04:28:43,"$74,813.04",$1.49T,$34.29B,20.01M BTC,0.56% (24h),,
2026-04-20 06:19:25,"$75,389.89",$1.5T,$35.14B,20.01M BTC,0.47% (24h),,
2026-04-20 07:49:09,"$75,250.89",$1.5T,$35.07B,20.01M BTC,0.39% (24h),,
2026-04-20 08:57:25,"$75,272.83",$1.5T,$35.48B,20.01M BTC,0.43% (24h),,
2026-04-20 10:56:30,"$75,032.85",$1.5T,$36.48B,20.01M BTC,1.28% (24h),,
2026-04-20 12:16:11,"$75,387.68",$1.5T,$37.66B,20.01M BTC,0.43% (24h),,
2026-04-20 13:33:39,"$75,667.21",$1.51T,$37.63B,20.01M BTC,0.45% (24h),,
2026-04-20 14:41:58,"$76,237.75",$1.52T,$38.39B,20.01M BTC,1.97% (24h),,
2026-04-20 15:48:00,"$76,268.77",$1.52T,$39.81B,20.01M BTC,1.65% (24h),,
2026-04-20 16:33:27,"$76,239.55",$1.52T,$40.87B,20.01M BTC,1.86% (24h),,
2026-04-20 17:32:13,"$75,831.72",$1.51T,$41.6B,20.01M BTC,1.38% (24h),,
2026-04-20 18:28:33,"$75,961.30",$1.52T,$40.57B,20.01M BTC,2.72% (24h),,
2026-04-20 19:25:09,"$75,760.14",$1.51T,$39.79B,20.01M BTC,2.52% (24h),,
2026-04-20 20:09:08,"$75,755.50",$1.51T,$39.15B,20.01M BTC,2.29% (24h),,
2026-04-20 23:46:53,"$75,582.60",$1.51T,$37.99B,20.01M BTC,1.3% (24h),,
2026-04-21 01:56:02,"$75,853.93",$1.51T,$37.96B,20.01M BTC,2.07% (24h),,
2026-04-21 04:03:07,"$76,144.86",$1.52T,$90.17B,20.01M BTC,1.93% (24h),,
2026-04-21 05:51:45,"$76,312.08",$1.52T,$37.54B,20.01M BTC,1.62% (24h),,
2026-04-21 07:00:34,"$76,739.14",$1.53T,$37.73B,20.01M BTC,2.25% (24h),,
2026-04-21 08:07:47,"$76,438.45",$1.53T,$38.43B,20.01M BTC,1.49% (24h),,
2026-04-21 10:08:27,"$75,857.40",$1.51T,$38.51B,20.01M BTC,0.81% (24h),,
2026-04-21 11:43:12,"$75,733.97",$1.51T,$38.15B,20.01M BTC,0.09% (24h),,
2026-04-21 12:45:43,"$75,941.83",$1.52T,$37.94B,20.01M BTC,0.57% (24h),,
2026-04-21 13:47:26,"$75,667.21",$1.51T,$38.58B,20.01M BTC,0.11% (24h),,
2026-04-21 14:51:33,"$75,397.03",$1.5T,$37.5B,20.01M BTC,1.29% (24h),,
2026-04-21 16:00:31,"$75,033.36",$1.5T,$37.06B,20.01M BTC,1.67% (24h),,
2026-04-21 17:03:04,"$75,695.56",$1.51T,$36.62B,20.01M BTC,0.88% (24h),,
2026-04-21 17:58:53,"$75,591.65",$1.51T,$35.95B,20.01M BTC,0.5% (24h),,
2026-04-21 18:51:56,"$75,545.18",$1.51T,$36.08B,20.01M BTC,0.55% (24h),,
2026-04-21 19:41:24,"$75,977.71",$1.52T,$35.86B,20.01M BTC,0.23% (24h),,
2026-04-21 21:08:35,"$76,355.27",$1.52T,$36.45B,20.01M BTC,0.19% (24h),,
2026-04-22 00:18:45,"$77,468.36",$1.55T,$39.9B,20.01M BTC,2.38% (24h),,
2026-04-22 02:16:28,"$78,001.94",$1.56T,$43.64B,20.01M BTC,2.9% (24h),,
2026-04-22 04:12:19,"$78,155.92",$1.56T,$43.9B,20.01M BTC,2.63% (24h),,
2026-04-22 05:56:55,"$77,993.43",$1.56T,$43.77B,20.01M BTC,2.11% (24h),,
2026-04-22 07:13:34,"$78,185.09",$1.56T,$44.06B,20.01M BTC,2.35% (24h),,
2026-04-22 08:12:18,"$78,398.33",$1.56T,$43.98B,20.01M BTC,2.65% (24h),,
2026-04-22 10:13:45,"$78,997.27",$1.58T,$45.51B,20.01M BTC,4.13% (24h),,
2026-04-22 11:45:44,"$79,302.18",$1.58T,$47.36B,20.01M BTC,4.72% (24h),,
2026-04-22 12:46:17,"$78,759.45",$1.57T,$48.81B,20.01M BTC,3.66% (24h),,
2026-04-22 13:47:47,"$78,815.28",$1.57T,$48.65B,20.01M BTC,4.13% (24h),,
2026-04-22 14:53:36,"$79,161.98",$1.58T,$48.57B,20.01M BTC,4.99% (24h),,
2026-04-22 16:09:21,"$78,839.62",$1.57T,$48.07B,20.01M BTC,5.09% (24h),,
2026-04-22 17:10:19,"$78,583.06",$1.57T,$47.77B,20.01M BTC,3.89% (24h),,
2026-04-22 18:06:17,"$78,757.94",$1.57T,$48.33B,20.01M BTC,4.26% (24h),,
2026-04-22 19:06:11,"$78,509.87",$1.57T,$48.2B,20.01M BTC,3.5% (24h),,
2026-04-22 20:00:17,"$78,209.17",$1.56T,$48.34B,20.01M BTC,2.46% (24h),,
2026-04-22 23:44:03,"$77,591.23",$1.55T,$47.52B,20.01M BTC,0.03% (24h),,
2026-04-23 01:55:59,"$78,026.69",$1.56T,$44.14B,20.01M BTC,0.04% (24h),,
2026-04-23 04:05:18,"$78,018.69",$1.56T,$43.25B,20.01M BTC,0.04% (24h),,
2026-04-23 05:56:59,"$77,642.28",$1.55T,$43.5B,20.01M BTC,0.45% (24h),,
2026-04-23 07:15:18,"$77,427.16",$1.55T,$44.61B,20.01M BTC,0.96% (24h),,
2026-04-23 08:12:56,"$77,768.87",$1.55T,$44.26B,20.01M BTC,0.8% (24h),,
2026-04-23 10:17:07,"$77,571.43",$1.55T,$41.87B,20.01M BTC,1.81% (24h),,
2026-04-23 12:14:34,"$78,377.76",$1.56T,$40.4B,20.01M BTC,1.04% (24h),,
2026-04-23 13:51:54,"$77,414.85",$1.54T,$41.11B,20.01M BTC,1.85% (24h),,
2026-04-23 14:58:28,"$77,801.68",$1.55T,$41.59B,20.01M BTC,1.54% (24h),,
2026-04-23 16:11:29,"$77,894.40",$1.55T,$41.99B,20.01M BTC,1.1% (24h),,
2026-04-23 17:09:09,"$77,867.59",$1.55T,$41.52B,20.01M BTC,0.89% (24h),,
2026-04-23 18:01:59,"$78,023.83",$1.56T,$41.09B,20.01M BTC,1.01% (24h),,
2026-04-23 19:06:28,"$78,241.91",$1.56T,$40.97B,20.01M BTC,0.34% (24h),,
2026-04-23 20:02:25,"$78,317.66",$1.56T,$40B,20.01M BTC,0.02% (24h),,
2026-04-23 23:49:30,"$77,731.82",$1.55T,$37.88B,20.01M BTC,0.16% (24h),,
2026-04-24 02:01:45,"$77,956.39",$1.56T,$37.67B,20.01M BTC,0.14% (24h),,
2026-04-24 04:21:10,"$77,954.79",$1.56T,$38.06B,20.02M BTC,0.23% (24h),,
2026-04-24 06:00:49,"$77,516.69",$1.55T,$36.82B,20.02M BTC,0.18% (24h),,
2026-04-24 07:18:50,"$78,164.69",$1.56T,$36.25B,20.02M BTC,0.94% (24h),,
2026-04-24 08:11:51,"$78,291.64",$1.56T,$36.48B,20.02M BTC,0.6% (24h),,
2026-04-24 10:12:16,"$78,027.98",$1.56T,$36.61B,20.02M BTC,0.61% (24h),,
2026-04-24 11:42:16,"$77,783.31",$1.55T,$36.15B,20.02M BTC,0.99% (24h),,
2026-04-24 12:42:50,"$77,636.27",$1.55T,$35.28B,20.02M BTC,0.94% (24h),,
2026-04-24 13:41:08,"$77,572.32",$1.55T,$34.73B,20.02M BTC,0.61% (24h),,
2026-04-24 14:31:57,"$77,555.83",$1.55T,$32.86B,20.02M BTC,0.62% (24h),,
2026-04-24 15:38:29,"$77,621.38",$1.55T,$32.42B,20.02M BTC,0.19% (24h),,
2026-04-24 16:30:25,"$77,565.72",$1.55T,$31.96B,20.02M BTC,0.25% (24h),,
2026-04-24 17:29:41,"$77,647.68",$1.55T,$31.85B,20.02M BTC,0.32% (24h),,
2026-04-24 18:24:27,"$77,612.17",$1.55T,$32.11B,20.02M BTC,0.77% (24h),,
2026-04-24 19:10:35,"$77,393.21",$1.54T,$32.62B,20.02M BTC,1.02% (24h),,
2026-04-24 19:57:07,"$77,448.35",$1.55T,$32.84B,20.02M BTC,1.03% (24h),,
2026-04-24 23:17:15,"$77,601.59",$1.55T,$31.8B,20.02M BTC,0.62% (24h),,
2026-04-25 01:25:02,"$77,540.98",$1.55T,$30.49B,20.02M BTC,0% (24h),,
2026-04-25 02:52:51,"$77,589.22",$1.55T,$30.18B,20.02M BTC,0.43% (24h),,
2026-04-25 04:08:49,"$77,567.32",$1.55T,$28.86B,20.02M BTC,0.1% (24h),,
2026-04-25 05:10:52,"$77,629.89",$1.55T,$27.76B,20.02M BTC,0.21% (24h),,
2026-04-25 06:07:37,"$77,795.45",$1.55T,$27.25B,20.02M BTC,0.4% (24h),,
2026-04-25 07:04:02,"$77,781.14",$1.55T,$26.98B,20.02M BTC,0.21% (24h),,
2026-04-25 07:53:26,"$77,697.99",$1.55T,$25.46B,20.02M BTC,0.7% (24h),,
2026-04-25 09:18:36,"$77,619.86",$1.55T,$24.08B,20.02M BTC,0.94% (24h),,
2026-04-25 10:11:35,"$77,660.47",$1.55T,$22.88B,20.02M BTC,0.41% (24h),,
2026-04-25 11:03:27,"$77,663.12",$1.55T,$21.17B,20.02M BTC,0.39% (24h),,
2026-04-25 11:55:54,"$77,359.43",$1.54T,$20.28B,20.02M BTC,0.84% (24h),,
2026-04-25 12:53:31,"$77,403.17",$1.54T,$20.2B,20.02M BTC,0.34% (24h),,
2026-04-25 13:44:05,"$77,330.73",$1.54T,$19.59B,20.02M BTC,0.37% (24h),,
2026-04-25 14:30:42,"$77,333.15",$1.54T,$18.97B,20.02M BTC,0.24% (24h),,
2026-04-25 15:31:16,"$77,269.54",$1.54T,$18.92B,20.02M BTC,0.42% (24h),,
2026-04-25 16:07:08,"$77,317.19",$1.54T,$18.63B,20.02M BTC,0.38% (24h),,
2026-04-25 16:57:30,"$77,466.28",$1.55T,$18.14B,20.02M BTC,0.34% (24h),,
2026-04-25 17:45:31,"$77,473.14",$1.55T,$17.75B,20.02M BTC,0.17% (24h),,
2026-04-25 18:22:03,"$77,535.54",$1.55T,$17.57B,20.02M BTC,0.09% (24h),,
2026-04-25 19:07:59,"$77,600.11",$1.55T,$16.74B,20.02M BTC,0.28% (24h),,
2026-04-25 19:55:00,"$77,618.28",$1.55T,$16.69B,20.02M BTC,0.21% (24h),,
2026-04-25 23:34:35,"$77,408.27",$1.54T,$15.63B,20.02M BTC,0.22% (24h),,
2026-04-26 01:58:12,"$77,997.97",$1.56T,$16.57B,20.02M BTC,0.6% (24h),,
2026-04-26 03:51:59,"$78,032.64",$1.56T,$16.45B,20.02M BTC,0.63% (24h),,
2026-04-26 04:51:35,"$78,043.16",$1.56T,$16.67B,20.02M BTC,0.53% (24h),,
2026-04-26 05:45:48,"$77,969.99",$1.56T,$16.74B,20.02M BTC,0.29% (24h),,
2026-04-26 06:33:47,"$78,014.49",$1.56T,$16.61B,20.02M BTC,0.18% (24h),,
2026-04-26 07:27:47,"$78,126.07",$1.56T,$16.56B,20.02M BTC,0.56% (24h),,
2026-04-26 08:06:58,"$78,075.44",$1.56T,$16.5B,20.02M BTC,0.52% (24h),,
2026-04-26 09:41:22,"$77,964.02",$1.56T,$16.97B,20.02M BTC,0.42% (24h),,
2026-04-26 10:30:27,"$78,076.38",$1.56T,$17.05B,20.02M BTC,0.45% (24h),,
2026-04-26 11:25:15,"$78,030.54",$1.56T,$17.22B,20.02M BTC,0.4% (24h),,
2026-04-26 12:09:05,"$78,043.01",$1.56T,$16.9B,20.02M BTC,0.8% (24h),,
2026-04-26 13:03:50,"$77,880.46",$1.55T,$16.47B,20.02M BTC,0.63% (24h),,
2026-04-26 13:58:26,"$78,049.00",$1.56T,$16.67B,20.02M BTC,1.03% (24h),,
2026-04-26 15:09:36,"$78,320.19",$1.56T,$17.02B,20.02M BTC,1.33% (24h),,
2026-04-26 15:56:03,"$78,306.88",$1.56T,$17.7B,20.02M BTC,1.29% (24h),,
2026-04-26 16:48:53,"$78,341.46",$1.56T,$17.96B,20.02M BTC,1.18% (24h),,
2026-04-26 17:26:00,"$78,284.65",$1.56T,$18.02B,20.02M BTC,0.98% (24h),,
2026-04-26 18:05:30,"$78,443.84",$1.57T,$18.89B,20.02M BTC,1.16% (24h),,
2026-04-26 18:59:14,"$78,389.48",$1.56T,$20.59B,20.02M BTC,1.05% (24h),,
2026-04-26 19:52:30,"$78,797.64",$1.57T,$20.92B,20.02M BTC,1.52% (24h),,
2026-04-26 23:38:28,"$79,237.62",$1.58T,$26.43B,20.02M BTC,2.43% (24h),,
2026-04-27 02:18:46,"$77,801.66",$1.55T,$28.93B,20.02M BTC,0.24% (24h),,
2026-04-27 04:44:46,"$77,638.80",$1.55T,$30.94B,20.02M BTC,0.52% (24h),,
2026-04-27 06:51:18,"$77,873.52",$1.55T,$32.07B,20.02M BTC,0.15% (24h),,
2026-04-27 08:17:04,"$77,860.97",$1.55T,$32.28B,20.02M BTC,0.15% (24h),,
2026-04-27 10:31:43,"$77,887.77",$1.55T,$33.66B,20.02M BTC,0.23% (24h),,
2026-04-27 12:13:27,"$76,785.88",$1.53T,$38.02B,20.02M BTC,1.64% (24h),,
2026-04-27 13:46:46,"$76,819.45",$1.53T,$39.25B,20.02M BTC,1.56% (24h),,
2026-04-27 15:00:28,"$76,843.40",$1.53T,$39.65B,20.02M BTC,1.85% (24h),,
2026-04-27 16:17:13,"$76,945.47",$1.54T,$40.11B,20.02M BTC,1.64% (24h),,
2026-04-27 17:32:00,"$76,905.25",$1.53T,$40.27B,20.02M BTC,1.66% (24h),,
2026-04-27 18:33:09,"$77,015.19",$1.54T,$38.63B,20.02M BTC,1.78% (24h),,
2026-04-27 19:37:50,"$77,203.85",$1.54T,$38.35B,20.02M BTC,1.45% (24h),,
2026-04-27 21:23:00,"$77,249.93",$1.54T,$35.95B,20.02M BTC,2.27% (24h),,
2026-04-28 01:00:23,"$76,928.80",$1.54T,$34.99B,20.02M BTC,2.54% (24h),,
2026-04-28 03:38:23,"$76,781.90",$1.53T,$32.44B,20.02M BTC,1.1% (24h),,
2026-04-28 06:01:04,"$76,610.54",$1.53T,$33.05B,20.02M BTC,1.66% (24h),,
2026-04-28 07:59:06,"$76,187.82",$1.52T,$34.26B,20.02M BTC,2.12% (24h),,
2026-04-28 10:37:07,"$75,755.28",$1.51T,$36.47B,20.02M BTC,3.12% (24h),,
2026-04-28 12:27:38,"$75,965.85",$1.52T,$33.86B,20.02M BTC,1.02% (24h),,
2026-04-28 14:08:42,"$76,140.21",$1.52T,$33.24B,20.02M BTC,0.83% (24h),,
2026-04-28 15:56:31,"$76,320.64",$1.52T,$32.71B,20.02M BTC,0.67% (24h),,
2026-04-28 17:13:18,"$76,360.45",$1.52T,$32.71B,20.02M BTC,0.65% (24h),,
2026-04-28 18:16:28,"$76,354.94",$1.52T,$32.7B,20.02M BTC,0.67% (24h),,
2026-04-28 19:15:23,"$76,339.46",$1.52T,$32.42B,20.02M BTC,0.92% (24h),,
2026-04-28 20:12:25,"$76,310.04",$1.52T,$31.84B,20.02M BTC,1.4% (24h),,
2026-04-29 00:07:33,"$76,933.45",$1.54T,$32.05B,20.02M BTC,0.17% (24h),,
2026-04-29 02:38:04,"$77,028.43",$1.54T,$33.68B,20.02M BTC,0.25% (24h),,
2026-04-29 05:01:27,"$77,023.08",$1.54T,$32.66B,20.02M BTC,0.23% (24h),,
2026-04-29 07:04:16,"$77,593.92",$1.55T,$34.8B,20.02M BTC,1.36% (24h),,
2026-04-29 08:53:47,"$77,198.62",$1.54T,$34.56B,20.02M BTC,1.08% (24h),,
2026-04-29 11:21:35,"$76,185.90",$1.52T,$34.95B,20.02M BTC,0.22% (24h),,
2026-04-29 12:59:14,"$75,762.35",$1.51T,$36.65B,20.02M BTC,0.46% (24h),,
2026-04-29 14:21:12,"$75,289.40",$1.5T,$37.69B,20.02M BTC,1.19% (24h),,
2026-04-29 15:59:28,"$75,475.53",$1.51T,$40.16B,20.02M BTC,1.13% (24h),,
2026-04-29 17:16:25,"$75,802.12",$1.51T,$40.68B,20.02M BTC,0.74% (24h),,
2026-04-29 18:15:16,"$75,942.52",$1.52T,$41.03B,20.02M BTC,0.54% (24h),,
2026-04-29 19:15:15,"$75,959.88",$1.52T,$41.17B,20.02M BTC,0.48% (24h),,
2026-04-29 20:12:30,"$75,728.05",$1.51T,$41.3B,20.02M BTC,0.75% (24h),,
2026-04-30 00:09:16,"$75,752.52",$1.51T,$41.26B,20.02M BTC,1.53% (24h),,
2026-04-30 02:42:32,"$75,777.15",$1.51T,$40.49B,20.02M BTC,1.65% (24h),,
2026-04-30 05:06:05,"$76,059.91",$1.52T,$39.14B,20.02M BTC,1.19% (24h),,
2026-04-30 07:05:44,"$76,053.00",$1.52T,$37.55B,20.02M BTC,2.04% (24h),,
2026-04-30 08:52:43,"$76,303.29",$1.52T,$37.5B,20.02M BTC,1.13% (24h),,
2026-04-30 11:15:27,"$76,392.52",$1.52T,$36.36B,20.02M BTC,0.21% (24h),,
2026-04-30 12:52:04,"$76,317.31",$1.52T,$34.28B,20.02M BTC,0.76% (24h),,
2026-04-30 14:15:21,"$76,242.92",$1.52T,$32.3B,20.02M BTC,1.42% (24h),,
2026-04-30 15:53:42,"$76,428.82",$1.53T,$30.45B,20.02M BTC,1.22% (24h),,
2026-04-30 17:07:38,"$76,487.34",$1.53T,$29.84B,20.02M BTC,1.15% (24h),,
2026-04-30 18:09:50,"$76,304.26",$1.52T,$29.77B,20.02M BTC,0.49% (24h),,
2026-04-30 19:10:56,"$76,208.48",$1.52T,$29.61B,20.02M BTC,0.36% (24h),,
2026-04-30 20:07:53,"$76,431.33",$1.53T,$28.9B,20.02M BTC,0.9% (24h),,
2026-05-01 05:58:04,"$77,227.21",$1.54T,$30.2B,20.02M BTC,1.46% (24h),,
2026-05-01 06:44:44,"$77,245.30",$1.54T,$30.23B,20.02M BTC,1.63% (24h),,
2026-05-01 07:47:46,"$77,383.68",$1.54T,$30.94B,20.02M BTC,1.95% (24h),,
2026-05-01 08:45:33,"$77,936.03",$1.56T,$31.2B,20.02M BTC,2.22% (24h),,
2026-05-01 18:29:03,"$78,348.34",$1.56T,$39.26B,20.02M BTC,2.57% (24h),,
2026-05-02 06:14:27,"$78,291.65",$1.56T,$33.82B,20.02M BTC,1.48% (24h),,
2026-05-02 07:12:13,"$78,167.26",$1.56T,$33.03B,20.02M BTC,1.17% (24h),,
2026-05-02 08:03:40,"$78,113.74",$1.56T,$31.37B,20.02M BTC,0.81% (24h),,
2026-05-02 09:47:59,"$78,331.60",$1.56T,$27.54B,20.02M BTC,0.04% (24h),,
2026-05-02 10:39:28,"$78,370.80",$1.56T,$23.8B,20.02M BTC,0.28% (24h),,
2026-05-02 11:33:22,"$78,367.82",$1.56T,$22.15B,20.02M BTC,0.22% (24h),,
2026-05-02 12:30:18,"$78,494.43",$1.57T,$20.72B,20.02M BTC,0.22% (24h),,
2026-05-02 13:28:33,"$78,417.25",$1.57T,$19.75B,20.02M BTC,0.28% (24h),,
2026-05-02 14:35:51,"$78,426.50",$1.57T,$19.07B,20.02M BTC,0.12% (24h),,
2026-05-02 15:38:51,"$78,453.76",$1.57T,$18.51B,20.02M BTC,0.17% (24h),,
2026-05-02 16:24:30,"$78,435.28",$1.57T,$17.81B,20.02M BTC,0.38% (24h),,
2026-05-02 17:11:08,"$78,481.44",$1.57T,$16.69B,20.02M BTC,0.66% (24h),,
2026-05-02 18:00:39,"$78,757.36",$1.57T,$17.11B,20.02M BTC,0.73% (24h),,
2026-05-02 18:58:26,"$78,815.59",$1.57T,$17.07B,20.02M BTC,0.84% (24h),,
2026-05-02 19:56:22,"$78,658.72",$1.57T,$16.75B,20.02M BTC,0.65% (24h),,
2026-05-02 23:48:21,"$78,129.54",$1.56T,$17.07B,20.02M BTC,0.3% (24h),,
2026-05-03 02:19:39,"$78,135.96",$1.56T,$15.81B,20.02M BTC,0.08% (24h),,
2026-05-03 04:18:58,"$78,445.67",$1.57T,$15.91B,20.02M BTC,0.28% (24h),,
2026-05-03 05:43:47,"$78,514.34",$1.57T,$15.87B,20.02M BTC,0.26% (24h),,
2026-05-03 06:41:32,"$78,445.08",$1.57T,$15.98B,20.02M BTC,0.27% (24h),,
2026-05-03 07:30:09,"$78,497.11",$1.57T,$16.02B,20.02M BTC,0.38% (24h),,
2026-05-03 08:09:44,"$78,737.27",$1.57T,$16.35B,20.02M BTC,0.74% (24h),,
2026-05-03 09:50:19,"$78,611.72",$1.57T,$16.64B,20.02M BTC,0.36% (24h),,
2026-05-03 10:41:03,"$78,685.59",$1.57T,$16.83B,20.02M BTC,0.39% (24h),,
2026-05-03 11:33:56,"$78,708.80",$1.57T,$17.23B,20.02M BTC,0.43% (24h),,
2026-05-03 12:31:22,"$78,656.68",$1.57T,$17.1B,20.02M BTC,0.22% (24h),,
2026-05-03 13:29:59,"$78,718.43",$1.57T,$17.38B,20.02M BTC,0.37% (24h),,
2026-05-03 14:33:23,"$78,701.75",$1.57T,$17.54B,20.02M BTC,0.35% (24h),,
2026-05-03 15:41:28,"$78,774.99",$1.57T,$17.62B,20.02M BTC,0.4% (24h),,
2026-05-03 16:27:16,"$78,887.42",$1.57T,$17.83B,20.02M BTC,0.6% (24h),,
2026-05-03 17:12:35,"$79,026.51",$1.58T,$18.76B,20.02M BTC,0.69% (24h),,
2026-05-03 18:05:08,"$79,070.67",$1.58T,$18.35B,20.02M BTC,0.47% (24h),,
2026-05-03 19:03:18,"$79,217.60",$1.58T,$19.58B,20.02M BTC,0.57% (24h),,
2026-05-03 20:02:57,"$78,509.21",$1.57T,$20.58B,20.02M BTC,0.23% (24h),,
2026-05-04 00:08:26,"$80,387.48",$1.6T,$29.14B,20.02M BTC,2.86% (24h),,
2026-05-04 03:23:55,"$79,845.68",$1.59T,$34.03B,20.02M BTC,1.89% (24h),,
2026-05-04 05:39:09,"$79,743.86",$1.59T,$35.47B,20.02M BTC,1.56% (24h),,
2026-05-04 07:26:56,"$78,928.02",$1.58T,$42.18B,20.02M BTC,0.54% (24h),,
2026-05-04 09:10:40,"$78,855.99",$1.57T,$42.85B,20.02M BTC,0.16% (24h),,
2026-05-04 11:23:12,"$79,647.46",$1.59T,$48.15B,20.02M BTC,1.15% (24h),,
2026-05-04 13:13:32,"$80,329.77",$1.6T,$53.46B,20.02M BTC,2.08% (24h),,
2026-05-04 14:59:58,"$80,095.87",$1.6T,$56.08B,20.02M BTC,1.74% (24h),,
2026-05-04 16:24:57,"$79,965.72",$1.6T,$56.72B,20.02M BTC,1.5% (24h),,
2026-05-04 17:40:24,"$80,250.12",$1.6T,$56.34B,20.02M BTC,1.76% (24h),,
2026-05-04 18:41:02,"$80,115.72",$1.6T,$54.98B,20.02M BTC,1.26% (24h),,
2026-05-04 19:38:19,"$79,744.76",$1.59T,$54.5B,20.02M BTC,1.45% (24h),,
2026-05-04 21:19:40,"$80,190.88",$1.6T,$53.94B,20.02M BTC,2.17% (24h),,
2026-05-05 00:31:40,"$80,745.18",$1.61T,$48B,20.02M BTC,0.48% (24h),,
2026-05-05 02:38:34,"$80,813.78",$1.61T,$47.32B,20.02M BTC,1.33% (24h),,
2026-05-05 05:02:03,"$80,722.75",$1.61T,$47.38B,20.02M BTC,1.36% (24h),,
2026-05-05 06:55:09,"$80,734.30",$1.61T,$42.42B,20.02M BTC,2.23% (24h),,
2026-05-05 08:08:07,"$81,011.37",$1.62T,$42.16B,20.02M BTC,2.85% (24h),,
2026-05-05 10:24:19,"$81,202.26",$1.62T,$44.5B,20.02M BTC,2.53% (24h),,
2026-05-05 12:26:38,"$81,442.95",$1.63T,$39.21B,20.02M BTC,1.48% (24h),,
2026-05-05 13:56:50,"$81,290.08",$1.62T,$37.82B,20.02M BTC,1% (24h),,
2026-05-05 15:43:09,"$81,593.95",$1.63T,$37.13B,20.02M BTC,2.08% (24h),,
2026-05-05 16:47:43,"$81,595.93",$1.63T,$37.59B,20.02M BTC,2.07% (24h),,
2026-05-05 17:48:14,"$81,438.93",$1.63T,$38.17B,20.02M BTC,1.46% (24h),,
2026-05-05 18:42:10,"$80,875.47",$1.61T,$38.47B,20.02M BTC,0.94% (24h),,
2026-05-05 19:37:40,"$80,798.20",$1.61T,$39.45B,20.02M BTC,1.27% (24h),,
2026-05-05 21:17:09,"$81,186.70",$1.62T,$40.17B,20.02M BTC,1.2% (24h),,
2026-05-06 00:47:23,"$81,379.78",$1.62T,$40.06B,20.02M BTC,0.78% (24h),,
2026-05-06 03:29:10,"$81,542.62",$1.63T,$39.49B,20.02M BTC,0.61% (24h),,
2026-05-06 06:00:30,"$81,981.30",$1.64T,$41.05B,20.02M BTC,1.74% (24h),,
2026-05-06 08:00:35,"$82,505.13",$1.65T,$43.93B,20.02M BTC,1.85% (24h),,
2026-05-06 10:41:21,"$81,731.62",$1.63T,$43.81B,20.02M BTC,0.69% (24h),,
2026-05-06 12:20:26,"$81,670.46",$1.63T,$43.61B,20.02M BTC,0.21% (24h),,
2026-05-06 13:57:16,"$81,482.31",$1.63T,$43.96B,20.02M BTC,0.23% (24h),,
2026-05-06 15:54:55,"$81,480.37",$1.63T,$44.33B,20.02M BTC,0.11% (24h),,
2026-05-06 17:16:08,"$81,375.83",$1.62T,$43.52B,20.02M BTC,0.29% (24h),,
2026-05-06 18:11:48,"$81,370.55",$1.62T,$43.06B,20.02M BTC,0.03% (24h),,
2026-05-06 19:11:15,"$81,236.58",$1.62T,$41.92B,20.02M BTC,0.08% (24h),,
2026-05-06 20:07:10,"$81,435.22",$1.63T,$41.33B,20.02M BTC,0.49% (24h),,
2026-05-07 00:03:36,"$80,843.95",$1.61T,$40.42B,20.02M BTC,0.89% (24h),,
2026-05-07 02:52:24,"$81,326.30",$1.62T,$39.93B,20.02M BTC,0.17% (24h),,
2026-05-07 05:39:49,"$80,925.43",$1.62T,$39B,20.02M BTC,1.23% (24h),,
2026-05-07 07:30:13,"$80,882.16",$1.61T,$36.68B,20.02M BTC,2.15% (24h),,
2026-05-07 09:18:46,"$80,994.79",$1.62T,$33.59B,20.02M BTC,1.37% (24h),,
2026-05-07 11:42:06,"$79,934.59",$1.6T,$35.17B,20.02M BTC,1.93% (24h),,
2026-05-07 13:27:23,"$79,539.98",$1.59T,$36.14B,20.02M BTC,2.37% (24h),,
2026-05-07 15:16:56,"$80,151.08",$1.6T,$37.26B,20.02M BTC,1.29% (24h),,
2026-05-07 16:43:18,"$79,923.17",$1.6T,$37.18B,20.02M BTC,1.77% (24h),,
2026-05-07 17:43:02,"$79,833.36",$1.59T,$37.35B,20.02M BTC,2.11% (24h),,
2026-05-07 18:47:04,"$79,841.38",$1.59T,$37.72B,20.02M BTC,1.78% (24h),,
2026-05-07 19:40:17,"$79,971.48",$1.6T,$36.9B,20.02M BTC,1.66% (24h),,
2026-05-07 21:27:02,"$79,685.31",$1.59T,$36.78B,20.02M BTC,1.79% (24h),,
2026-05-08 00:41:24,"$79,542.55",$1.59T,$36.68B,20.02M BTC,1.62% (24h),,
2026-05-08 02:24:15,"$79,588.21",$1.59T,$36.43B,20.02M BTC,1.71% (24h),,
2026-05-08 04:11:22,"$79,690.54",$1.59T,$37.68B,20.02M BTC,2.21% (24h),,
2026-05-08 05:56:32,"$79,853.00",$1.59T,$37.59B,20.02M BTC,1.32% (24h),,
2026-05-08 07:23:53,"$80,194.70",$1.6T,$37.78B,20.02M BTC,0.86% (24h),,
2026-05-08 08:55:58,"$80,102.21",$1.6T,$37.79B,20.02M BTC,1.28% (24h),,
2026-05-08 10:56:22,"$80,158.46",$1.6T,$37.36B,20.02M BTC,0.14% (24h),,
2026-05-08 12:20:23,"$79,955.98",$1.6T,$34.94B,20.02M BTC,0.28% (24h),,
2026-05-08 13:50:13,"$80,226.43",$1.6T,$34.73B,20.02M BTC,0.48% (24h),,
2026-05-08 15:01:59,"$80,020.38",$1.6T,$34.88B,20.02M BTC,0.18% (24h),,
2026-05-08 16:16:39,"$80,230.26",$1.6T,$34.19B,20.02M BTC,0.09% (24h),,
2026-05-08 17:32:07,"$80,155.80",$1.6T,$33.88B,20.02M BTC,0.33% (24h),,
2026-05-08 18:37:08,"$80,337.21",$1.6T,$33.5B,20.02M BTC,0.68% (24h),,
2026-05-08 19:37:41,"$80,110.77",$1.6T,$33.59B,20.02M BTC,0.25% (24h),,
2026-05-08 21:23:00,"$80,264.63",$1.6T,$32.57B,20.02M BTC,0.68% (24h),,
2026-05-09 00:53:17,"$80,423.38",$1.61T,$31.02B,20.02M BTC,1.03% (24h),,
2026-05-09 03:12:35,"$80,135.59",$1.6T,$30.31B,20.02M BTC,0.98% (24h),,
2026-05-09 04:55:47,"$80,421.04",$1.61T,$28.76B,20.02M BTC,0.61% (24h),,
2026-05-09 06:12:26,"$80,193.41",$1.6T,$27.92B,20.02M BTC,0.5% (24h),,
2026-05-09 07:15:40,"$80,305.22",$1.6T,$26.86B,20.02M BTC,0.11% (24h),,
2026-05-09 08:06:27,"$80,349.99",$1.6T,$26.39B,20.02M BTC,0.16% (24h),,
2026-05-09 09:51:34,"$80,337.55",$1.6T,$24.62B,20.02M BTC,0.91% (24h),,
2026-05-09 10:44:09,"$80,324.23",$1.6T,$23.11B,20.02M BTC,0.15% (24h),,
2026-05-09 11:39:20,"$80,499.68",$1.61T,$22.3B,20.02M BTC,0.83% (24h),,
2026-05-09 12:36:44,"$80,613.64",$1.61T,$21.91B,20.02M BTC,1.01% (24h),,
2026-05-09 13:36:21,"$80,868.11",$1.61T,$21.15B,20.02M BTC,0.83% (24h),,
2026-05-09 14:38:05,"$80,962.10",$1.62T,$20.02B,20.02M BTC,0.99% (24h),,
2026-05-09 15:45:45,"$80,828.35",$1.61T,$19.29B,20.02M BTC,0.93% (24h),,
2026-05-09 16:31:30,"$80,785.17",$1.61T,$19B,20.02M BTC,0.71% (24h),,
2026-05-09 17:26:35,"$80,769.59",$1.61T,$18.69B,20.02M BTC,0.75% (24h),,
2026-05-09 18:10:21,"$80,726.66",$1.61T,$18.4B,20.02M BTC,0.54% (24h),,
2026-05-09 19:06:24,"$80,746.02",$1.61T,$18.2B,20.02M BTC,0.64% (24h),,
2026-05-09 20:03:06,"$80,672.93",$1.61T,$18.01B,20.02M BTC,0.65% (24h),,
2026-05-10 00:13:46,"$80,733.56",$1.61T,$17.81B,20.02M BTC,0.19% (24h),,
2026-05-10 03:09:44,"$80,748.74",$1.61T,$16.88B,20.02M BTC,0.73% (24h),,
2026-05-10 05:03:11,"$80,861.23",$1.61T,$16.66B,20.02M BTC,0.57% (24h),,
2026-05-10 06:37:06,"$80,781.06",$1.61T,$16.6B,20.02M BTC,0.66% (24h),,
2026-05-10 07:32:53,"$80,783.15",$1.61T,$16.79B,20.02M BTC,0.55% (24h),,
2026-05-10 08:41:25,"$80,896.76",$1.62T,$16.63B,20.02M BTC,0.71% (24h),,
2026-05-10 10:10:17,"$80,918.01",$1.62T,$16.62B,20.02M BTC,0.7% (24h),,
2026-05-10 11:15:17,"$81,011.48",$1.62T,$16.82B,20.02M BTC,0.92% (24h),,
2026-05-10 12:15:00,"$81,430.35",$1.63T,$17.75B,20.02M BTC,1.08% (24h),,
2026-05-10 13:17:35,"$81,275.78",$1.62T,$17.85B,20.02M BTC,0.68% (24h),,
2026-05-10 14:11:53,"$81,404.15",$1.63T,$18.42B,20.02M BTC,0.76% (24h),,
2026-05-10 15:36:14,"$81,410.13",$1.63T,$18.95B,20.02M BTC,0.76% (24h),,
2026-05-10 16:27:47,"$81,110.75",$1.62T,$19.24B,20.02M BTC,0.4% (24h),,
2026-05-10 17:27:27,"$80,747.23",$1.61T,$21.27B,20.02M BTC,0.03% (24h),,
2026-05-10 18:13:19,"$81,306.97",$1.62T,$21.87B,20.02M BTC,0.72% (24h),,
2026-05-10 19:13:27,"$82,265.17",$1.64T,$25.56B,20.02M BTC,1.93% (24h),,
2026-05-10 20:12:14,"$82,001.98",$1.64T,$27.03B,20.02M BTC,1.63% (24h),,
2026-05-11 00:41:17,"$80,762.40",$1.61T,$31.34B,20.02M BTC,0.05% (24h),,
2026-05-11 04:19:06,"$80,736.21",$1.61T,$32.89B,20.02M BTC,0.04% (24h),,
2026-05-11 07:40:45,"$81,132.49",$1.62T,$33.76B,20.02M BTC,0.43% (24h),,
2026-05-11 10:10:15,"$81,176.19",$1.62T,$35.55B,20.02M BTC,0.32% (24h),,
2026-05-11 12:48:59,"$81,693.87",$1.63T,$37.13B,20.02M BTC,0.51% (24h),,
2026-05-11 14:30:33,"$82,029.61",$1.64T,$37.72B,20.02M BTC,0.83% (24h),,
2026-05-11 16:22:18,"$81,837.72",$1.63T,$38.48B,20.02M BTC,0.86% (24h),,
2026-05-11 17:51:13,"$81,739.57",$1.63T,$36.58B,20.02M BTC,1.09% (24h),,
2026-05-11 18:48:34,"$81,818.35",$1.63T,$34.84B,20.02M BTC,0.07% (24h),,
2026-05-11 19:44:33,"$81,773.27",$1.63T,$32.19B,20.02M BTC,0.68% (24h),,
2026-05-11 21:28:08,"$81,334.59",$1.62T,$30.16B,20.02M BTC,0.35% (24h),,
2026-05-12 01:08:51,"$81,212.95",$1.62T,$29.44B,20.02M BTC,0.48% (24h),,
2026-05-12 04:05:21,"$80,821.81",$1.61T,$29.68B,20.02M BTC,0.17% (24h),,
2026-05-12 06:42:47,"$80,683.71",$1.61T,$30.2B,20.02M BTC,0.45% (24h),,
2026-05-12 08:32:53,"$80,631.44",$1.61T,$30.92B,20.02M BTC,0.82% (24h),,
2026-05-12 11:33:59,"$80,371.10",$1.6T,$31.7B,20.02M BTC,1.04% (24h),,
2026-05-12 13:37:58,"$80,434.92",$1.61T,$32.91B,20.02M BTC,1.53% (24h),,
2026-05-12 15:23:17,"$80,729.30",$1.61T,$32.35B,20.02M BTC,1.32% (24h),,
2026-05-12 17:05:41,"$80,687.41",$1.61T,$32.24B,20.02M BTC,1.41% (24h),,
2026-05-12 18:23:35,"$80,639.71",$1.61T,$32.25B,20.02M BTC,1.44% (24h),,
2026-05-12 19:38:46,"$80,476.78",$1.61T,$32.1B,20.02M BTC,1.49% (24h),,
2026-05-12 21:29:32,"$81,065.53",$1.62T,$31.8B,20.02M BTC,0.31% (24h),,
2026-05-13 01:32:03,"$81,067.40",$1.62T,$31.63B,20.02M BTC,0.24% (24h),,
2026-05-13 04:22:31,"$81,030.78",$1.62T,$30.09B,20.02M BTC,0.23% (24h),,
2026-05-13 07:10:22,"$80,630.56",$1.61T,$30.45B,20.02M BTC,0.04% (24h),,
2026-05-13 09:30:28,"$80,082.98",$1.6T,$30.88B,20.02M BTC,0.66% (24h),,
2026-05-13 12:09:41,"$78,743.90",$1.57T,$32.63B,20.02M BTC,1.89% (24h),,
2026-05-13 14:14:27,"$79,573.20",$1.59T,$33.33B,20.02M BTC,1.11% (24h),,
2026-05-13 16:14:36,"$79,617.04",$1.59T,$33.42B,20.02M BTC,1.4% (24h),,
2026-05-13 17:49:40,"$79,452.09",$1.59T,$33.68B,20.02M BTC,1.34% (24h),,
2026-05-13 18:54:41,"$79,420.31",$1.59T,$33.89B,20.02M BTC,1.53% (24h),,
2026-05-13 20:07:41,"$79,383.40",$1.58T,$33.98B,20.02M BTC,1.32% (24h),,
2026-05-14 00:12:46,"$79,205.05",$1.58T,$35B,20.02M BTC,2.36% (24h),,
2026-05-14 03:26:50,"$79,760.99",$1.59T,$36.18B,20.02M BTC,1.39% (24h),,
2026-05-14 05:57:40,"$79,562.06",$1.59T,$36.88B,20.02M BTC,2.05% (24h),,
2026-05-14 07:58:24,"$79,265.55",$1.58T,$36.65B,20.02M BTC,1.49% (24h),,
2026-05-14 10:32:47,"$80,091.62",$1.6T,$35.28B,20.02M BTC,0.37% (24h),,
2026-05-14 12:32:35,"$81,530.46",$1.63T,$38.19B,20.02M BTC,3.18% (24h),,
2026-05-14 14:23:25,"$81,883.80",$1.64T,$42.33B,20.02M BTC,2.75% (24h),,
2026-05-14 16:16:29,"$81,394.39",$1.63T,$43.28B,20.02M BTC,2.22% (24h),,
2026-05-14 17:40:34,"$81,480.20",$1.63T,$43.73B,20.02M BTC,2.55% (24h),,
2026-05-14 18:42:26,"$81,500.66",$1.63T,$43.76B,20.02M BTC,2.71% (24h),,
2026-05-14 19:42:47,"$81,208.50",$1.62T,$43.53B,20.02M BTC,2.45% (24h),,
2026-05-14 21:46:57,"$81,273.56",$1.62T,$43.98B,20.02M BTC,2.29% (24h),,
2026-05-15 01:42:34,"$80,386.11",$1.61T,$43.6B,20.02M BTC,0.87% (24h),,
2026-05-15 04:33:40,"$80,492.39",$1.61T,$45.4B,20.02M BTC,0.89% (24h),,
2026-05-15 07:05:51,"$80,614.02",$1.61T,$45.38B,20.02M BTC,1.4% (24h),,
2026-05-15 09:04:37,"$80,081.54",$1.6T,$44.88B,20.02M BTC,0.41% (24h),,
2026-05-15 11:29:24,"$79,091.04",$1.58T,$46.94B,20.02M BTC,2.33% (24h),,
2026-05-15 13:13:41,"$79,203.74",$1.58T,$41.48B,20.02M BTC,3.3% (24h),,
2026-05-15 15:00:15,"$79,246.69",$1.58T,$39.23B,20.02M BTC,2.86% (24h),,
2026-05-15 16:22:03,"$79,045.23",$1.58T,$38.34B,20.02M BTC,2.72% (24h),,
2026-05-15 17:36:01,"$79,075.67",$1.58T,$38.16B,20.02M BTC,2.91% (24h),,
2026-05-15 18:37:42,"$79,041.80",$1.58T,$38.38B,20.02M BTC,2.98% (24h),,
2026-05-15 19:38:08,"$79,047.10",$1.58T,$38.16B,20.02M BTC,2.78% (24h),,
2026-05-15 21:24:51,"$79,090.58",$1.58T,$37.28B,20.02M BTC,2.88% (24h),,
2026-05-16 00:57:31,"$78,956.28",$1.58T,$35.56B,20.02M BTC,2.26% (24h),,
2026-05-16 03:22:26,"$78,326.81",$1.56T,$34.16B,20.03M BTC,3.05% (24h),,
2026-05-16 05:13:46,"$78,243.32",$1.56T,$33.91B,20.03M BTC,2.84% (24h),,
2026-05-16 06:41:56,"$77,841.89",$1.55T,$36.19B,20.03M BTC,3.22% (24h),,
2026-05-16 07:40:24,"$78,142.61",$1.56T,$36.93B,20.03M BTC,3.02% (24h),,
2026-05-16 08:46:36,"$78,024.96",$1.56T,$37.1B,20.03M BTC,2.9% (24h),,
2026-05-16 10:15:41,"$77,924.92",$1.56T,$31.71B,20.03M BTC,1.62% (24h),,
2026-05-16 11:31:40,"$78,140.94",$1.56T,$30.44B,20.03M BTC,1.27% (24h),,
2026-05-16 12:33:02,"$78,251.22",$1.56T,$29.86B,20.03M BTC,1.33% (24h),,
2026-05-16 13:40:16,"$78,252.62",$1.56T,$29.24B,20.03M BTC,1.5% (24h),,
2026-05-16 14:42:09,"$78,168.68",$1.56T,$28.54B,20.03M BTC,1.36% (24h),,
2026-05-16 15:53:38,"$78,235.89",$1.56T,$28.13B,20.03M BTC,1.11% (24h),,
2026-05-16 16:57:13,"$78,215.49",$1.56T,$27.44B,20.03M BTC,1.07% (24h),,
2026-05-16 17:57:12,"$78,241.93",$1.56T,$27B,20.03M BTC,0.93% (24h),,
2026-05-16 18:56:02,"$78,167.91",$1.56T,$26.56B,20.03M BTC,1.12% (24h),,
2026-05-16 19:59:43,"$78,135.56",$1.56T,$25.96B,20.03M BTC,1.17% (24h),,
2026-05-17 00:15:27,"$78,012.00",$1.56T,$26.11B,20.03M BTC,1.29% (24h),,
2026-05-17 03:18:53,"$78,042.86",$1.56T,$24.3B,20.03M BTC,0.32% (24h),,
2026-05-17 05:17:26,"$78,117.78",$1.56T,$22.58B,20.03M BTC,0.09% (24h),,
2026-05-17 06:44:19,"$78,420.12",$1.57T,$20.2B,20.03M BTC,0.72% (24h),,
2026-05-17 07:49:20,"$78,365.41",$1.56T,$19.26B,20.03M BTC,0.32% (24h),,
2026-05-17 08:45:34,"$78,459.86",$1.57T,$18.8B,20.03M BTC,0.54% (24h),,
2026-05-17 10:18:05,"$77,934.08",$1.56T,$18.09B,20.03M BTC,0.04% (24h),,
2026-05-17 11:33:44,"$78,013.06",$1.56T,$17.68B,20.03M BTC,0.19% (24h),,
2026-05-17 12:38:45,"$78,093.70",$1.56T,$17.44B,20.03M BTC,0.16% (24h),,
2026-05-17 13:42:48,"$77,964.09",$1.56T,$17.29B,20.03M BTC,0.37% (24h),,
2026-05-17 14:46:38,"$78,086.87",$1.56T,$17.16B,20.03M BTC,0.16% (24h),,
2026-05-17 15:57:12,"$78,369.10",$1.56T,$17.11B,20.03M BTC,0.18% (24h),,
2026-05-17 17:02:37,"$78,239.53",$1.56T,$17.23B,20.03M BTC,0.02% (24h),,
2026-05-17 18:07:39,"$78,256.78",$1.56T,$17.46B,20.03M BTC,0.12% (24h),,
2026-05-17 19:11:24,"$77,856.62",$1.55T,$18.3B,20.03M BTC,0.37% (24h),,
2026-05-17 20:12:57,"$77,008.86",$1.54T,$21.49B,20.03M BTC,1.47% (24h),,
2026-05-18 00:47:58,"$76,938.89",$1.54T,$24.26B,20.03M BTC,1.55% (24h),,
2026-05-18 04:39:19,"$76,869.70",$1.53T,$28.02B,20.03M BTC,1.53% (24h),,
2026-05-18 08:07:54,"$77,398.24",$1.55T,$29.76B,20.03M BTC,1.25% (24h),,
2026-05-18 11:57:00,"$76,389.03",$1.53T,$37.75B,20.03M BTC,2.08% (24h),,
2026-05-18 14:05:50,"$76,509.24",$1.53T,$40.89B,20.03M BTC,2.1% (24h),,
2026-05-18 16:00:26,"$76,937.63",$1.54T,$43.31B,20.03M BTC,1.83% (24h),,
2026-05-18 17:22:29,"$76,938.68",$1.54T,$44.04B,20.03M BTC,1.77% (24h),,
2026-05-18 18:34:00,"$77,091.01",$1.54T,$44.18B,20.03M BTC,1.17% (24h),,
2026-05-18 19:44:49,"$77,066.43",$1.54T,$43.19B,20.03M BTC,0.04% (24h),,
2026-05-18 21:52:34,"$76,686.65",$1.53T,$39.89B,20.03M BTC,0.28% (24h),,
2026-05-19 02:14:18,"$76,944.84",$1.54T,$38.99B,20.03M BTC,0.19% (24h),,
2026-05-19 06:11:27,"$76,775.15",$1.53T,$37.67B,20.03M BTC,0.02% (24h),,
2026-05-19 09:32:58,"$76,572.09",$1.53T,$35.72B,20.03M BTC,0.76% (24h),,
2026-05-19 12:40:30,"$76,637.35",$1.53T,$30.64B,20.03M BTC,0.33% (24h),,
2026-05-19 14:28:11,"$76,724.76",$1.53T,$29.67B,20.03M BTC,0.72% (24h),,
2026-05-19 16:16:53,"$76,871.79",$1.53T,$27.93B,20.03M BTC,0.17% (24h),,
2026-05-19 17:50:41,"$76,940.29",$1.54T,$26.78B,20.03M BTC,0.01% (24h),,
2026-05-19 19:01:15,"$76,619.89",$1.53T,$26.49B,20.03M BTC,0.53% (24h),,
2026-05-19 20:13:13,"$76,517.38",$1.53T,$25.82B,20.03M BTC,0.74% (24h),,
2026-05-20 00:42:02,"$76,661.73",$1.53T,$25.3B,20.03M BTC,0.23% (24h),,
2026-05-20 04:23:27,"$77,151.18",$1.54T,$25.7B,20.03M BTC,0.12% (24h),,
2026-05-20 07:24:29,"$77,413.21",$1.55T,$25.1B,20.03M BTC,0.79% (24h),,
2026-05-20 10:07:10,"$77,102.59",$1.54T,$25.04B,20.03M BTC,0.44% (24h),,
2026-05-20 13:28:47,"$77,529.47",$1.55T,$25.29B,20.03M BTC,0.9% (24h),,
2026-05-20 15:42:44,"$77,550.88",$1.55T,$25.73B,20.03M BTC,0.95% (24h),,
2026-05-20 17:27:15,"$77,578.11",$1.55T,$26.32B,20.03M BTC,0.79% (24h),,
2026-05-20 18:55:29,"$77,403.41",$1.55T,$26.42B,20.03M BTC,0.94% (24h),,
2026-05-20 20:13:18,"$77,587.21",$1.55T,$26.56B,20.03M BTC,1.38% (24h),,
2026-05-21 00:50:39,"$77,922.91",$1.56T,$27.26B,20.03M BTC,1.6% (24h),,
2026-05-21 04:26:28,"$77,877.67",$1.56T,$27.12B,20.03M BTC,0.9% (24h),,
2026-05-21 07:49:28,"$77,180.18",$1.54T,$27.48B,20.03M BTC,0.19% (24h),,
2026-05-21 15:25:14,"$77,496.19",$1.55T,$27.82B,20.03M BTC,0.07% (24h),,
2026-05-21 17:14:46,"$77,691.24",$1.55T,$27.47B,20.03M BTC,0% (24h),,
2026-05-21 18:46:22,"$77,578.36",$1.55T,$27.4B,20.03M BTC,0.23% (24h),,
2026-05-21 19:45:54,"$77,633.60",$1.55T,$27.09B,20.03M BTC,0.29% (24h),,
2026-05-21 21:52:51,"$77,556.26",$1.55T,$26.02B,20.03M BTC,0.35% (24h),,
2026-05-22 02:14:04,"$77,407.53",$1.55T,$25.51B,20.03M BTC,0.36% (24h),,
2026-05-22 05:53:03,"$77,274.31",$1.54T,$26.17B,20.03M BTC,0.43% (24h),,
2026-05-22 08:27:26,"$77,349.42",$1.54T,$25.78B,20.03M BTC,0.38% (24h),,
2026-05-22 11:37:41,"$76,800.98",$1.53T,$26.15B,20.03M BTC,0.27% (24h),,
2026-05-22 13:28:50,"$76,907.35",$1.54T,$25.22B,20.03M BTC,1.25% (24h),,
2026-05-22 15:16:01,"$76,216.13",$1.52T,$24.91B,20.03M BTC,1.61% (24h),,
2026-05-22 16:52:15,"$75,952.79",$1.52T,$26.98B,20.03M BTC,2.22% (24h),,
2026-05-22 18:13:10,"$75,791.55",$1.51T,$27.26B,20.03M BTC,2.34% (24h),,
2026-05-22 19:36:12,"$75,644.11",$1.51T,$27.5B,20.03M BTC,2.56% (24h),,
2026-05-22 21:27:27,"$75,377.45",$1.51T,$29.77B,20.03M BTC,2.61% (24h),,
2026-05-23 01:07:39,"$75,444.44",$1.51T,$29.49B,20.03M BTC,2.77% (24h),,
2026-05-23 03:43:23,"$75,182.38",$1.5T,$28.06B,20.03M BTC,2.88% (24h),,
2026-05-23 05:29:49,"$74,607.25",$1.49T,$30.76B,20.03M BTC,3.38% (24h),,
2026-05-23 06:57:20,"$74,636.92",$1.49T,$30.51B,20.03M BTC,3.33% (24h),,
2026-05-23 08:03:33,"$74,686.66",$1.49T,$30.47B,20.03M BTC,3.43% (24h),,
2026-05-23 10:02:12,"$75,073.69",$1.5T,$30.39B,20.03M BTC,2.62% (24h),,
2026-05-23 11:18:56,"$75,528.46",$1.51T,$29.84B,20.03M BTC,1.58% (24h),,
2026-05-23 12:17:55,"$75,436.57",$1.51T,$29.67B,20.03M BTC,1.71% (24h),,
2026-05-23 13:32:22,"$75,407.00",$1.51T,$29.27B,20.03M BTC,1.94% (24h),,
2026-05-23 14:42:38,"$75,817.34",$1.51T,$29.58B,20.03M BTC,0.99% (24h),,
2026-05-23 15:57:38,"$75,833.13",$1.51T,$27.2B,20.03M BTC,0% (24h),,
2026-05-23 17:02:45,"$77,181.28",$1.54T,$28.46B,20.03M BTC,1.62% (24h),,
2026-05-23 18:07:45,"$76,710.58",$1.53T,$29.86B,20.03M BTC,1.16% (24h),,
2026-05-23 19:11:06,"$76,641.29",$1.53T,$30.24B,20.03M BTC,1.12% (24h),,
2026-05-23 20:14:10,"$76,582.52",$1.53T,$29.47B,20.03M BTC,1.6% (24h),,
2026-05-24 00:45:01,"$76,673.97",$1.53T,$28.41B,20.03M BTC,1.63% (24h),,
2026-05-24 03:45:02,"$76,770.53",$1.53T,$27.85B,20.03M BTC,2.09% (24h),,
2026-05-24 05:46:02,"$76,879.04",$1.54T,$27.31B,20.03M BTC,2.97% (24h),,
2026-05-24 07:05:18,"$77,191.77",$1.54T,$29.12B,20.03M BTC,3.4% (24h),,
2026-05-24 08:11:27,"$77,121.56",$1.54T,$29.31B,20.03M BTC,3.26% (24h),,
2026-05-24 10:02:23,"$76,724.97",$1.53T,$30.27B,20.03M BTC,2.18% (24h),,
2026-05-24 11:21:34,"$76,333.75",$1.52T,$24.41B,20.03M BTC,1.02% (24h),,
2026-05-24 12:32:49,"$76,481.41",$1.53T,$24.25B,20.03M BTC,1.45% (24h),,
2026-05-24 13:40:15,"$76,616.91",$1.53T,$24.04B,20.03M BTC,1.64% (24h),,
2026-05-24 14:49:28,"$76,502.63",$1.53T,$23.23B,20.03M BTC,0.99% (24h),,
2026-05-24 15:59:18,"$76,662.11",$1.53T,$22.78B,20.03M BTC,1.05% (24h),,
2026-05-24 17:07:47,"$76,598.08",$1.53T,$21.26B,20.03M BTC,0.41% (24h),,
2026-05-24 18:09:54,"$76,633.21",$1.53T,$20.41B,20.03M BTC,0.05% (24h),,
2026-05-24 19:16:05,"$76,893.13",$1.54T,$20.45B,20.03M BTC,0.34% (24h),,
2026-05-24 20:18:14,"$77,085.73",$1.54T,$20.49B,20.03M BTC,0.62% (24h),,
2026-05-25 00:58:53,"$77,291.65",$1.54T,$21.5B,20.03M BTC,0.76% (24h),,
2026-05-25 05:04:49,"$77,354.03",$1.54T,$21.95B,20.03M BTC,0.78% (24h),,
2026-05-25 08:44:54,"$77,286.74",$1.54T,$21.48B,20.03M BTC,0.34% (24h),,
2026-05-25 11:45:13,"$77,585.82",$1.55T,$21.42B,20.03M BTC,1.6% (24h),,
2026-05-25 13:27:03,"$77,572.59",$1.55T,$21.3B,20.03M BTC,1.33% (24h),,
2026-05-25 15:05:46,"$77,406.21",$1.55T,$21.19B,20.03M BTC,1.07% (24h),,
2026-05-25 16:43:47,"$77,184.06",$1.54T,$20.89B,20.03M BTC,0.78% (24h),,
2026-05-25 17:57:21,"$77,276.69",$1.54T,$20.97B,20.03M BTC,1.47% (24h),,
2026-05-25 19:14:33,"$77,206.72",$1.54T,$20.39B,20.03M BTC,0.46% (24h),,
2026-05-25 20:18:49,"$77,104.84",$1.54T,$19.71B,20.03M BTC,0.04% (24h),,
2026-05-26 00:40:10,"$76,691.38",$1.53T,$21.23B,20.03M BTC,0.49% (24h),,
2026-05-26 04:23:58,"$76,695.43",$1.53T,$21.34B,20.03M BTC,0.7% (24h),,
2026-05-26 10:27:29,"$77,968.97",$1.56T,$25.3B,20.03M BTC,0.59% (24h),,
2026-05-26 13:45:55,"$75,907.33",$1.52T,$32.97B,20.03M BTC,2.07% (24h),,
2026-05-26 15:49:56,"$75,895.53",$1.52T,$35.01B,20.03M BTC,1.87% (24h),,
2026-05-26 17:24:02,"$75,912.70",$1.52T,$35.37B,20.03M BTC,1.71% (24h),,
2026-05-26 18:51:08,"$75,592.09",$1.51T,$35.61B,20.03M BTC,2.04% (24h),,
2026-05-26 19:57:48,"$75,819.74",$1.51T,$35.98B,20.03M BTC,1.88% (24h),,
2026-05-27 00:43:42,"$75,205.69",$1.5T,$36.13B,20.03M BTC,1.92% (24h),,
2026-05-27 04:33:34,"$75,885.95",$1.52T,$36.18B,20.03M BTC,1.08% (24h),,
2026-05-27 07:59:08,"$75,633.83",$1.51T,$34.96B,20.03M BTC,1.94% (24h),,
2026-05-27 12:06:10,"$75,094.03",$1.5T,$34.51B,20.03M BTC,1.56% (24h),,
2026-05-27 14:33:32,"$74,766.26",$1.49T,$32.18B,20.03M BTC,1.6% (24h),,
2026-05-27 16:54:27,"$75,114.71",$1.5T,$32.28B,20.03M BTC,1.13% (24h),,
2026-05-27 18:45:44,"$74,521.64",$1.49T,$33.34B,20.03M BTC,1.54% (24h),,
2026-05-27 19:51:54,"$74,315.26",$1.48T,$33.65B,20.03M BTC,1.96% (24h),,
2026-05-28 00:08:01,"$73,002.13",$1.46T,$38.66B,20.03M BTC,3.37% (24h),,
2026-05-28 04:13:07,"$73,316.96",$1.46T,$42.43B,20.03M BTC,3.28% (24h),,
2026-05-28 07:54:18,"$73,390.84",$1.47T,$42.77B,20.03M BTC,3% (24h),,
2026-05-28 12:12:39,"$72,839.62",$1.45T,$42.21B,20.03M BTC,3.12% (24h),,
2026-05-28 14:45:52,"$73,501.23",$1.47T,$42.12B,20.03M BTC,1.79% (24h),,
2026-05-28 17:02:28,"$73,501.49",$1.47T,$41.63B,20.03M BTC,2.15% (24h),,
2026-05-28 18:46:12,"$73,433.31",$1.47T,$41.04B,20.03M BTC,1.47% (24h),,
2026-05-28 19:58:58,"$73,536.55",$1.47T,$40.23B,20.03M BTC,1.08% (24h),,
2026-05-29 00:27:14,"$73,231.81",$1.46T,$33.96B,20.03M BTC,0.66% (24h),,
2026-05-29 04:26:27,"$73,711.88",$1.47T,$31.91B,20.03M BTC,0.75% (24h),,
2026-05-29 07:49:26,"$73,389.77",$1.47T,$32.06B,20.03M BTC,0.07% (24h),,
2026-05-29 10:30:15,"$72,647.46",$1.45T,$30.21B,20.03M BTC,0.27% (24h),,
2026-05-29 13:54:31,"$73,912.23",$1.48T,$34.34B,20.03M BTC,0.64% (24h),,
2026-05-29 16:33:52,"$73,636.47",$1.47T,$34.72B,20.03M BTC,0.11% (24h),,
2026-05-29 18:17:49,"$73,351.21",$1.46T,$34.42B,20.03M BTC,0.35% (24h),,
2026-05-29 19:46:15,"$73,321.85",$1.46T,$34.65B,20.03M BTC,0.21% (24h),,
2026-05-29 21:45:43,"$73,518.89",$1.47T,$33.9B,20.03M BTC,0.12% (24h),,
2026-05-30 01:37:49,"$73,479.54",$1.47T,$34.61B,20.03M BTC,0.1% (24h),,
2026-05-30 04:09:19,"$73,438.25",$1.47T,$33.32B,20.03M BTC,0.21% (24h),,
2026-05-30 06:18:02,"$73,552.74",$1.47T,$31.8B,20.03M BTC,0% (24h),,
2026-05-30 07:49:31,"$73,497.69",$1.47T,$31.28B,20.03M BTC,0.12% (24h),,
2026-05-30 10:43:52,"$73,929.40",$1.48T,$29.33B,20.03M BTC,1.85% (24h),,
2026-05-30 11:56:09,"$73,839.26",$1.47T,$26.2B,20.03M BTC,0.24% (24h),,
2026-05-30 13:15:55,"$73,820.01",$1.47T,$23.75B,20.03M BTC,0.45% (24h),,
2026-05-30 14:17:56,"$73,909.23",$1.48T,$21.75B,20.03M BTC,0.03% (24h),,
2026-05-30 15:46:45,"$73,962.44",$1.48T,$20.41B,20.03M BTC,0.49% (24h),,
2026-05-30 16:41:42,"$73,827.20",$1.47T,$20.14B,20.03M BTC,0.29% (24h),,
2026-05-30 17:44:40,"$73,901.93",$1.48T,$19.91B,20.03M BTC,0.55% (24h),,
2026-05-30 18:43:56,"$73,720.82",$1.47T,$19.67B,20.03M BTC,0.47% (24h),,
2026-05-30 19:46:45,"$73,704.24",$1.47T,$19.58B,20.03M BTC,0.52% (24h),,
2026-05-30 21:56:53,"$73,951.14",$1.48T,$19.57B,20.03M BTC,0.54% (24h),,
2026-05-31 02:25:39,"$73,918.55",$1.48T,$17.23B,20.03M BTC,0.54% (24h),,
2026-05-31 05:35:07,"$73,857.90",$1.47T,$17.31B,20.03M BTC,0.54% (24h),,
2026-05-31 07:20:40,"$73,793.01",$1.47T,$17.55B,20.03M BTC,0.41% (24h),,
2026-05-31 08:55:19,"$73,788.20",$1.47T,$17.48B,20.03M BTC,0.32% (24h),,
2026-05-31 10:51:00,"$73,567.36",$1.47T,$17.04B,20.03M BTC,0.44% (24h),,
2026-05-31 12:00:19,"$73,545.35",$1.47T,$16.75B,20.03M BTC,0.35% (24h),,
2026-05-31 13:20:23,"$73,436.27",$1.47T,$16.72B,20.03M BTC,0.5% (24h),,
2026-05-31 14:41:28,"$73,561.08",$1.47T,$16.69B,20.03M BTC,0.51% (24h),,
2026-05-31 15:55:40,"$73,442.47",$1.47T,$16.64B,20.03M BTC,0.65% (24h),,
2026-05-31 17:07:02,"$73,612.92",$1.47T,$16.81B,20.03M BTC,0.35% (24h),,
2026-05-31 18:13:38,"$73,744.82",$1.47T,$17.09B,20.03M BTC,0.06% (24h),,
2026-05-31 19:35:26,"$73,590.76",$1.47T,$17.41B,20.03M BTC,0.16% (24h),,
2026-05-31 21:59:40,"$73,214.79",$1.46T,$17.89B,20.03M BTC,0.98% (24h),,
2026-06-01 03:14:11,"$73,041.32",$1.46T,$20.5B,20.03M BTC,1.13% (24h),,
2026-06-01 09:04:12,"$71,981.38",$1.44T,$27.58B,20.03M BTC,2.48% (24h),,
2026-06-01 14:50:19,"$71,341.10",$1.42T,$41.22B,20.03M BTC,2.94% (24h),,
2026-06-01 17:57:09,"$70,917.67",$1.42T,$42.66B,20.03M BTC,3.87% (24h),,
2026-06-01 19:40:44,"$71,427.08",$1.43T,$43.39B,20.03M BTC,2.74% (24h),,
2026-06-01 22:04:13,"$70,559.97",$1.41T,$44.48B,20.03M BTC,3.66% (24h),,
2026-06-02 02:56:08,"$69,956.60",$1.4T,$47.27B,20.03M BTC,4.16% (24h),,
2026-06-02 07:22:48,"$69,390.52",$1.39T,$47.47B,20.03M BTC,4.41% (24h),,
2026-06-02 11:44:45,"$67,178.09",$1.34T,$47.97B,20.03M BTC,5.62% (24h),,
2026-06-02 15:32:51,"$66,668.94",$1.33T,$48.3B,20.03M BTC,6.8% (24h),,
2026-06-02 18:11:55,"$67,196.53",$1.34T,$52B,20.03M BTC,5.21% (24h),,
2026-06-02 20:05:41,"$66,645.90",$1.33T,$55.28B,20.03M BTC,6.46% (24h),,
2026-06-03 01:14:57,"$67,055.24",$1.34T,$58.38B,20.03M BTC,5.11% (24h),,
2026-06-03 06:13:05,"$67,158.89",$1.34T,$57.84B,20.03M BTC,3.55% (24h),,
2026-06-03 11:08:35,"$66,437.26",$1.33T,$52.35B,20.03M BTC,2.15% (24h),,
2026-06-03 14:59:21,"$65,954.40",$1.32T,$50.07B,20.03M BTC,1.9% (24h),,
2026-06-03 17:58:13,"$65,651.80",$1.31T,$49.48B,20.03M BTC,2.79% (24h),,
2026-06-03 19:54:16,"$64,085.64",$1.28T,$47.5B,20.03M BTC,3.82% (24h),,
2026-06-04 00:43:08,"$64,298.65",$1.28T,$59.51B,20.03M BTC,3.05% (24h),,
2026-06-04 04:42:51,"$63,436.29",$1.27T,$58.78B,20.03M BTC,5.16% (24h),,
2026-06-04 07:42:36,"$62,190.42",$1.24T,$63.83B,20.03M BTC,7.23% (24h),,
2026-06-04 10:19:17,"$64,158.60",$1.28T,$67.21B,20.03M BTC,3.8% (24h),,
2026-06-04 13:27:20,"$63,173.55",$1.26T,$65.93B,20.03M BTC,4.02% (24h),,
2026-06-04 15:38:56,"$63,699.02",$1.27T,$67.03B,20.03M BTC,3.05% (24h),,
2026-06-04 17:18:52,"$63,614.77",$1.27T,$65.22B,20.03M BTC,2.75% (24h),,
2026-06-04 18:50:52,"$63,544.54",$1.27T,$65.15B,20.03M BTC,2% (24h),,
2026-06-04 20:00:08,"$63,781.28",$1.27T,$63.85B,20.03M BTC,0.4% (24h),,
2026-06-05 00:42:40,"$62,979.72",$1.26T,$50.82B,20.03M BTC,1.97% (24h),,
2026-06-05 04:36:42,"$62,650.56",$1.25T,$55.17B,20.03M BTC,1.3% (24h),,
2026-06-05 07:48:03,"$62,124.94",$1.24T,$50.98B,20.03M BTC,0.29% (24h),,
2026-06-05 10:14:11,"$60,818.37",$1.21T,$51.81B,20.03M BTC,5.48% (24h),,
2026-06-05 12:45:21,"$60,846.10",$1.21T,$61.26B,20.03M BTC,4.51% (24h),,
2026-06-05 14:53:11,"$59,229.21",$1.18T,$63.32B,20.03M BTC,7.4% (24h),,
2026-06-05 16:50:51,"$61,542.93",$1.23T,$68.34B,20.03M BTC,3.06% (24h),,
2026-06-05 18:09:01,"$61,429.97",$1.23T,$69.26B,20.03M BTC,2.76% (24h),,
2026-06-05 19:39:05,"$60,855.56",$1.21T,$71.29B,20.03M BTC,4.31% (24h),,
2026-06-05 21:34:56,"$61,258.64",$1.22T,$71.69B,20.03M BTC,3.35% (24h),,
2026-06-06 01:40:12,"$60,802.16",$1.21T,$72.5B,20.03M BTC,3.64% (24h),,
2026-06-06 04:15:12,"$61,125.32",$1.22T,$64.94B,20.03M BTC,2.55% (24h),,
2026-06-06 06:26:36,"$60,605.03",$1.21T,$63.18B,20.03M BTC,3.11% (24h),,
2026-06-06 07:57:13,"$60,812.46",$1.21T,$64.46B,20.03M BTC,1.95% (24h),,
2026-06-06 09:57:28,"$60,754.51",$1.21T,$61.39B,20.03M BTC,0.27% (24h),,
2026-06-06 11:21:46,"$60,615.09",$1.21T,$54.62B,20.03M BTC,0.07% (24h),,
2026-06-06 12:42:34,"$60,683.37",$1.21T,$47.62B,20.03M BTC,0.32% (24h),,
2026-06-06 13:56:03,"$60,517.59",$1.21T,$45.63B,20.03M BTC,0.27% (24h),,
2026-06-06 15:40:41,"$60,543.30",$1.21T,$40.4B,20.03M BTC,1.28% (24h),,
2026-06-06 16:47:23,"$60,712.19",$1.21T,$37.43B,20.03M BTC,0.85% (24h),,
2026-06-06 17:49:33,"$60,815.33",$1.21T,$35.25B,20.03M BTC,1.67% (24h),,
2026-06-06 18:51:04,"$60,630.57",$1.21T,$33.54B,20.03M BTC,1.82% (24h),,
2026-06-06 19:56:59,"$60,887.31",$1.22T,$31.13B,20.03M BTC,0.09% (24h),,
2026-06-07 00:28:34,"$61,503.32",$1.23T,$30.11B,20.03M BTC,2.5% (24h),,
2026-06-07 04:08:43,"$62,281.01",$1.24T,$27.54B,20.03M BTC,2.16% (24h),,
2026-06-07 06:37:20,"$62,408.41",$1.25T,$28.96B,20.03M BTC,3.53% (24h),,
2026-06-07 08:13:04,"$62,156.59",$1.24T,$28.69B,20.03M BTC,1.89% (24h),,
2026-06-07 10:25:05,"$62,021.18",$1.24T,$30.63B,20.03M BTC,1.86% (24h),,
2026-06-07 11:53:22,"$62,149.99",$1.24T,$30.83B,20.03M BTC,2.26% (24h),,
2026-06-07 13:24:53,"$62,248.90",$1.24T,$30.7B,20.03M BTC,2.75% (24h),,
2026-06-07 14:51:00,"$62,088.13",$1.24T,$30.06B,20.03M BTC,2.61% (24h),,
2026-06-07 16:06:07,"$61,466.10",$1.23T,$30.85B,20.03M BTC,1.57% (24h),,
2026-06-07 17:36:06,"$61,744.96",$1.23T,$31.34B,20.03M BTC,1.35% (24h),,
2026-06-07 18:45:31,"$63,130.57",$1.26T,$34.75B,20.03M BTC,4.25% (24h),,
2026-06-07 19:53:50,"$63,162.13",$1.26T,$36.1B,20.03M BTC,3.88% (24h),,
2026-06-08 00:42:03,"$62,713.76",$1.25T,$36.99B,20.03M BTC,1.59% (24h),,
2026-06-08 05:17:22,"$63,436.27",$1.27T,$33.11B,20.03M BTC,1.11% (24h),,
2026-06-08 09:18:58,"$63,653.89",$1.27T,$34.4B,20.03M BTC,3.23% (24h),,
2026-06-08 12:55:41,"$63,509.77",$1.27T,$38.42B,20.03M BTC,2.14% (24h),,
2026-06-08 15:25:44,"$63,446.60",$1.27T,$38.84B,20.03M BTC,3.23% (24h),,
2026-06-08 17:24:06,"$63,667.43",$1.27T,$38.74B,20.03M BTC,3.06% (24h),,
2026-06-08 18:59:16,"$63,437.00",$1.27T,$35.04B,20.03M BTC,0.86% (24h),,
2026-06-08 20:13:09,"$63,040.01",$1.26T,$33.88B,20.03M BTC,0.28% (24h),,
2026-06-09 00:41:16,"$63,300.83",$1.26T,$33.76B,20.03M BTC,0.93% (24h),,
2026-06-09 04:24:20,"$62,920.46",$1.26T,$34.46B,20.03M BTC,0.13% (24h),,
2026-06-09 07:42:03,"$62,589.95",$1.25T,$33.65B,20.03M BTC,1.71% (24h),,
2026-06-09 10:10:04,"$62,111.07",$1.24T,$31.15B,20.03M BTC,2.62% (24h),,
2026-06-09 12:48:54,"$61,296.65",$1.22T,$34.67B,20.03M BTC,3.62% (24h),,
2026-06-09 15:06:17,"$61,808.79",$1.23T,$38.71B,20.03M BTC,2.6% (24h),,
2026-06-09 17:08:15,"$62,072.01",$1.24T,$39.19B,20.03M BTC,2.55% (24h),,
2026-06-09 18:49:46,"$61,794.65",$1.23T,$39.66B,20.03M BTC,2.29% (24h),,
2026-06-09 20:03:18,"$61,751.45",$1.23T,$40.14B,20.03M BTC,2.15% (24h),,
2026-06-10 00:46:01,"$61,180.86",$1.22T,$37.42B,20.03M BTC,3.21% (24h),,
2026-06-10 04:41:03,"$61,282.55",$1.22T,$35.81B,20.03M BTC,2.62% (24h),,
2026-06-10 08:02:00,"$60,931.65",$1.22T,$36.72B,20.03M BTC,2.77% (24h),,
2026-06-10 12:10:46,"$62,387.87",$1.25T,$35.03B,20.03M BTC,2.34% (24h),,
2026-06-10 14:41:22,"$61,748.83",$1.23T,$29.1B,20.03M BTC,0.09% (24h),,
2026-06-10 17:16:58,"$61,589.54",$1.23T,$27.19B,20.04M BTC,0.76% (24h),,
2026-06-10 19:01:12,"$61,280.83",$1.22T,$27.58B,20.04M BTC,0.7% (24h),,
2026-06-10 21:34:25,"$62,098.40",$1.24T,$27.44B,20.04M BTC,0.48% (24h),,
2026-06-11 02:25:32,"$62,907.30",$1.26T,$28.78B,20.04M BTC,2.61% (24h),,
2026-06-11 07:12:26,"$63,115.74",$1.26T,$28.76B,20.04M BTC,3.42% (24h),,
2026-06-11 10:59:46,"$62,680.53",$1.25T,$28.89B,20.04M BTC,1.11% (24h),,
2026-06-11 14:25:05,"$63,319.70",$1.26T,$29.6B,20.04M BTC,2.29% (24h),,
2026-06-11 17:03:16,"$63,341.60",$1.26T,$30.24B,20.04M BTC,2.64% (24h),,
2026-06-11 18:58:48,"$63,471.94",$1.27T,$29.38B,20.04M BTC,3.41% (24h),,
2026-06-11 20:24:04,"$63,531.16",$1.27T,$29.33B,20.04M BTC,2.82% (24h),,
2026-06-12 01:17:26,"$63,428.18",$1.27T,$28.64B,20.04M BTC,1.3% (24h),,
2026-06-12 05:17:39,"$63,498.92",$1.27T,$29.18B,20.04M BTC,1.22% (24h),,
2026-06-12 08:39:09,"$63,416.34",$1.27T,$28.45B,20.04M BTC,1.04% (24h),,
2026-06-12 11:55:14,"$63,803.67",$1.27T,$29.87B,20.04M BTC,1.99% (24h),,
2026-06-12 14:12:23,"$63,876.32",$1.28T,$27.8B,20.04M BTC,0.79% (24h),,
2026-06-12 16:30:54,"$63,506.11",$1.27T,$26.56B,20.04M BTC,0.31% (24h),,
2026-06-12 18:11:54,"$63,478.59",$1.27T,$26.78B,20.04M BTC,0.12% (24h),,
2026-06-12 19:54:08,"$63,534.82",$1.27T,$26.98B,20.04M BTC,0.1% (24h),,
2026-06-13 00:18:17,"$63,487.02",$1.27T,$25.72B,20.04M BTC,0.13% (24h),,
2026-06-13 04:01:02,"$63,785.04",$1.27T,$23.74B,20.04M BTC,1.21% (24h),,
2026-06-13 06:37:43,"$63,795.35",$1.27T,$21.87B,20.04M BTC,0.19% (24h),,
2026-06-13 08:14:46,"$63,900.87",$1.28T,$21.52B,20.04M BTC,0.53% (24h),,
2026-06-13 10:33:20,"$64,117.72",$1.28T,$20.22B,20.04M BTC,0.9% (24h),,
2026-06-13 12:04:20,"$64,078.08",$1.28T,$17.57B,20.04M BTC,0.74% (24h),,
2026-06-13 13:44:52,"$64,069.18",$1.28T,$17.37B,20.04M BTC,0.43% (24h),,
2026-06-13 15:02:13,"$64,154.81",$1.28T,$17.13B,20.04M BTC,0.78% (24h),,
2026-06-13 16:40:15,"$64,215.36",$1.28T,$16.74B,20.04M BTC,1.14% (24h),,
2026-06-13 17:52:46,"$64,441.58",$1.29T,$16.78B,20.04M BTC,1.59% (24h),,
2026-06-13 19:12:03,"$64,428.97",$1.29T,$16.89B,20.04M BTC,1.57% (24h),,
2026-06-13 21:40:12,"$64,543.98",$1.29T,$17.25B,20.04M BTC,1.38% (24h),,
2026-06-14 02:22:00,"$64,406.51",$1.29T,$16.69B,20.04M BTC,1.3% (24h),,
2026-06-14 06:05:49,"$64,518.29",$1.29T,$17.51B,20.04M BTC,1.28% (24h),,
2026-06-14 08:15:14,"$64,455.94",$1.29T,$17.3B,20.04M BTC,0.85% (24h),,
2026-06-14 10:35:54,"$63,901.32",$1.28T,$16.72B,20.04M BTC,0.33% (24h),,
2026-06-14 12:11:22,"$64,037.48",$1.28T,$16.68B,20.04M BTC,0.02% (24h),,
2026-06-14 13:50:31,"$63,743.53",$1.27T,$16.17B,20.04M BTC,0.43% (24h),,
2026-06-14 15:06:19,"$63,773.55",$1.27T,$16.21B,20.04M BTC,0.54% (24h),,
2026-06-14 16:41:12,"$63,999.95",$1.28T,$15.87B,20.04M BTC,0.33% (24h),,
2026-06-14 17:59:10,"$65,294.02",$1.3T,$18.68B,20.04M BTC,1.3% (24h),,
2026-06-14 19:21:22,"$65,494.43",$1.31T,$20.96B,20.04M BTC,1.5% (24h),,
2026-06-14 21:45:10,"$65,662.98",$1.31T,$22.66B,20.04M BTC,1.71% (24h),,
2026-06-15 03:04:23,"$65,687.44",$1.31T,$23.68B,20.04M BTC,2.22% (24h),,
2026-06-15 09:26:42,"$66,864.14",$1.34T,$30.77B,20.04M BTC,3.99% (24h),,
2026-06-15 14:10:22,"$66,770.99",$1.33T,$36.4B,20.04M BTC,4.84% (24h),,
2026-06-15 17:22:48,"$66,504.36",$1.33T,$38.01B,20.04M BTC,2.91% (24h),,
2026-06-15 19:19:53,"$66,144.97",$1.32T,$33.22B,20.04M BTC,0.91% (24h),,
2026-06-15 22:04:30,"$66,307.64",$1.32T,$31.31B,20.04M BTC,1.27% (24h),,
2026-06-16 03:42:00,"$66,322.39",$1.32T,$31.64B,20.04M BTC,0.94% (24h),,
2026-06-16 08:42:11,"$66,439.01",$1.33T,$30.01B,20.04M BTC,0.2% (24h),,
2026-06-16 13:52:06,"$65,892.98",$1.32T,$26.3B,20.04M BTC,1.48% (24h),,
2026-06-16 17:09:52,"$65,847.39",$1.31T,$26.03B,20.04M BTC,0.86% (24h),,
2026-06-16 18:58:36,"$65,711.75",$1.31T,$24.83B,20.04M BTC,0.69% (24h),,
2026-06-16 20:24:28,"$65,667.51",$1.31T,$24.87B,20.04M BTC,0.89% (24h),,
2026-06-17 01:27:09,"$65,767.87",$1.31T,$24.29B,20.04M BTC,0.38% (24h),,
2026-06-17 06:16:18,"$64,827.94",$1.29T,$24.82B,20.04M BTC,2.58% (24h),,
2026-06-17 10:05:31,"$65,128.50",$1.3T,$24.44B,20.04M BTC,1.56% (24h),,
2026-06-17 13:22:22,"$65,872.56",$1.32T,$25.51B,20.04M BTC,0.26% (24h),,
2026-06-17 15:38:11,"$64,438.43",$1.29T,$28.38B,20.04M BTC,1.77% (24h),,
2026-06-17 17:35:38,"$64,313.03",$1.28T,$30.68B,20.04M BTC,2.05% (24h),,
2026-06-17 19:08:09,"$64,220.08",$1.28T,$31.23B,20.04M BTC,2.27% (24h),,
2026-06-17 21:41:25,"$64,555.48",$1.29T,$31.25B,20.04M BTC,1.68% (24h),,
2026-06-18 02:30:23,"$63,909.36",$1.28T,$32.58B,20.04M BTC,2.57% (24h),,
2026-06-18 06:58:20,"$64,086.60",$1.28T,$31.8B,20.04M BTC,1% (24h),,
2026-06-18 10:17:40,"$63,857.27",$1.27T,$32.13B,20.04M BTC,2.31% (24h),,
2026-06-18 13:36:53,"$62,587.75",$1.25T,$34.91B,20.04M BTC,5.01% (24h),,
2026-06-18 15:56:19,"$62,895.70",$1.26T,$31.07B,20.04M BTC,1.99% (24h),,
2026-06-18 18:21:08,"$62,730.31",$1.25T,$30.68B,20.04M BTC,2.18% (24h),,
2026-06-18 20:04:17,"$62,851.17",$1.25T,$30.43B,20.04M BTC,2.56% (24h),,
2026-06-19 01:23:18,"$62,519.71",$1.25T,$29.51B,20.04M BTC,2.13% (24h),,
2026-06-19 06:02:53,"$62,340.37",$1.24T,$29.56B,20.04M BTC,2.79% (24h),,
2026-06-19 09:49:23,"$63,237.53",$1.26T,$29.04B,20.04M BTC,0.98% (24h),,
2026-06-19 12:26:08,"$63,263.71",$1.26T,$25.14B,20.04M BTC,1.07% (24h),,
2026-06-19 14:19:27,"$63,094.49",$1.26T,$24.37B,20.04M BTC,0.63% (24h),,
2026-06-19 16:10:34,"$63,017.17",$1.26T,$23.37B,20.04M BTC,0.03% (24h),,
2026-06-19 17:36:09,"$63,077.89",$1.26T,$22.57B,20.04M BTC,0.26% (24h),,
2026-06-19 18:37:22,"$63,201.79",$1.26T,$22.26B,20.04M BTC,0.76% (24h),,
2026-06-19 19:47:55,"$63,246.93",$1.26T,$22.02B,20.04M BTC,0.67% (24h),,
2026-06-19 21:56:37,"$63,524.03",$1.27T,$21.69B,20.04M BTC,0.92% (24h),,
2026-06-20 02:28:07,"$63,637.28",$1.27T,$20.95B,20.04M BTC,1.38% (24h),,
2026-06-20 05:51:59,"$63,617.94",$1.27T,$20.25B,20.04M BTC,2.07% (24h),,
2026-06-20 08:02:13,"$63,626.99",$1.27T,$19.08B,20.04M BTC,1.65% (24h),,
2026-06-20 10:29:13,"$63,296.12",$1.26T,$17.74B,20.04M BTC,0.12% (24h),,
2026-06-20 12:03:53,"$63,972.93",$1.28T,$18.75B,20.04M BTC,1.26% (24h),,
2026-06-20 13:46:43,"$63,761.01",$1.27T,$18.27B,20.04M BTC,1.17% (24h),,
2026-06-20 15:03:47,"$63,770.68",$1.27T,$17.78B,20.04M BTC,1.21% (24h),,
2026-06-20 16:41:35,"$63,797.55",$1.27T,$17.5B,20.04M BTC,1.3% (24h),,
2026-06-20 17:56:22,"$63,957.20",$1.28T,$17.45B,20.04M BTC,1.5% (24h),,
2026-06-20 19:15:00,"$64,195.88",$1.28T,$17.71B,20.04M BTC,1.53% (24h),,
2026-06-20 21:43:45,"$64,158.57",$1.28T,$16.93B,20.04M BTC,1.05% (24h),,
2026-06-21 02:39:46,"$64,228.71",$1.28T,$16.83B,20.04M BTC,0.88% (24h),,
2026-06-21 06:22:40,"$64,226.92",$1.28T,$15.87B,20.04M BTC,0.98% (24h),,
2026-06-21 08:26:41,"$63,952.28",$1.28T,$17B,20.04M BTC,0.41% (24h),,
2026-06-21 10:57:15,"$64,060.05",$1.28T,$15.85B,20.04M BTC,0.28% (24h),,
2026-06-21 12:50:47,"$64,067.98",$1.28T,$14.37B,20.04M BTC,0.16% (24h),,
2026-06-21 14:16:05,"$63,938.50",$1.28T,$13.27B,20.04M BTC,0.25% (24h),,
2026-06-21 16:08:38,"$64,183.38",$1.28T,$14.26B,20.04M BTC,0.45% (24h),,
2026-06-21 17:42:32,"$63,838.25",$1.27T,$15.14B,20.04M BTC,0.09% (24h),,
2026-06-21 18:54:05,"$63,710.41",$1.27T,$15.34B,20.04M BTC,0.82% (24h),,
2026-06-21 20:17:50,"$63,505.23",$1.27T,$16.22B,20.04M BTC,1.04% (24h),,
2026-06-22 01:37:17,"$64,157.87",$1.28T,$19.12B,20.04M BTC,0.11% (24h),,
2026-06-22 07:21:19,"$64,215.21",$1.28T,$20.07B,20.04M BTC,0.05% (24h),,
2026-06-22 12:08:34,"$64,617.45",$1.29T,$25.52B,20.04M BTC,0.76% (24h),,
2026-06-22 15:47:47,"$64,261.77",$1.28T,$27.29B,20.04M BTC,0.2% (24h),,
2026-06-22 17:53:19,"$64,169.90",$1.28T,$27.03B,20.04M BTC,0.62% (24h),,
2026-06-22 19:25:36,"$63,939.84",$1.28T,$27.16B,20.04M BTC,0.35% (24h),,
2026-06-22 21:33:08,"$64,162.51",$1.28T,$25.77B,20.04M BTC,0.59% (24h),,
2026-06-23 01:52:00,"$63,351.66",$1.26T,$24.28B,20.04M BTC,1.2% (24h),,
2026-06-23 05:53:37,"$62,323.89",$1.24T,$30.98B,20.04M BTC,2.7% (24h),,
2026-06-23 08:38:47,"$62,293.29",$1.24T,$30.38B,20.04M BTC,4.06% (24h),,
2026-06-23 11:39:48,"$62,287.22",$1.24T,$30.26B,20.04M BTC,4.1% (24h),,
2026-06-23 13:30:39,"$62,570.53",$1.25T,$30.03B,20.04M BTC,2.92% (24h),,
2026-06-23 15:30:55,"$62,375.29",$1.25T,$29.79B,20.04M BTC,2.97% (24h),,
2026-06-23 17:18:49,"$62,403.92",$1.25T,$29.94B,20.04M BTC,2.96% (24h),,
2026-06-23 18:42:56,"$62,497.65",$1.25T,$29.87B,20.04M BTC,2.11% (24h),,
2026-06-23 19:44:39,"$62,539.78",$1.25T,$29.12B,20.04M BTC,2.15% (24h),,
2026-06-23 21:49:46,"$62,900.39",$1.26T,$29.72B,20.04M BTC,1.54% (24h),,
2026-06-24 01:55:05,"$62,801.55",$1.25T,$30.83B,20.04M BTC,0.8% (24h),,
2026-06-24 05:41:07,"$62,570.62",$1.25T,$24.11B,20.04M BTC,0.33% (24h),,
2026-06-24 08:11:07,"$62,763.61",$1.25T,$24.54B,20.04M BTC,0.61% (24h),,
2026-06-24 11:10:38,"$60,863.70",$1.22T,$27.35B,20.04M BTC,2.28% (24h),,
2026-06-24 13:20:28,"$59,481.70",$1.19T,$33.51B,20.04M BTC,4.81% (24h),,
2026-06-24 15:08:06,"$59,605.65",$1.19T,$38.01B,20.04M BTC,4.31% (24h),,
2026-06-24 16:56:09,"$60,850.92",$1.21T,$41.66B,20.04M BTC,2.39% (24h),,
2026-06-24 18:23:57,"$60,836.29",$1.21T,$42.31B,20.04M BTC,2.73% (24h),,
2026-06-24 21:53:28,"$60,859.07",$1.22T,$42.46B,20.04M BTC,3.24% (24h),,
2026-06-25 02:14:45,"$61,649.07",$1.23T,$43.44B,20.04M BTC,1.77% (24h),,
2026-06-25 05:49:05,"$61,665.40",$1.23T,$44.55B,20.04M BTC,1.48% (24h),,
2026-06-25 08:13:17,"$61,120.41",$1.22T,$44.66B,20.04M BTC,2.65% (24h),,
2026-06-25 11:15:30,"$58,883.90",$1.18T,$50.16B,20.04M BTC,3.22% (24h),,
2026-06-25 13:27:13,"$59,481.22",$1.19T,$45.99B,20.04M BTC,0.15% (24h),,
2026-06-25 15:27:43,"$59,231.11",$1.18T,$42.77B,20.04M BTC,0.76% (24h),,
2026-06-25 18:52:43,"$59,705.38",$1.19T,$40.48B,20.04M BTC,1.72% (24h),,
2026-06-25 20:16:22,"$59,757.31",$1.19T,$40.58B,20.04M BTC,1.93% (24h),,
2026-06-26 00:46:25,"$59,866.07",$1.2T,$44.09B,20.04M BTC,1.67% (24h),,
2026-06-26 04:26:25,"$60,255.35",$1.2T,$46.84B,20.04M BTC,2.21% (24h),,
2026-06-26 07:26:00,"$59,388.67",$1.19T,$48.07B,20.04M BTC,2.93% (24h),,
2026-06-26 09:32:23,"$58,984.75",$1.18T,$49.24B,20.04M BTC,3.18% (24h),,
2026-06-26 11:59:37,"$60,229.72",$1.2T,$40.94B,20.04M BTC,1.2% (24h),,
2026-06-26 16:05:02,"$59,728.76",$1.19T,$41.47B,20.04M BTC,0.32% (24h),,
2026-06-26 17:40:35,"$59,831.68",$1.19T,$41.94B,20.04M BTC,0.02% (24h),,
2026-06-26 18:51:31,"$59,949.09",$1.2T,$41.52B,20.04M BTC,0.38% (24h),,
2026-06-26 19:57:09,"$59,989.65",$1.2T,$41.4B,20.04M BTC,0.52% (24h),,
2026-06-26 23:57:54,"$60,205.22",$1.2T,$36.52B,20.04M BTC,0.43% (24h),,
2026-06-27 03:23:29,"$60,296.10",$1.2T,$33.34B,20.04M BTC,0.23% (24h),,
2026-06-27 05:38:40,"$60,312.48",$1.2T,$30.63B,20.04M BTC,0.54% (24h),,
2026-06-27 07:15:42,"$60,290.92",$1.2T,$28.72B,20.04M BTC,1.5% (24h),,
2026-06-27 08:47:38,"$60,223.47",$1.2T,$27.07B,20.04M BTC,1.44% (24h),,
2026-06-27 10:20:34,"$60,539.60",$1.21T,$23.19B,20.04M BTC,1.33% (24h),,
2026-06-27 11:45:50,"$60,665.77",$1.21T,$20.99B,20.04M BTC,0.52% (24h),,
2026-06-27 12:52:05,"$60,721.59",$1.21T,$19.54B,20.04M BTC,1.2% (24h),,
2026-06-27 13:56:57,"$60,502.99",$1.21T,$18.01B,20.04M BTC,0.98% (24h),,
2026-06-27 15:38:01,"$60,005.07",$1.2T,$16B,20.04M BTC,0.19% (24h),,
2026-06-27 16:43:21,"$60,174.65",$1.2T,$15.52B,20.04M BTC,1.03% (24h),,
2026-06-27 17:48:21,"$60,162.44",$1.2T,$15.31B,20.04M BTC,0.47% (24h),,
2026-06-27 18:48:08,"$60,071.23",$1.2T,$14.97B,20.04M BTC,0.33% (24h),,
2026-06-27 19:47:48,"$59,955.07",$1.2T,$15.63B,20.04M BTC,0.05% (24h),,
2026-06-27 21:58:49,"$60,126.72",$1.2T,$15.75B,20.04M BTC,0.44% (24h),,
2026-06-28 02:35:37,"$59,877.56",$1.2T,$14.98B,20.04M BTC,0.57% (24h),,
2026-06-28 05:47:32,"$60,284.06",$1.2T,$14.74B,20.04M BTC,0.08% (24h),,
2026-06-28 07:28:42,"$60,258.54",$1.2T,$14.77B,20.04M BTC,0.12% (24h),,
2026-06-28 09:02:12,"$60,079.35",$1.2T,$14.77B,20.04M BTC,0.41% (24h),,
2026-06-28 10:57:59,"$59,960.94",$1.2T,$14.91B,20.04M BTC,0.92% (24h),,
2026-06-28 12:21:07,"$59,779.78",$1.19T,$14.83B,20.04M BTC,1.4% (24h),,
2026-06-28 13:42:55,"$59,430.59",$1.19T,$15.2B,20.04M BTC,1.77% (24h),,
2026-06-28 14:56:51,"$59,500.63",$1.19T,$15.36B,20.04M BTC,1.6% (24h),,
2026-06-28 16:17:57,"$59,600.59",$1.19T,$15.18B,20.04M BTC,0.97% (24h),,
2026-06-28 17:33:55,"$59,629.04",$1.19T,$15.3B,20.04M BTC,1.22% (24h),,
2026-06-28 18:43:19,"$59,076.11",$1.18T,$15.89B,20.04M BTC,1.67% (24h),,
2026-06-28 19:55:06,"$59,569.32",$1.19T,$16.45B,20.04M BTC,0.68% (24h),,
2026-06-29 05:17:42,"$59,950.72",$1.2T,$20.51B,20.04M BTC,0.57% (24h),,
2026-06-29 09:49:14,"$59,335.87",$1.18T,$25.61B,20.04M BTC,1.1% (24h),,
2026-06-29 12:48:38,"$59,811.78",$1.19T,$30.23B,20.04M BTC,0.37% (24h),,
2026-06-29 14:55:43,"$60,144.13",$1.2T,$32.02B,20.04M BTC,1.1% (24h),,
2026-06-29 16:51:23,"$60,276.69",$1.2T,$32.49B,20.04M BTC,1.15% (24h),,
2026-06-29 18:05:55,"$60,389.97",$1.21T,$32.18B,20.04M BTC,1.12% (24h),,
2026-06-29 19:15:37,"$60,258.87",$1.2T,$31.12B,20.04M BTC,1.73% (24h),,
2026-06-29 21:29:50,"$59,940.59",$1.2T,$30.73B,20.04M BTC,1.16% (24h),,
2026-06-30 01:50:58,"$59,492.38",$1.19T,$30.77B,20.05M BTC,0.54% (24h),,
2026-06-30 04:56:12,"$59,187.06",$1.18T,$31.44B,20.05M BTC,0.96% (24h),,
2026-06-30 07:48:24,"$59,189.92",$1.18T,$31.04B,20.05M BTC,0.99% (24h),,
2026-06-30 09:32:58,"$58,390.96",$1.17T,$31.9B,20.05M BTC,2.86% (24h),,
2026-06-30 12:11:36,"$58,468.46",$1.17T,$32.11B,20.05M BTC,1.99% (24h),,
2026-06-30 14:16:43,"$58,389.30",$1.17T,$31.77B,20.05M BTC,3.32% (24h),,
2026-06-30 16:25:01,"$58,630.80",$1.17T,$32.44B,20.05M BTC,2.83% (24h),,
2026-06-30 17:59:01,"$58,546.09",$1.17T,$32.66B,20.05M BTC,3.07% (24h),,
2026-06-30 19:22:32,"$58,499.43",$1.17T,$32.76B,20.05M BTC,2.82% (24h),,
2026-06-30 21:42:22,"$58,707.41",$1.17T,$33.54B,20.05M BTC,1.71% (24h),,
2026-07-01 02:13:38,"$58,843.08",$1.17T,$34.59B,20.05M BTC,1.02% (24h),,
2026-07-01 06:27:11,"$58,620.93",$1.17T,$34.1B,20.05M BTC,1.09% (24h),,
2026-07-01 09:19:18,"$58,634.22",$1.17T,$32.92B,20.05M BTC,0.28% (24h),,
2026-07-01 12:00:25,"$60,107.20",$1.2T,$34.98B,20.05M BTC,3.15% (24h),,
2026-07-01 14:07:42,"$60,050.31",$1.2T,$35.53B,20.05M BTC,3.03% (24h),,
2026-07-01 16:14:33,"$59,951.24",$1.2T,$35.39B,20.05M BTC,1.99% (24h),,
2026-07-01 17:54:34,"$60,758.09",$1.21T,$36.29B,20.05M BTC,3.78% (24h),,
2026-07-01 19:21:44,"$60,221.40",$1.2T,$37.82B,20.05M BTC,2.92% (24h),,
2026-07-01 21:36:58,"$60,095.80",$1.2T,$38.51B,20.05M BTC,2.88% (24h),,
2026-07-02 01:39:14,"$60,623.14",$1.21T,$39.15B,20.05M BTC,2.64% (24h),,
2026-07-02 04:34:30,"$60,342.57",$1.2T,$41.14B,20.05M BTC,3.24% (24h),,
2026-07-02 07:29:16,"$61,216.63",$1.22T,$43.78B,20.05M BTC,4.4% (24h),,
2026-07-02 09:20:49,"$61,700.09",$1.23T,$44.26B,20.05M BTC,5.3% (24h),,
2026-07-02 11:37:17,"$61,564.40",$1.23T,$42.87B,20.05M BTC,2.21% (24h),,
2026-07-02 13:42:26,"$61,746.50",$1.23T,$43.54B,20.05M BTC,2.72% (24h),,
2026-07-02 15:08:42,"$61,611.73",$1.23T,$43.61B,20.05M BTC,2.38% (24h),,
2026-07-02 16:22:52,"$61,359.52",$1.23T,$43.42B,20.05M BTC,2.47% (24h),,
2026-07-02 17:47:06,"$61,447.56",$1.23T,$42.27B,20.05M BTC,1.16% (24h),,
2026-07-02 18:54:48,"$61,459.97",$1.23T,$40.98B,20.05M BTC,1.8% (24h),,
2026-07-02 20:12:28,"$61,344.12",$1.23T,$39.91B,20.05M BTC,2.42% (24h),,
2026-07-03 00:14:17,"$61,340.49",$1.22T,$38.07B,20.05M BTC,0.73% (24h),,
2026-07-03 03:45:48,"$61,742.63",$1.23T,$36.83B,20.05M BTC,2.8% (24h),,
2026-07-03 06:23:22,"$61,683.89",$1.23T,$33.78B,20.05M BTC,1% (24h),,
2026-07-03 11:17:41,"$62,057.74",$1.24T,$27.77B,20.05M BTC,0.93% (24h),,
2026-07-03 12:43:12,"$62,006.42",$1.24T,$26.48B,20.05M BTC,1.08% (24h),,
2026-07-03 14:02:57,"$62,118.21",$1.24T,$25.32B,20.05M BTC,0.74% (24h),,
2026-07-03 15:47:37,"$62,153.09",$1.24T,$24.93B,20.05M BTC,1.03% (24h),,
2026-07-03 16:48:30,"$62,737.80",$1.25T,$25.4B,20.05M BTC,2.28% (24h),,
2026-07-03 17:52:03,"$62,600.17",$1.25T,$25.4B,20.05M BTC,1.73% (24h),,
2026-07-03 19:11:39,"$62,498.07",$1.25T,$25.99B,20.05M BTC,1.95% (24h),,
2026-07-03 20:18:44,"$62,780.81",$1.25T,$26.18B,20.05M BTC,2.38% (24h),,
2026-07-04 00:08:55,"$62,607.18",$1.25T,$24.88B,20.05M BTC,2.12% (24h),,
2026-07-04 03:14:44,"$62,466.60",$1.25T,$23.75B,20.05M BTC,1.36% (24h),,
2026-07-04 05:34:43,"$62,393.05",$1.25T,$23.2B,20.05M BTC,1.28% (24h),,
2026-07-04 07:11:48,"$62,463.74",$1.25T,$22.36B,20.05M BTC,0.8% (24h),,
2026-07-04 08:39:07,"$62,558.85",$1.25T,$21.47B,20.05M BTC,1.16% (24h),,
2026-07-04 10:15:34,"$62,618.20",$1.25T,$20.33B,20.05M BTC,1.53% (24h),,
2026-07-04 11:36:41,"$62,878.55",$1.26T,$19.53B,20.05M BTC,1.49% (24h),,
2026-07-04 12:41:31,"$62,880.02",$1.26T,$19.4B,20.05M BTC,1.43% (24h),,
2026-07-04 13:47:17,"$63,112.43",$1.26T,$19.57B,20.05M BTC,1.48% (24h),,
2026-07-04 14:46:48,"$63,090.89",$1.26T,$20.23B,20.05M BTC,1.49% (24h),,
2026-07-04 16:01:26,"$63,242.56",$1.26T,$20.16B,20.05M BTC,1.74% (24h),,
2026-07-04 17:12:03,"$63,194.95",$1.26T,$18.84B,20.05M BTC,0.7% (24h),,
2026-07-04 18:16:03,"$63,197.24",$1.26T,$17.69B,20.05M BTC,1% (24h),,
2026-07-04 19:27:13,"$63,032.54",$1.26T,$18.46B,20.05M BTC,0.81% (24h),,
2026-07-04 21:18:30,"$62,852.56",$1.26T,$17.34B,20.05M BTC,0.55% (24h),,
2026-07-05 01:13:47,"$62,708.24",$1.25T,$17.31B,20.05M BTC,0.29% (24h),,
2026-07-05 04:22:35,"$62,921.99",$1.26T,$17.6B,20.05M BTC,0.66% (24h),,
2026-07-05 06:40:14,"$62,628.17",$1.25T,$17.65B,20.05M BTC,0.34% (24h),,
2026-07-05 08:05:58,"$62,547.16",$1.25T,$17.48B,20.05M BTC,0.07% (24h),,
2026-07-05 10:07:55,"$62,687.40",$1.25T,$17.99B,20.05M BTC,0.19% (24h),,
2026-07-05 11:38:07,"$62,774.39",$1.25T,$17.31B,20.05M BTC,0.11% (24h),,
2026-07-05 12:44:11,"$62,567.80",$1.25T,$17.01B,20.05M BTC,0.45% (24h),,
2026-07-05 13:52:09,"$62,585.45",$1.25T,$16.58B,20.05M BTC,1.07% (24h),,
2026-07-05 15:26:23,"$62,683.90",$1.25T,$15.94B,20.05M BTC,0.91% (24h),,
2026-07-05 16:38:35,"$62,673.14",$1.25T,$15.72B,20.05M BTC,0.83% (24h),,
2026-07-05 17:41:06,"$62,887.86",$1.26T,$15.7B,20.05M BTC,0.68% (24h),,
2026-07-05 19:50:19,"$63,566.09",$1.27T,$17.7B,20.05M BTC,0.66% (24h),,
2026-07-05 21:50:32,"$63,556.35",$1.27T,$19.21B,20.05M BTC,1.21% (24h),,
2026-07-06 02:17:12,"$63,044.09",$1.26T,$20.47B,20.05M BTC,0.58% (24h),,
2026-07-06 07:09:29,"$62,770.40",$1.25T,$21.77B,20.05M BTC,0.18% (24h),,
2026-07-06 10:38:46,"$61,941.18",$1.24T,$29.8B,20.05M BTC,1.11% (24h),,
2026-07-06 13:27:50,"$63,871.95",$1.28T,$35.95B,20.05M BTC,1.89% (24h),,
2026-07-06 15:19:33,"$63,803.80",$1.27T,$36.78B,20.05M BTC,1.61% (24h),,
2026-07-06 17:07:38,"$63,831.57",$1.28T,$37.55B,20.05M BTC,1.97% (24h),,
2026-07-06 18:37:11,"$64,155.19",$1.28T,$37.64B,20.05M BTC,0.86% (24h),,
2026-07-06 19:44:55,"$64,028.81",$1.28T,$36.14B,20.05M BTC,0.59% (24h),,
2026-07-06 21:29:42,"$63,919.69",$1.28T,$35.9B,20.05M BTC,0.41% (24h),,
2026-07-07 01:49:20,"$63,115.88",$1.26T,$36.72B,20.05M BTC,0.14% (24h),,
2026-07-07 04:59:12,"$63,070.45",$1.26T,$37.57B,20.05M BTC,0.37% (24h),,
2026-07-07 08:06:57,"$63,630.34",$1.27T,$36.36B,20.05M BTC,2.83% (24h),,
2026-07-07 11:12:43,"$63,517.45",$1.27T,$33.38B,20.05M BTC,1.74% (24h),,
2026-07-07 13:30:16,"$64,099.43",$1.28T,$31.4B,20.05M BTC,0.4% (24h),,
2026-07-07 15:23:50,"$63,511.01",$1.27T,$32.15B,20.05M BTC,0.43% (24h),,
2026-07-07 17:08:46,"$63,741.47",$1.27T,$32.42B,20.05M BTC,0.15% (24h),,
2026-07-07 18:31:24,"$63,391.66",$1.27T,$31.25B,20.05M BTC,1.23% (24h),,
2026-07-07 19:33:17,"$63,527.78",$1.27T,$31.28B,20.05M BTC,0.89% (24h),,
2026-07-07 21:10:22,"$63,493.19",$1.27T,$31.04B,20.05M BTC,0.68% (24h),,
2026-07-08 00:33:25,"$62,806.65",$1.25T,$31.24B,20.05M BTC,0.61% (24h),,
2026-07-08 03:14:36,"$62,680.22",$1.25T,$30.02B,20.05M BTC,1.05% (24h),,
2026-07-08 05:42:46,"$62,036.27",$1.24T,$32.32B,20.05M BTC,1.8% (24h),,
2026-07-08 07:33:29,"$62,059.08",$1.24T,$33.07B,20.05M BTC,1.63% (24h),,
2026-07-08 09:15:57,"$61,857.42",$1.24T,$32.68B,20.05M BTC,2.25% (24h),,
2026-07-08 11:39:24,"$61,659.64",$1.23T,$30.92B,20.05M BTC,3.4% (24h),,
2026-07-08 13:11:11,"$62,040.41",$1.24T,$29.45B,20.05M BTC,3.09% (24h),,
2026-07-08 14:45:15,"$62,040.91",$1.24T,$29.05B,20.05M BTC,3.12% (24h),,
2026-07-08 16:14:30,"$62,197.17",$1.24T,$27.9B,20.05M BTC,2.35% (24h),,
2026-07-08 17:36:15,"$62,029.24",$1.24T,$27.91B,20.05M BTC,2.19% (24h),,
2026-07-08 18:42:46,"$62,263.79",$1.24T,$27.88B,20.05M BTC,2.06% (24h),,
2026-07-08 19:55:42,"$62,261.12",$1.24T,$27.62B,20.05M BTC,1.7% (24h),,
2026-07-08 23:48:38,"$61,889.31",$1.24T,$25.24B,20.05M BTC,1.58% (24h),,
2026-07-09 03:26:46,"$62,802.78",$1.25T,$27.18B,20.05M BTC,0.05% (24h),,
2026-07-09 06:45:23,"$62,830.38",$1.26T,$26.13B,20.05M BTC,1.2% (24h),,
2026-07-09 09:44:43,"$62,856.85",$1.26T,$27.72B,20.05M BTC,1.49% (24h),,
2026-07-09 12:16:13,"$62,826.31",$1.25T,$26.27B,20.05M BTC,1.74% (24h),,
2026-07-09 14:15:43,"$63,326.31",$1.26T,$26.23B,20.05M BTC,1.75% (24h),,
2026-07-09 16:12:46,"$63,171.33",$1.26T,$26.87B,20.05M BTC,1.62% (24h),,
2026-07-09 17:53:18,"$63,192.54",$1.26T,$26.24B,20.05M BTC,1.76% (24h),,
2026-07-09 19:17:57,"$63,069.99",$1.26T,$26.08B,20.05M BTC,1.29% (24h),,
2026-07-09 21:04:33,"$62,928.68",$1.26T,$26.27B,20.05M BTC,1.3% (24h),,
2026-07-10 01:06:42,"$63,971.62",$1.28T,$27.19B,20.05M BTC,2.6% (24h),,
2026-07-10 04:39:18,"$64,154.27",$1.28T,$28.03B,20.05M BTC,1.86% (24h),,
2026-07-10 07:34:32,"$64,317.36",$1.28T,$27.18B,20.05M BTC,2.72% (24h),,
2026-07-10 09:34:50,"$64,208.28",$1.28T,$25.26B,20.05M BTC,2.6% (24h),,
2026-07-10 12:05:08,"$63,959.83",$1.28T,$26.58B,20.05M BTC,1.67% (24h),,
2026-07-10 14:00:45,"$63,823.90",$1.27T,$26.51B,20.05M BTC,1.17% (24h),,
2026-07-10 15:47:54,"$63,941.91",$1.28T,$25.88B,20.05M BTC,1.09% (24h),,
2026-07-10 16:57:22,"$63,797.68",$1.27T,$27.33B,20.05M BTC,0.92% (24h),,
2026-07-10 18:12:21,"$63,972.53",$1.28T,$27.08B,20.05M BTC,1.19% (24h),,
2026-07-10 19:17:37,"$64,108.78",$1.28T,$27.12B,20.05M BTC,1.62% (24h),,
2026-07-10 20:15:12,"$64,031.20",$1.28T,$27.27B,20.05M BTC,1.37% (24h),,
2026-07-10 23:49:01,"$64,126.68",$1.28T,$24.75B,20.05M BTC,0.28% (24h),,
2026-07-11 02:05:09,"$64,102.64",$1.28T,$22.3B,20.05M BTC,0.12% (24h),,
2026-07-11 04:14:04,"$64,196.42",$1.28T,$21.22B,20.05M BTC,0.37% (24h),,
2026-07-11 05:53:37,"$64,106.02",$1.28T,$19.55B,20.05M BTC,0.38% (24h),,
2026-07-11 08:07:33,"$64,145.46",$1.28T,$19.27B,20.05M BTC,0.28% (24h),,
2026-07-11 09:52:24,"$64,211.91",$1.28T,$17.97B,20.05M BTC,0.54% (24h),,
2026-07-11 11:00:16,"$64,310.17",$1.28T,$16.7B,20.05M BTC,0.69% (24h),,
2026-07-11 12:04:18,"$64,095.78",$1.28T,$16.85B,20.05M BTC,0.27% (24h),,
2026-07-11 13:15:13,"$64,169.16",$1.28T,$16.34B,20.05M BTC,0.38% (24h),,
2026-07-11 14:12:17,"$64,267.20",$1.28T,$16.14B,20.05M BTC,0.58% (24h),,
2026-07-11 15:36:59,"$64,232.19",$1.28T,$15.55B,20.05M BTC,0.4% (24h),,
2026-07-11 16:28:42,"$64,302.65",$1.28T,$14.11B,20.05M BTC,1% (24h),,
2026-07-11 17:27:16,"$64,327.71",$1.29T,$13.85B,20.05M BTC,0.59% (24h),,
2026-07-11 18:25:56,"$64,259.45",$1.28T,$13.69B,20.05M BTC,0.39% (24h),,
2026-07-11 19:30:22,"$63,869.39",$1.28T,$13.84B,20.05M BTC,0.44% (24h),,
2026-07-11 21:09:25,"$63,887.62",$1.28T,$15.78B,20.05M BTC,0.31% (24h),,
2026-07-12 00:39:38,"$63,935.45",$1.28T,$16.96B,20.05M BTC,0.34% (24h),,
2026-07-12 03:17:40,"$63,762.69",$1.27T,$17.22B,20.05M BTC,0.62% (24h),,
2026-07-12 05:22:09,"$63,758.68",$1.27T,$19.59B,20.05M BTC,0.67% (24h),,
2026-07-12 06:56:39,"$63,841.88",$1.28T,$21.4B,20.05M BTC,0.43% (24h),,
2026-07-12 08:04:14,"$63,949.91",$1.28T,$21.11B,20.05M BTC,0.31% (24h),,
2026-07-12 09:54:43,"$63,985.49",$1.28T,$21.15B,20.05M BTC,0.34% (24h),,
2026-07-12 11:02:46,"$64,131.14",$1.28T,$20.77B,20.05M BTC,0.28% (24h),,
2026-07-12 12:10:12,"$64,146.71",$1.28T,$19.62B,20.05M BTC,0.13% (24h),,
2026-07-12 13:18:56,"$64,106.13",$1.28T,$19.43B,20.05M BTC,0.12% (24h),,
2026-07-12 14:14:40,"$63,996.78",$1.28T,$19.4B,20.05M BTC,0.42% (24h),,
2026-07-12 15:36:02,"$64,134.04",$1.28T,$19.25B,20.05M BTC,0.09% (24h),,
2026-07-12 16:26:34,"$64,158.01",$1.28T,$19.05B,20.05M BTC,0.22% (24h),,
2026-07-12 17:26:05,"$64,073.14",$1.28T,$19.02B,20.05M BTC,0.41% (24h),,
2026-07-12 18:26:28,"$63,795.17",$1.27T,$19.66B,20.05M BTC,0.72% (24h),,
2026-07-12 19:29:56,"$63,796.23",$1.27T,$19.43B,20.05M BTC,0.13% (24h),,
2026-07-12 21:09:35,"$63,850.20",$1.28T,$18.22B,20.05M BTC,0.05% (24h),,
2026-07-13 00:47:23,"$62,698.55",$1.25T,$20.19B,20.05M BTC,2% (24h),,
2026-07-13 03:58:46,"$62,980.73",$1.26T,$21.82B,20.05M BTC,1.35% (24h),,
2026-07-13 07:24:34,"$62,989.72",$1.26T,$20.58B,20.05M BTC,1.31% (24h),,
2026-07-13 09:42:14,"$62,245.77",$1.24T,$22.1B,20.05M BTC,2.75% (24h),,
2026-07-13 12:12:42,"$62,501.42",$1.25T,$26.92B,20.05M BTC,2.57% (24h),,
2026-07-13 14:14:46,"$61,862.15",$1.24T,$29.18B,20.05M BTC,3.32% (24h),,
2026-07-13 15:55:28,"$62,166.78",$1.24T,$30.26B,20.05M BTC,3.17% (24h),,
2026-07-13 17:02:36,"$62,146.37",$1.24T,$30.53B,20.05M BTC,3.14% (24h),,
2026-07-13 18:08:31,"$62,109.37",$1.24T,$30.65B,20.05M BTC,2.59% (24h),,
2026-07-13 19:13:23,"$61,981.08",$1.24T,$37.41B,20.05M BTC,2.73% (24h),,
2026-07-13 20:12:05,"$62,332.34",$1.25T,$37.45B,20.05M BTC,2.81% (24h),,
2026-07-13 23:41:35,"$62,422.96",$1.25T,$34.46B,20.05M BTC,0.63% (24h),,
2026-07-14 01:59:17,"$62,631.88",$1.25T,$32.35B,20.05M BTC,0.15% (24h),,
2026-07-14 04:24:33,"$62,497.97",$1.25T,$26.2B,20.05M BTC,0.69% (24h),,
2026-07-14 06:19:48,"$62,638.74",$1.25T,$25.49B,20.05M BTC,0.61% (24h),,
2026-07-14 07:50:40,"$62,781.06",$1.25T,$24.8B,20.05M BTC,0.18% (24h),,
2026-07-14 09:03:53,"$63,783.11",$1.27T,$27.41B,20.05M BTC,1.9% (24h),,
2026-07-14 11:03:21,"$64,215.34",$1.28T,$26.55B,20.05M BTC,2.44% (24h),,
2026-07-14 12:38:29,"$64,811.04",$1.29T,$28.9B,20.05M BTC,4.26% (24h),,
2026-07-14 13:47:39,"$64,474.75",$1.29T,$29.35B,20.05M BTC,3.91% (24h),,
2026-07-14 14:54:37,"$64,531.50",$1.29T,$28.84B,20.05M BTC,4.07% (24h),,
2026-07-14 16:17:27,"$64,464.04",$1.29T,$28.81B,20.05M BTC,3.77% (24h),,
2026-07-14 17:27:15,"$64,584.58",$1.29T,$28.8B,20.05M BTC,4.2% (24h),,
2026-07-14 18:33:28,"$64,902.67",$1.3T,$29.34B,20.05M BTC,4.63% (24h),,
2026-07-14 19:32:57,"$64,877.18",$1.3T,$29.87B,20.05M BTC,4.53% (24h),,
2026-07-14 21:00:07,"$64,790.79",$1.29T,$29.13B,20.05M BTC,3.69% (24h),,
2026-07-15 00:13:29,"$64,801.84",$1.29T,$29.14B,20.05M BTC,3.69% (24h),,
2026-07-15 02:33:25,"$65,151.56",$1.3T,$29.06B,20.05M BTC,4% (24h),,
2026-07-15 05:00:27,"$64,720.36",$1.29T,$30.68B,20.05M BTC,3.33% (24h),,
2026-07-15 07:00:36,"$64,605.14",$1.29T,$30.55B,20.05M BTC,2.97% (24h),,
2026-07-15 08:22:39,"$64,582.47",$1.29T,$30.35B,20.05M BTC,2.69% (24h),,
2026-07-15 10:22:17,"$65,326.21",$1.31T,$29.8B,20.05M BTC,2.45% (24h),,
2026-07-15 12:05:00,"$65,227.06",$1.3T,$28.31B,20.05M BTC,0.86% (24h),,
2026-07-15 13:38:13,"$64,965.85",$1.3T,$27.55B,20.05M BTC,0.84% (24h),,
2026-07-15 14:45:34,"$64,917.62",$1.3T,$28.29B,20.05M BTC,0.57% (24h),,
2026-07-15 15:58:19,"$64,945.08",$1.3T,$28.45B,20.05M BTC,0.52% (24h),,
2026-07-15 17:10:30,"$64,862.07",$1.3T,$28.24B,20.05M BTC,0.47% (24h),,
2026-07-15 18:14:02,"$64,786.13",$1.29T,$28.16B,20.05M BTC,0.45% (24h),,
2026-07-15 19:18:00,"$64,852.90",$1.3T,$26.91B,20.05M BTC,0.09% (24h),,
2026-07-15 20:15:20,"$64,796.24",$1.29T,$27.16B,20.05M BTC,0.12% (24h),,
2026-07-15 23:44:51,"$64,619.12",$1.29T,$27.12B,20.05M BTC,0.07% (24h),,
2026-07-16 02:07:45,"$64,832.52",$1.3T,$27.36B,20.05M BTC,0.09% (24h),,
2026-07-16 04:33:48,"$64,144.66",$1.28T,$27.27B,20.05M BTC,0.68% (24h),,
2026-07-16 06:34:53,"$64,202.92",$1.28T,$32.31B,20.05M BTC,0.59% (24h),,
2026-07-16 08:09:00,"$64,100.36",$1.28T,$32.32B,20.05M BTC,0.81% (24h),,
2026-07-16 10:22:16,"$64,549.93",$1.29T,$29.72B,20.05M BTC,1.2% (24h),,
2026-07-16 11:58:38,"$64,665.09",$1.29T,$29.17B,20.05M BTC,1.02% (24h),,
2026-07-16 13:35:54,"$64,208.43",$1.28T,$28.09B,20.05M BTC,1.16% (24h),,
2026-07-16 14:46:56,"$64,135.79",$1.28T,$27.22B,20.05M BTC,1.24% (24h),,
2026-07-16 15:52:15,"$64,196.08",$1.28T,$27.15B,20.05M BTC,1.09% (24h),,
2026-07-16 17:08:02,"$64,126.47",$1.28T,$26.78B,20.05M BTC,1.2% (24h),,
2026-07-16 18:14:48,"$64,132.66",$1.28T,$25.97B,20.05M BTC,1% (24h),,
2026-07-16 19:15:30,"$63,870.39",$1.28T,$26.71B,20.05M BTC,1.53% (24h),,
2026-07-16 20:16:43,"$63,800.46",$1.27T,$27.18B,20.05M BTC,1.51% (24h),,
2026-07-16 23:44:18,"$63,579.35",$1.27T,$27.93B,20.05M BTC,1.62% (24h),,
2026-07-17 02:07:41,"$62,911.24",$1.26T,$29.07B,20.05M BTC,2.95% (24h),,
2026-07-17 04:27:42,"$62,784.87",$1.25T,$28.7B,20.05M BTC,1.93% (24h),,
2026-07-17 06:21:19,"$63,022.99",$1.26T,$24.25B,20.05M BTC,1.78% (24h),,
2026-07-17 07:49:26,"$63,234.89",$1.26T,$24.5B,20.05M BTC,1.49% (24h),,
2026-07-17 08:54:32,"$63,073.90",$1.26T,$24.19B,20.05M BTC,1.36% (24h),,
2026-07-17 10:47:50,"$63,207.06",$1.26T,$25.19B,20.05M BTC,2.23% (24h),,
2026-07-17 12:05:37,"$63,365.38",$1.27T,$25.58B,20.05M BTC,1.84% (24h),,
2026-07-17 14:36:11,"$63,990.38",$1.28T,$26.67B,20.05M BTC,0.18% (24h),,
2026-07-17 15:46:31,"$64,152.28",$1.28T,$27.33B,20.05M BTC,0% (24h),,
2026-07-17 16:39:39,"$63,955.51",$1.28T,$27.59B,20.05M BTC,0.23% (24h),,
2026-07-17 17:34:34,"$64,067.40",$1.28T,$27.94B,20.05M BTC,0.07% (24h),,
2026-07-17 18:30:21,"$63,931.48",$1.28T,$27.76B,20.05M BTC,0.07% (24h),,
2026-07-17 19:30:42,"$63,918.91",$1.28T,$27.2B,20.05M BTC,0.24% (24h),,
2026-07-17 21:03:09,"$63,856.77",$1.28T,$26.88B,20.05M BTC,0.11% (24h),,
2026-07-18 00:13:24,"$63,952.44",$1.28T,$25.23B,20.05M BTC,0.76% (24h),,
2026-07-18 02:25:14,"$63,948.52",$1.28T,$23.23B,20.05M BTC,1.87% (24h),,
2026-07-18 04:22:57,"$63,936.66",$1.28T,$21.2B,20.05M BTC,1.91% (24h),,
2026-07-18 06:00:40,"$63,945.50",$1.28T,$20.39B,20.05M BTC,1.61% (24h),,
2026-07-18 07:15:09,"$63,970.70",$1.28T,$20.08B,20.05M BTC,1.49% (24h),,
2026-07-18 08:09:16,"$64,101.12",$1.28T,$20.21B,20.05M BTC,1.38% (24h),,
2026-07-18 09:50:10,"$64,003.68",$1.28T,$18.87B,20.05M BTC,2.07% (24h),,
2026-07-18 10:43:20,"$64,121.68",$1.28T,$17.35B,20.05M BTC,1.43% (24h),,
2026-07-18 11:41:41,"$64,016.31",$1.28T,$16.28B,20.05M BTC,1.28% (24h),,
2026-07-18 12:38:41,"$64,114.27",$1.28T,$15.56B,20.05M BTC,1.11% (24h),,
2026-07-18 13:41:38,"$64,405.40",$1.29T,$14.74B,20.05M BTC,0.7% (24h),,
2026-07-18 14:39:08,"$64,491.35",$1.29T,$14.6B,20.05M BTC,0.75% (24h),,
2026-07-18 15:52:01,"$64,498.90",$1.29T,$13.88B,20.05M BTC,0.56% (24h),,
2026-07-18 16:39:13,"$64,556.25",$1.29T,$13.92B,20.05M BTC,0.93% (24h),,
2026-07-18 17:35:16,"$64,665.70",$1.29T,$13.97B,20.05M BTC,0.93% (24h),,
2026-07-18 18:31:26,"$64,680.62",$1.29T,$14.01B,20.05M BTC,1.18% (24h),,
2026-07-18 19:33:17,"$64,776.56",$1.29T,$14.2B,20.05M BTC,1.29% (24h),,
2026-07-18 21:10:34,"$64,733.57",$1.29T,$14.29B,20.05M BTC,1.34% (24h),,
2026-07-19 00:36:53,"$64,691.76",$1.29T,$14.42B,20.05M BTC,1.22% (24h),,
2026-07-19 03:15:09,"$64,653.79",$1.29T,$14.29B,20.05M BTC,1.09% (24h),,
2026-07-19 05:23:08,"$64,523.92",$1.29T,$14.53B,20.05M BTC,0.96% (24h),,
2026-07-19 06:55:34,"$64,557.27",$1.29T,$14.82B,20.05M BTC,0.92% (24h),,
2026-07-19 08:03:00,"$64,395.51",$1.29T,$14.6B,20.05M BTC,0.49% (24h),,
2026-07-19 09:51:29,"$64,456.59",$1.29T,$15.23B,20.05M BTC,0.7% (24h),,
2026-07-19 10:49:13,"$64,547.44",$1.29T,$15.56B,20.05M BTC,0.66% (24h),,
2026-07-19 11:43:22,"$64,521.40",$1.29T,$15.57B,20.05M BTC,0.78% (24h),,
2026-07-19 12:41:02,"$64,518.35",$1.29T,$15.69B,20.05M BTC,0.67% (24h),,
2026-07-19 13:44:27,"$64,570.02",$1.29T,$15.68B,20.05M BTC,0.29% (24h),,
2026-07-19 14:43:30,"$64,395.51",$1.29T,$15.42B,20.05M BTC,0.07% (24h),,
2026-07-19 15:59:21,"$64,399.67",$1.29T,$15.07B,20.05M BTC,0.18% (24h),,
2026-07-19 17:03:53,"$64,499.86",$1.29T,$14.45B,20.05M BTC,0.22% (24h),,
2026-07-19 18:09:00,"$64,435.47",$1.29T,$14.28B,20.05M BTC,0.45% (24h),,
2026-07-19 19:11:53,"$64,670.02",$1.29T,$14.94B,20.05M BTC,0.03% (24h),,
2026-07-19 20:17:38,"$65,022.25",$1.3T,$15.33B,20.05M BTC,0.33% (24h),,
2026-07-20 00:11:45,"$64,734.53",$1.29T,$16.15B,20.05M BTC,0.21% (24h),,
2026-07-20 03:31:53,"$64,096.29",$1.28T,$18.43B,20.05M BTC,0.88% (24h),,
2026-07-20 06:30:30,"$64,287.55",$1.28T,$21.85B,20.05M BTC,0.44% (24h),,
2026-07-20 08:36:24,"$64,667.99",$1.29T,$23.13B,20.05M BTC,0.52% (24h),,
2026-07-20 10:56:55,"$64,321.99",$1.29T,$24.83B,20.05M BTC,0.35% (24h),,
2026-07-20 12:28:21,"$65,337.93",$1.31T,$27.98B,20.05M BTC,1.22% (24h),,
2026-07-20 14:31:38,"$65,472.05",$1.31T,$29.55B,20.05M BTC,1.78% (24h),,
2026-07-20 16:11:16,"$65,090.32",$1.3T,$30.84B,20.05M BTC,0.95% (24h),,
2026-07-20 17:34:16,"$65,362.30",$1.31T,$31.52B,20.05M BTC,1.51% (24h),,
2026-07-20 18:38:23,"$65,087.52",$1.3T,$30.83B,20.05M BTC,0.67% (24h),,
2026-07-20 19:40:20,"$65,169.57",$1.3T,$30.95B,20.05M BTC,0.84% (24h),,
2026-07-20 21:10:56,"$65,587.18",$1.31T,$30.66B,20.05M BTC,0.99% (24h),,
2026-07-21 00:33:46,"$65,477.48",$1.31T,$30.95B,20.05M BTC,1.22% (24h),,
2026-07-21 03:19:35,"$65,933.55",$1.32T,$31.12B,20.05M BTC,3.24% (24h),,
2026-07-21 05:57:01,"$66,293.33",$1.32T,$29.8B,20.05M BTC,3.33% (24h),,
2026-07-21 07:51:37,"$66,303.44",$1.33T,$30.11B,20.05M BTC,2.22% (24h),,
2026-07-21 09:17:58,"$66,550.36",$1.33T,$29.64B,20.05M BTC,2.95% (24h),,
2026-07-21 11:20:08,"$66,701.51",$1.33T,$31.31B,20.05M BTC,2.71% (24h),,
2026-07-21 12:52:06,"$66,505.84",$1.33T,$29.58B,20.05M BTC,1.72% (24h),,
2026-07-21 14:19:36,"$66,221.69",$1.32T,$29.85B,20.05M BTC,0.91% (24h),,
2026-07-21 15:58:20,"$66,399.67",$1.33T,$29.45B,20.05M BTC,1.97% (24h),,
2026-07-21 17:21:12,"$66,308.35",$1.33T,$29.56B,20.05M BTC,1.55% (24h),,
2026-07-21 18:25:47,"$66,211.17",$1.32T,$29.71B,20.05M BTC,1.58% (24h),,
2026-07-21 19:31:36,"$66,340.69",$1.33T,$29.7B,20.05M BTC,1.74% (24h),,
2026-07-21 21:03:20,"$66,555.64",$1.33T,$30.09B,20.05M BTC,1.69% (24h),,
2026-07-22 00:32:35,"$66,310.63",$1.33T,$30.5B,20.05M BTC,1.27% (24h),,
2026-07-22 03:20:46,"$65,843.78",$1.32T,$30.85B,20.05M BTC,0.14% (24h),,
2026-07-22 05:46:12,"$65,836.79",$1.32T,$32.42B,20.05M BTC,0.63% (24h),,
2026-07-22 07:33:47,"$66,009.91",$1.32T,$32.3B,20.05M BTC,0.31% (24h),,
2026-07-22 09:09:36,"$65,609.55",$1.31T,$32.12B,20.05M BTC,1.38% (24h),,
2026-07-22 11:18:08,"$65,935.76",$1.32T,$30.18B,20.05M BTC,1.11% (24h),,
2026-07-22 12:53:25,"$66,195.90",$1.32T,$30.15B,20.05M BTC,0.45% (24h),,
2026-07-22 14:12:43,"$65,960.26",$1.32T,$29.12B,20.05M BTC,0.44% (24h),,
2026-07-22 15:55:41,"$65,858.56",$1.32T,$28.66B,20.05M BTC,0.85% (24h),,
2026-07-22 16:54:15,"$65,906.07",$1.32T,$28.74B,20.05M BTC,0.72% (24h),,
2026-07-22 18:11:42,"$65,980.33",$1.32T,$28.34B,20.05M BTC,0.49% (24h),,
2026-07-22 19:16:38,"$65,890.10",$1.32T,$28.11B,20.05M BTC,0.53% (24h),,
2026-07-22 20:17:26,"$66,172.72",$1.32T,$28.13B,20.05M BTC,0.59% (24h),,
2026-07-22 23:51:18,"$65,623.66",$1.31T,$28.1B,20.06M BTC,0.99% (24h),,
2026-07-23 02:24:32,"$65,614.06",$1.31T,$26.82B,20.06M BTC,0.33% (24h),,
2026-07-23 05:10:36,"$65,661.13",$1.31T,$23.72B,20.06M BTC,0.54% (24h),,
2026-07-23 07:21:31,"$65,640.41",$1.31T,$21.78B,20.06M BTC,0.49% (24h),,
2026-07-23 08:55:55,"$65,181.68",$1.3T,$22.18B,20.06M BTC,0.77% (24h),,
2026-07-23 11:13:43,"$64,711.40",$1.29T,$22.74B,20.06M BTC,1.74% (24h),,
2026-07-23 12:52:03,"$64,679.62",$1.29T,$23.24B,20.06M BTC,2.26% (24h),,
2026-07-23 14:09:01,"$64,696.50",$1.29T,$23.31B,20.06M BTC,2.01% (24h),,
2026-07-23 15:46:10,"$64,694.69",$1.29T,$23.65B,20.06M BTC,1.72% (24h),,
2026-07-23 16:46:56,"$65,069.71",$1.3T,$23.68B,20.06M BTC,1.25% (24h),,
2026-07-23 17:49:55,"$65,092.38",$1.3T,$24.13B,20.06M BTC,1.5% (24h),,
2026-07-23 18:43:44,"$65,171.29",$1.3T,$24.34B,20.06M BTC,1.14% (24h),,
2026-07-23 19:45:09,"$65,120.12",$1.3T,$24.48B,20.06M BTC,1.26% (24h),,
2026-07-23 21:15:49,"$64,977.77",$1.3T,$23.91B,20.06M BTC,1.56% (24h),,
2026-07-24 00:40:28,"$65,285.31",$1.3T,$23.32B,20.06M BTC,0.48% (24h),,
2026-07-24 03:19:49,"$65,665.00",$1.31T,$24.03B,20.06M BTC,0.34% (24h),,
2026-07-24 05:41:41,"$65,027.98",$1.3T,$24.63B,20.06M BTC,0.97% (24h),,
2026-07-24 07:27:05,"$64,999.72",$1.3T,$24.96B,20.06M BTC,0.93% (24h),,
2026-07-24 09:03:02,"$64,661.00",$1.29T,$24.57B,20.06M BTC,0.74% (24h),,
2026-07-24 11:05:32,"$63,846.47",$1.28T,$25.39B,20.06M BTC,1.52% (24h),,
2026-07-24 12:57:28,"$63,923.43",$1.28T,$26.98B,20.06M BTC,1.23% (24h),,
2026-07-24 14:23:39,"$64,090.98",$1.28T,$26.76B,20.06M BTC,0.9% (24h),,
2026-07-24 15:57:40,"$64,126.07",$1.28T,$26.41B,20.06M BTC,0.91% (24h),,
2026-07-24 17:14:03,"$64,081.53",$1.28T,$26.1B,20.06M BTC,1.38% (24h),,
2026-07-24 18:32:00,"$64,114.25",$1.28T,$26.06B,20.06M BTC,1.55% (24h),,
2026-07-24 19:42:50,"$64,105.08",$1.28T,$26.02B,20.06M BTC,1.57% (24h),,
2026-07-24 21:16:23,"$63,971.54",$1.28T,$25.64B,20.06M BTC,1.53% (24h),,
2026-07-25 00:34:04,"$64,037.23",$1.28T,$24.86B,20.06M BTC,2.02% (24h),,
2026-07-25 03:02:37,"$63,951.85",$1.28T,$23.91B,20.06M BTC,2.26% (24h),,
2026-07-25 05:12:00,"$63,791.32",$1.27T,$23.1B,20.06M BTC,2% (24h),,
2026-07-25 06:46:44,"$63,959.44",$1.28T,$23.26B,20.06M BTC,1.55% (24h),,
2026-07-25 07:54:30,"$64,011.07",$1.28T,$23.1B,20.06M BTC,1.48% (24h),,
2026-07-25 09:47:03,"$64,183.59",$1.28T,$20.54B,20.06M BTC,0.26% (24h),,
2026-07-25 10:53:49,"$64,133.69",$1.28T,$18.04B,20.06M BTC,0.45% (24h),,
2026-07-25 12:09:14,"$64,111.71",$1.28T,$15.5B,20.06M BTC,0.03% (24h),,
2026-07-25 13:15:15,"$64,149.88",$1.28T,$15.1B,20.06M BTC,0.39% (24h),,
2026-07-25 14:12:53,"$64,315.17",$1.29T,$14.72B,20.06M BTC,0.32% (24h),,
2026-07-25 15:39:30,"$64,340.68",$1.29T,$14.32B,20.06M BTC,0.22% (24h),,
2026-07-25 16:33:07,"$64,282.10",$1.28T,$14.29B,20.06M BTC,0.22% (24h),,
2026-07-25 17:35:39,"$64,293.51",$1.28T,$13.99B,20.06M BTC,0.27% (24h),,
2026-07-25 18:36:08,"$64,304.29",$1.29T,$13.53B,20.06M BTC,0.26% (24h),,
2026-07-25 19:42:32,"$64,335.22",$1.29T,$13.77B,20.06M BTC,0.35% (24h),,
2026-07-25 21:19:25,"$64,431.43",$1.29T,$13.32B,20.06M BTC,0.74% (24h),,
2026-07-26 00:48:46,"$64,505.52",$1.29T,$13.47B,20.06M BTC,0.59% (24h),,
2026-07-26 03:28:55,"$64,313.11",$1.29T,$13.56B,20.06M BTC,0.54% (24h),,
2026-07-26 05:36:57,"$64,462.45",$1.29T,$12.47B,20.06M BTC,0.92% (24h),,
2026-07-26 07:08:32,"$64,467.78",$1.29T,$11.43B,20.06M BTC,0.72% (24h),,
2026-07-26 08:17:14,"$64,561.36",$1.29T,$11.44B,20.06M BTC,0.88% (24h),,
2026-07-26 10:04:40,"$64,531.97",$1.29T,$11.6B,20.06M BTC,0.71% (24h),,
2026-07-26 11:19:27,"$64,717.56",$1.29T,$11.97B,20.06M BTC,0.84% (24h),,
2026-07-26 12:27:59,"$64,716.48",$1.29T,$12.2B,20.06M BTC,1.01% (24h),,
2026-07-26 13:36:30,"$64,689.55",$1.29T,$12.66B,20.06M BTC,0.71% (24h),,
2026-07-26 14:41:15,"$64,649.48",$1.29T,$12.48B,20.06M BTC,0.49% (24h),,
2026-07-26 15:56:09,"$64,644.78",$1.29T,$12.5B,20.06M BTC,0.43% (24h),,
2026-07-26 17:04:32,"$64,624.79",$1.29T,$12.39B,20.06M BTC,0.57% (24h),,
2026-07-26 18:11:58,"$65,131.09",$1.3T,$12.7B,20.06M BTC,1.22% (24h),,
2026-07-26 19:17:43,"$65,357.43",$1.31T,$13.82B,20.06M BTC,1.55% (24h),,
2026-07-26 21:03:36,"$65,121.85",$1.3T,$14.7B,20.06M BTC,1.04% (24h),,
2026-07-27 00:51:05,"$65,292.91",$1.3T,$16.26B,20.06M BTC,1.22% (24h),,
2026-07-27 04:22:48,"$65,155.53",$1.3T,$18.23B,20.06M BTC,1.26% (24h),,
2026-07-27 07:54:17,"$65,049.17",$1.3T,$20.99B,20.06M BTC,0.92% (24h),,
2026-07-27 10:48:23,"$64,536.94",$1.29T,$23.89B,20.06M BTC,0.22% (24h),,
2026-07-27 12:51:41,"$64,817.08",$1.3T,$24.98B,20.06M BTC,0.11% (24h),,
2026-07-27 14:18:47,"$64,809.38",$1.3T,$25.26B,20.06M BTC,0.28% (24h),,
2026-07-27 16:01:05,"$64,977.39",$1.3T,$25.8B,20.06M BTC,0.51% (24h),,
2026-07-27 17:21:10,"$64,810.37",$1.3T,$25.94B,20.06M BTC,0.2% (24h),,
2026-07-27 18:32:45,"$64,520.03",$1.29T,$25.35B,20.06M BTC,0.99% (24h),,
2026-07-27 19:44:03,"$63,626.47",$1.27T,$26.05B,20.06M BTC,2.63% (24h),,
2026-07-27 21:10:54,"$63,125.58",$1.26T,$26.75B,20.06M BTC,3.06% (24h),,
2026-07-28 00:30:11,"$63,226.84",$1.26T,$27.85B,20.06M BTC,3.12% (24h),,
2026-07-28 03:20:33,"$63,470.45",$1.27T,$27.41B,20.06M BTC,2.89% (24h),,
2026-07-28 06:02:44,"$63,330.79",$1.27T,$25.8B,20.06M BTC,2.86% (24h),,
2026-07-28 08:11:39,"$63,418.92",$1.27T,$25.78B,20.06M BTC,2.68% (24h),,
2026-07-28 10:40:18,"$63,163.85",$1.26T,$25.6B,20.06M BTC,2.2% (24h),,
2026-07-28 12:24:26,"$63,738.00",$1.27T,$25.63B,20.06M BTC,1.13% (24h),,
2026-07-28 13:58:20,"$63,571.98",$1.27T,$25.94B,20.06M BTC,2.12% (24h),,
2026-07-28 15:45:38,"$63,618.24",$1.27T,$25.71B,20.06M BTC,1.99% (24h),,
2026-07-28 16:53:21,"$63,851.08",$1.28T,$26.03B,20.06M BTC,1.55% (24h),,
2026-07-28 18:10:49,"$63,891.79",$1.28T,$25.85B,20.06M BTC,1.2% (24h),,
2026-07-28 19:17:19,"$63,569.57",$1.27T,$24.46B,20.06M BTC,0.16% (24h),,
2026-07-28 20:14:35,"$63,957.95",$1.28T,$24.44B,20.06M BTC,0.64% (24h),,
2026-07-28 23:47:04,"$63,675.12",$1.27T,$23.43B,20.06M BTC,0.66% (24h),,
2026-07-29 02:22:11,"$64,063.17",$1.28T,$23.86B,20.06M BTC,0.98% (24h),,
2026-07-29 05:24:22,"$64,368.62",$1.29T,$24.26B,20.06M BTC,1.54% (24h),,
2026-07-29 07:41:38,"$64,371.64",$1.29T,$24.5B,20.06M BTC,1.53% (24h),,
2026-07-29 09:26:15,"$64,102.31",$1.28T,$24.24B,20.06M BTC,1.27% (24h),,
2026-07-29 11:31:56,"$63,961.97",$1.28T,$23.18B,20.06M BTC,0.46% (24h),,
2026-07-29 12:55:07,"$63,674.65",$1.27T,$23.16B,20.06M BTC,0.49% (24h),,
2026-07-29 14:11:43,"$64,348.61",$1.29T,$23.45B,20.06M BTC,1.04% (24h),,
2026-07-29 15:45:47,"$63,807.79",$1.28T,$26.21B,20.06M BTC,0.28% (24h),,
2026-07-29 16:41:12,"$63,652.70",$1.27T,$27.33B,20.06M BTC,0.24% (24h),,
2026-07-29 17:39:49,"$63,557.56",$1.27T,$28.08B,20.06M BTC,0.55% (24h),,
2026-07-29 18:40:38,"$63,880.62",$1.28T,$28.93B,20.06M BTC,0.14% (24h),,
2026-07-29 19:44:23,"$63,914.74",$1.28T,$28.66B,20.06M BTC,0.33% (24h),,
2026-07-29 21:06:29,"$63,700.39",$1.27T,$28.27B,20.06M BTC,0.3% (24h),,
2026-07-30 00:18:29,"$64,033.17",$1.28T,$28.36B,20.06M BTC,0.65% (24h),,
2026-07-30 02:47:37,"$63,930.54",$1.28T,$28.12B,20.06M BTC,0.62% (24h),,
2026-07-30 05:23:17,"$64,385.08",$1.29T,$29.12B,20.06M BTC,0.01% (24h),,
2026-07-30 07:31:24,"$64,490.39",$1.29T,$30.62B,20.06M BTC,0.12% (24h),,
2026-07-30 09:12:15,"$64,762.34",$1.29T,$31.32B,20.06M BTC,0.83% (24h),,
2026-07-30 11:28:03,"$64,661.45",$1.29T,$31.98B,20.06M BTC,1.03% (24h),,
2026-07-30 13:05:17,"$64,772.81",$1.29T,$31.71B,20.06M BTC,1.68% (24h),,
2026-07-30 14:44:30,"$64,662.78",$1.29T,$30.29B,20.06M BTC,0.57% (24h),,
2026-07-30 16:09:14,"$64,765.49",$1.29T,$27.77B,20.06M BTC,2.16% (24h),,
2026-07-30 17:31:50,"$64,689.16",$1.29T,$26.72B,20.06M BTC,1.88% (24h),,
2026-07-30 18:45:56,"$64,859.62",$1.3T,$26.11B,20.06M BTC,1.42% (24h),,
2026-07-30 19:46:27,"$64,786.65",$1.29T,$26.08B,20.06M BTC,1.33% (24h),,
2026-07-30 21:19:17,"$65,079.66",$1.3T,$25.97B,20.06M BTC,2.28% (24h),,
2026-07-31 00:50:22,"$64,236.28",$1.28T,$27.18B,20.06M BTC,0.33% (24h),,
2026-07-31 03:42:23,"$63,908.51",$1.28T,$28.11B,20.06M BTC,0.04% (24h),,
2026-07-31 06:23:00,"$63,723.79",$1.27T,$27.11B,20.06M BTC,1.25% (24h),,
2026-07-31 08:29:32,"$63,700.96",$1.27T,$26.3B,20.06M BTC,1.69% (24h),,
2026-07-31 11:03:59,"$62,555.17",$1.25T,$28.96B,20.06M BTC,3.21% (24h),,
2026-07-31 12:56:16,"$62,808.32",$1.26T,$30.03B,20.06M BTC,3.03% (24h),,
2026-07-31 14:24:39,"$63,105.42",$1.26T,$30.86B,20.06M BTC,2.49% (24h),,
2026-07-31 16:05:03,"$62,921.10",$1.26T,$31.08B,20.06M BTC,2.96% (24h),,
2026-07-31 17:20:32,"$62,956.25",$1.26T,$30.87B,20.06M BTC,2.67% (24h),,
2026-07-31 18:30:43,"$62,930.75",$1.26T,$30.89B,20.06M BTC,3.08% (24h),,
2026-07-31 19:36:46,"$62,914.85",$1.26T,$30.91B,20.06M BTC,3.23% (24h),,
2026-07-31 21:13:30,"$62,901.13",$1.26T,$30.42B,20.06M BTC,3.57% (24h),,
2026-08-01 00:43:17,"$62,997.34",$1.26T,$27.78B,20.06M BTC,1.93% (24h),,
2026-08-01 03:19:33,"$63,012.36",$1.26T,$26.97B,20.06M BTC,1.51% (24h),,
2026-08-01 05:29:48,"$63,046.69",$1.26T,$23.38B,20.06M BTC,0.93% (24h),,
2026-08-01 07:03:56,"$62,991.40",$1.26T,$22.84B,20.06M BTC,1.41% (24h),,
2026-08-01 08:12:52,"$63,050.62",$1.26T,$22.49B,20.06M BTC,0.97% (24h),,
2026-08-01 10:02:50,"$63,009.26",$1.26T,$20.78B,20.06M BTC,0.27% (24h),,
2026-08-01 11:17:01,"$63,039.09",$1.26T,$16.12B,20.06M BTC,0.68% (24h),,
2026-08-01 12:18:25,"$62,878.03",$1.26T,$14.76B,20.06M BTC,0.17% (24h),,
2026-08-01 13:28:41,"$62,758.10",$1.25T,$14.16B,20.06M BTC,0.23% (24h),,
2026-08-01 14:33:39,"$62,282.87",$1.24T,$13.94B,20.06M BTC,1.14% (24h),,
2026-08-01 15:53:17,"$62,463.31",$1.25T,$14.35B,20.06M BTC,0.75% (24h),,
2026-08-01 17:00:58,"$62,629.21",$1.25T,$14.06B,20.06M BTC,0.41% (24h),,
2026-08-01 18:06:07,"$62,781.60",$1.25T,$13.85B,20.06M BTC,0.2% (24h),,
2026-08-01 19:10:39,"$62,777.34",$1.25T,$13.52B,20.06M BTC,0.24% (24h),,
2026-08-01 20:13:19,"$62,898.90",$1.26T,$13.51B,20.06M BTC,0% (24h),,
2026-08-02 00:01:02,"$63,429.66",$1.27T,$14.59B,20.06M BTC,0.77% (24h),,
2026-08-02 02:42:50,"$63,421.40",$1.27T,$14.51B,20.06M BTC,0.64% (24h),,
2026-08-02 05:03:57,"$63,084.83",$1.26T,$15.35B,20.06M BTC,0.02% (24h),,
2026-08-02 06:49:48,"$63,142.70",$1.26T,$15.59B,20.06M BTC,0.24% (24h),,
2026-08-02 07:50:38,"$63,051.13",$1.26T,$15.6B,20.06M BTC,0.06% (24h),,
2026-08-02 08:53:41,"$63,058.69",$1.26T,$15.71B,20.06M BTC,0.01% (24h),,
2026-08-02 10:39:22,"$63,080.45",$1.26T,$15.91B,20.06M BTC,0.06% (24h),,
2026-08-02 11:46:14,"$63,082.87",$1.26T,$15.95B,20.06M BTC,0.14% (24h),,
2026-08-02 12:42:05,"$63,155.02",$1.26T,$15.85B,20.06M BTC,0.37% (24h),,
2026-08-02 13:47:45,"$63,267.19",$1.26T,$15.75B,20.06M BTC,0.87% (24h),,
2026-08-02 14:46:14,"$63,368.29",$1.27T,$15B,20.06M BTC,1.77% (24h),,
2026-08-02 16:02:02,"$63,389.67",$1.27T,$14.83B,20.06M BTC,1.51% (24h),,
2026-08-02 17:10:02,"$63,452.54",$1.27T,$14.7B,20.06M BTC,1.2% (24h),,
2026-08-02 18:11:06,"$63,675.53",$1.27T,$15.16B,20.06M BTC,1.39% (24h),,
2026-08-02 19:13:25,"$63,288.19",$1.26T,$15.64B,20.06M BTC,0.84% (24h),,
2026-08-02 20:18:13,"$63,364.53",$1.27T,$15.88B,20.06M BTC,0.78% (24h),,
2026-08-03 00:03:43,"$62,821.57",$1.26T,$15.55B,20.06M BTC,0.97% (24h),,
2026-08-03 03:44:58,"$62,553.11",$1.25T,$17.01B,20.06M BTC,1.44% (24h),,
2026-08-03 07:01:28,"$62,651.44",$1.25T,$17.95B,20.06M BTC,0.75% (24h),,
2026-08-03 09:47:44,"$62,807.50",$1.26T,$18.8B,20.06M BTC,0.38% (24h),,
2026-08-03 12:12:00,"$63,680.32",$1.27T,$24.04B,20.06M BTC,0.99% (24h),,
2026-08-03 14:13:41,"$63,909.08",$1.28T,$25.19B,20.06M BTC,1.05% (24h),,
2026-08-03 16:04:26,"$63,799.60",$1.28T,$25.69B,20.06M BTC,0.67% (24h),,
2026-08-03 17:21:00,"$63,659.21",$1.27T,$26.15B,20.06M BTC,0.33% (24h),,
2026-08-03 18:33:15,"$63,471.86",$1.27T,$26.21B,20.06M BTC,0.02% (24h),,
2026-08-03 19:47:04,"$63,447.14",$1.27T,$25.96B,20.06M BTC,0.03% (24h),,
2026-08-03 21:11:54,"$63,398.37",$1.27T,$26.08B,20.06M BTC,0.3% (24h),,
2026-08-04 00:33:30,"$63,796.96",$1.28T,$26.49B,20.06M BTC,1.4% (24h),,
2026-08-04 03:22:41,"$63,464.72",$1.27T,$26.08B,20.06M BTC,1.48% (24h),,
2026-08-04 06:13:31,"$63,460.19",$1.27T,$25.48B,20.06M BTC,1.18% (24h),,
2026-08-04 08:23:09,"$63,767.13",$1.27T,$25.7B,20.06M BTC,1.95% (24h),,
2026-08-04 11:04:34,"$64,143.74",$1.28T,$24.38B,20.06M BTC,0.51% (24h),,
2026-08-04 13:02:35,"$63,987.39",$1.28T,$23.32B,20.06M BTC,0.46% (24h),,
2026-08-04 14:49:59,"$64,257.03",$1.28T,$23.79B,20.06M BTC,0.75% (24h),,
2026-08-04 16:16:50,"$64,047.40",$1.28T,$23.68B,20.06M BTC,0.32% (24h),,
2026-08-04 17:43:15,"$64,215.62",$1.28T,$23.77B,20.06M BTC,0.92% (24h),,
2026-08-04 18:49:13,"$64,151.01",$1.28T,$23.31B,20.06M BTC,0.98% (24h),,
2026-08-04 19:49:56,"$64,130.45",$1.28T,$23.52B,20.06M BTC,1.08% (24h),,
2026-08-04 21:12:22,"$63,969.81",$1.28T,$23.82B,20.06M BTC,0.9% (24h),,
2026-08-05 00:33:58,"$64,164.85",$1.28T,$23.66B,20.06M BTC,0.57% (24h),,
2026-08-05 03:23:19,"$64,020.69",$1.28T,$23.21B,20.06M BTC,0.88% (24h),,
2026-08-05 06:10:21,"$64,106.06",$1.28T,$23.34B,20.06M BTC,1% (24h),,
2026-08-05 08:17:40,"$64,181.86",$1.28T,$22.77B,20.06M BTC,0.67% (24h),,
2026-08-05 10:41:07,"$64,274.19",$1.28T,$23.69B,20.06M BTC,0.37% (24h),,
2026-08-05 14:07:24,"$64,658.36",$1.29T,$23.46B,20.06M BTC,0.89% (24h),,
2026-08-05 15:53:46,"$64,865.44",$1.3T,$23.42B,20.06M BTC,0.9% (24h),,
2026-08-05 17:18:08,"$64,711.09",$1.29T,$23.38B,20.06M BTC,0.81% (24h),,
2026-08-05 18:32:22,"$64,686.23",$1.29T,$23.66B,20.06M BTC,0.71% (24h),,
2026-08-05 19:37:55,"$64,614.07",$1.29T,$23.4B,20.06M BTC,0.72% (24h),,
2026-08-05 21:04:43,"$64,557.17",$1.29T,$22.97B,20.06M BTC,1.01% (24h),,
2026-08-06 00:29:50,"$64,628.34",$1.29T,$22.04B,20.06M BTC,0.84% (24h),,
2026-08-06 03:21:42,"$64,874.89",$1.3T,$22.22B,20.06M BTC,1.28% (24h),,
2026-08-06 06:06:21,"$64,572.28",$1.29T,$22.39B,20.06M BTC,0.71% (24h),,
2026-08-06 10:41:31,"$64,520.46",$1.29T,$21.01B,20.06M BTC,0.38% (24h),,
2026-08-06 20:20:44,"$64,202.10",$1.28T,$18.3B,20.06M BTC,0.56% (24h),,
2026-08-06 23:24:08,"$64,223.53",$1.28T,$18.16B,20.06M BTC,0.39% (24h),,
2026-08-07 01:17:17,"$64,171.90",$1.28T,$18.02B,20.06M BTC,1.14% (24h),,
2026-08-07 02:38:13,"$64,319.05",$1.29T,$17.81B,20.06M BTC,0.67% (24h),,
2026-08-07 04:00:08,"$64,262.98",$1.28T,$17.79B,20.06M BTC,0.73% (24h),,
2026-08-07 05:15:46,"$64,683.87",$1.29T,$17.73B,20.06M BTC,0.02% (24h),,
2026-08-07 06:12:44,"$64,782.11",$1.29T,$18.44B,20.06M BTC,0.38% (24h),,
2026-08-07 07:13:08,"$64,916.75",$1.3T,$18.51B,20.06M BTC,0.65% (24h),,
2026-08-07 08:02:54,"$65,018.27",$1.3T,$18.9B,20.06M BTC,0.82% (24h),,
2026-08-07 09:37:06,"$65,153.06",$1.3T,$19.71B,20.06M BTC,1.48% (24h),,
2026-08-07 10:39:58,"$65,123.22",$1.3T,$21.52B,20.06M BTC,0.94% (24h),,
2026-08-07 11:36:44,"$65,030.29",$1.3T,$21.28B,20.06M BTC,0.55% (24h),,
2026-08-07 12:34:02,"$64,898.61",$1.3T,$21.11B,20.06M BTC,0.47% (24h),,
2026-08-07 13:32:35,"$64,501.66",$1.29T,$21.51B,20.06M BTC,0.2% (24h),,
2026-08-07 14:29:37,"$64,772.08",$1.29T,$21.64B,20.06M BTC,0.47% (24h),,
2026-08-07 15:35:35,"$64,939.03",$1.3T,$21.49B,20.06M BTC,0.91% (24h),,
2026-08-07 16:21:31,"$64,933.22",$1.3T,$21.77B,20.06M BTC,0.78% (24h),,
2026-08-07 17:07:47,"$64,938.67",$1.3T,$21.98B,20.06M BTC,0.77% (24h),,
2026-08-07 17:55:17,"$64,911.92",$1.3T,$21.98B,20.06M BTC,0.79% (24h),,
2026-08-07 18:42:33,"$64,827.29",$1.3T,$22.07B,20.06M BTC,0.79% (24h),,
2026-08-07 19:21:37,"$64,846.21",$1.3T,$22.25B,20.06M BTC,0.96% (24h),,
2026-08-07 19:56:17,"$64,877.74",$1.3T,$22.18B,20.06M BTC,0.95% (24h),,
2026-08-07 23:41:03,"$64,974.34",$1.3T,$21.98B,20.06M BTC,1.06% (24h),,
2026-08-08 00:40:45,"$65,011.43",$1.3T,$22.02B,20.06M BTC,1.23% (24h),,
2026-08-08 01:29:05,"$64,977.93",$1.3T,$21.93B,20.06M BTC,1.34% (24h),,
2026-08-08 02:10:53,"$64,949.16",$1.3T,$21.81B,20.06M BTC,1.03% (24h),,
2026-08-08 03:17:01,"$64,960.17",$1.3T,$21.45B,20.06M BTC,1.05% (24h),,
2026-08-08 04:05:01,"$64,925.88",$1.3T,$21.28B,20.06M BTC,1.02% (24h),,
2026-08-08 04:58:59,"$64,953.58",$1.3T,$20.72B,20.06M BTC,0.65% (24h),,
2026-08-08 05:48:37,"$64,970.35",$1.3T,$20.07B,20.06M BTC,0.2% (24h),,
2026-08-08 06:17:47,"$64,958.71",$1.3T,$19.78B,20.06M BTC,0.26% (24h),,
2026-08-08 06:56:41,"$64,974.32",$1.3T,$19.61B,20.06M BTC,0.2% (24h),,
2026-08-08 07:34:51,"$64,936.67",$1.3T,$19.08B,20.06M BTC,0.06% (24h),,
2026-08-08 08:01:58,"$64,919.45",$1.3T,$18.82B,20.06M BTC,0.09% (24h),,
2026-08-08 09:08:29,"$64,971.91",$1.3T,$17.27B,20.06M BTC,0.47% (24h),,
2026-08-08 09:57:00,"$64,973.71",$1.3T,$16.1B,20.06M BTC,0.15% (24h),,
2026-08-08 10:37:27,"$65,129.01",$1.3T,$14.77B,20.06M BTC,0.02% (24h),,
2026-08-08 11:03:47,"$65,087.29",$1.3T,$14.37B,20.06M BTC,0.3% (24h),,
2026-08-08 11:45:24,"$65,015.93",$1.3T,$13.97B,20.06M BTC,0.07% (24h),,
2026-08-08 12:15:40,"$65,038.94",$1.3T,$13.7B,20.06M BTC,0.06% (24h),,
2026-08-08 12:58:20,"$65,037.43",$1.3T,$13.43B,20.06M BTC,0.37% (24h),,
2026-08-08 13:38:46,"$65,091.31",$1.3T,$13.09B,20.06M BTC,0.8% (24h),,
2026-08-08 14:04:27,"$65,070.81",$1.3T,$12.76B,20.06M BTC,0.42% (24h),,
2026-08-08 14:57:02,"$64,996.78",$1.3T,$12.71B,20.06M BTC,0.54% (24h),,
2026-08-08 15:35:38,"$64,977.58",$1.3T,$12.48B,20.06M BTC,0.06% (24h),,
2026-08-08 16:01:51,"$65,019.72",$1.3T,$12.33B,20.06M BTC,0.16% (24h),,
2026-08-08 16:44:21,"$65,021.11",$1.3T,$12.08B,20.06M BTC,0.15% (24h),,
2026-08-08 17:15:37,"$65,002.89",$1.3T,$12.29B,20.06M BTC,0.06% (24h),,
2026-08-08 17:51:39,"$64,987.38",$1.3T,$12.4B,20.06M BTC,0.07% (24h),,
2026-08-08 18:19:59,"$64,946.10",$1.3T,$12.36B,20.06M BTC,0.07% (24h),,
2026-08-08 18:53:16,"$64,907.59",$1.3T,$12.49B,20.06M BTC,0.04% (24h),,
2026-08-08 19:34:29,"$64,894.64",$1.3T,$12.33B,20.06M BTC,0.06% (24h),,
2026-08-08 20:02:22,"$64,903.56",$1.3T,$12.35B,20.06M BTC,0.04% (24h),,
2026-08-08 22:27:36,"$64,789.00",$1.3T,$12.22B,20.06M BTC,0.13% (24h),,
2026-08-09 00:01:58,"$64,733.48",$1.29T,$12.1B,20.06M BTC,0.37% (24h),,
2026-08-09 01:15:28,"$64,734.88",$1.29T,$12.06B,20.06M BTC,0.34% (24h),,
2026-08-09 02:05:03,"$64,749.06",$1.29T,$11.98B,20.06M BTC,0.31% (24h),,
2026-08-09 04:06:25,"$64,866.46",$1.3T,$12.36B,20.06M BTC,0.08% (24h),,
2026-08-09 05:01:36,"$64,769.73",$1.29T,$12.55B,20.06M BTC,0.28% (24h),,
2026-08-09 05:52:20,"$64,768.59",$1.29T,$12.36B,20.06M BTC,0.29% (24h),,
2026-08-09 06:41:13,"$64,891.34",$1.3T,$12.46B,20.06M BTC,0.13% (24h),,
2026-08-09 07:14:26,"$64,929.40",$1.3T,$12.45B,20.06M BTC,0.06% (24h),,
2026-08-09 07:50:56,"$64,932.21",$1.3T,$12.46B,20.06M BTC,0.02% (24h),,
2026-08-09 08:27:12,"$64,891.40",$1.3T,$12.32B,20.06M BTC,0.06% (24h),,
2026-08-09 09:33:29,"$65,077.45",$1.3T,$12.35B,20.06M BTC,0.15% (24h),,
2026-08-09 10:20:18,"$65,155.99",$1.3T,$12.54B,20.06M BTC,0.22% (24h),,
2026-08-09 10:58:44,"$65,215.86",$1.3T,$12.42B,20.06M BTC,0.15% (24h),,
2026-08-09 11:40:46,"$65,187.06",$1.3T,$12.47B,20.06M BTC,0.25% (24h),,
2026-08-09 12:05:36,"$65,179.63",$1.3T,$12.48B,20.06M BTC,0.21% (24h),,
2026-08-09 12:53:31,"$65,195.18",$1.3T,$12.54B,20.06M BTC,0.27% (24h),,
2026-08-09 13:36:35,"$65,176.31",$1.3T,$12.51B,20.06M BTC,0.12% (24h),,
2026-08-09 14:04:37,"$65,152.13",$1.3T,$12.43B,20.06M BTC,0.11% (24h),,
2026-08-09 14:59:57,"$65,146.52",$1.3T,$12.24B,20.06M BTC,0.22% (24h),,
2026-08-09 15:42:54,"$65,147.91",$1.3T,$12.23B,20.06M BTC,0.24% (24h),,
2026-08-09 16:15:30,"$65,028.15",$1.3T,$12.16B,20.06M BTC,0% (24h),,
2026-08-09 16:57:38,"$65,088.31",$1.3T,$12.22B,20.06M BTC,0.09% (24h),,
2026-08-09 17:40:54,"$65,175.52",$1.3T,$12.28B,20.06M BTC,0.27% (24h),,
2026-08-09 18:05:44,"$65,202.53",$1.3T,$12.35B,20.06M BTC,0.35% (24h),,
2026-08-09 18:48:45,"$64,971.52",$1.3T,$12.78B,20.06M BTC,0.08% (24h),,
2026-08-09 19:17:05,"$64,978.77",$1.3T,$13.02B,20.06M BTC,0.12% (24h),,
2026-08-09 19:53:36,"$64,838.23",$1.3T,$13.24B,20.06M BTC,0.1% (24h),,
2026-08-09 22:11:01,"$65,076.62",$1.3T,$13.86B,20.06M BTC,0.44% (24h),,
2026-08-10 00:08:30,"$64,974.91",$1.3T,$14.31B,20.06M BTC,0.36% (24h),,
2026-08-10 01:44:05,"$65,020.63",$1.3T,$14.46B,20.06M BTC,0.44% (24h),,
2026-08-10 03:00:15,"$65,244.09",$1.3T,$14.79B,20.06M BTC,0.67% (24h),,
2026-08-10 04:48:05,"$65,166.19",$1.3T,$14.91B,20.06M BTC,0.63% (24h),,
2026-08-10 06:06:05,"$65,002.74",$1.3T,$15.26B,20.06M BTC,0.24% (24h),,
2026-08-10 07:21:58,"$65,022.23",$1.3T,$15.44B,20.06M BTC,0.15% (24h),,
2026-08-10 08:06:43,"$65,105.14",$1.3T,$15.55B,20.06M BTC,0.35% (24h),,
2026-08-10 09:42:13,"$64,595.86",$1.29T,$16.76B,20.06M BTC,0.91% (24h),,
2026-08-10 10:45:30,"$64,783.51",$1.3T,$18.02B,20.06M BTC,0.51% (24h),,
2026-08-10 11:45:40,"$64,274.85",$1.28T,$18.93B,20.06M BTC,1.39% (24h),,
2026-08-10 12:39:03,"$64,074.33",$1.28T,$19.93B,20.06M BTC,1.73% (24h),,
2026-08-10 13:37:23,"$63,895.79",$1.28T,$21.48B,20.06M BTC,1.96% (24h),,
2026-08-10 14:32:54,"$63,861.80",$1.28T,$22.63B,20.06M BTC,2% (24h),,
2026-08-10 15:40:41,"$63,893.36",$1.28T,$23.52B,20.06M BTC,1.92% (24h),,
2026-08-10 16:24:35,"$64,024.77",$1.28T,$23.75B,20.06M BTC,1.61% (24h),,
2026-08-10 17:22:11,"$64,051.70",$1.28T,$23.59B,20.06M BTC,1.58% (24h),,
2026-08-10 18:05:57,"$63,902.82",$1.28T,$23.29B,20.06M BTC,1.99% (24h),,
2026-08-10 18:56:15,"$63,937.04",$1.28T,$22.74B,20.06M BTC,1.7% (24h),,
2026-08-10 19:40:30,"$63,874.37",$1.28T,$22.42B,20.06M BTC,1.49% (24h),,
2026-08-10 20:35:29,"$63,941.11",$1.28T,$22.26B,20.06M BTC,1.58% (24h),,
2026-08-10 22:51:42,"$63,975.42",$1.28T,$21.72B,20.06M BTC,1.68% (24h),,
2026-08-11 00:13:11,"$64,061.56",$1.28T,$21.85B,20.06M BTC,1.44% (24h),,
2026-08-11 01:32:48,"$63,909.63",$1.28T,$21.74B,20.06M BTC,1.65% (24h),,
2026-08-11 02:34:37,"$63,844.62",$1.28T,$21.55B,20.06M BTC,1.98% (24h),,
2026-08-11 03:53:02,"$64,034.28",$1.28T,$21.91B,20.06M BTC,1.77% (24h),,
2026-08-11 06:09:57,"$64,222.17",$1.28T,$21.75B,20.06M BTC,1.16% (24h),,
2026-08-11 07:05:33,"$64,313.10",$1.29T,$21.74B,20.06M BTC,0.97% (24h),,
2026-08-11 07:55:29,"$64,317.46",$1.29T,$22.12B,20.06M BTC,1.1% (24h),,
2026-08-11 09:17:31,"$64,258.52",$1.28T,$22.13B,20.06M BTC,0.92% (24h),,
2026-08-11 11:38:30,"$63,486.26",$1.27T,$22.46B,20.06M BTC,1.15% (24h),,
2026-08-11 12:34:22,"$63,494.90",$1.27T,$22.21B,20.06M BTC,0.85% (24h),,
2026-08-11 13:39:32,"$63,472.09",$1.27T,$21.24B,20.06M BTC,0.65% (24h),,
2026-08-11 14:37:00,"$63,371.75",$1.27T,$20.61B,20.06M BTC,0.73% (24h),,
2026-08-11 15:45:33,"$63,380.33",$1.27T,$20.68B,20.06M BTC,0.91% (24h),,
2026-08-11 16:30:21,"$63,622.29",$1.27T,$20.68B,20.06M BTC,0.68% (24h),,
2026-08-11 17:26:14,"$63,630.95",$1.27T,$20.87B,20.06M BTC,0.6% (24h),,
2026-08-11 18:21:24,"$63,673.06",$1.27T,$20.87B,20.06M BTC,0.48% (24h),,
2026-08-11 19:10:18,"$63,516.08",$1.27T,$20.9B,20.06M BTC,0.63% (24h),,
2026-08-11 20:00:57,"$63,512.15",$1.27T,$20.75B,20.06M BTC,0.62% (24h),,
2026-08-11 22:38:28,"$63,737.57",$1.27T,$21.19B,20.06M BTC,0.37% (24h),,
2026-08-12 00:28:25,"$63,769.45",$1.27T,$20.5B,20.06M BTC,0.42% (24h),,
2026-08-12 02:00:46,"$63,758.52",$1.27T,$21.57B,20.06M BTC,0.29% (24h),,
2026-08-12 03:46:38,"$63,586.78",$1.27T,$22B,20.06M BTC,0.67% (24h),,
2026-08-12 04:56:02,"$63,727.85",$1.27T,$22.1B,20.06M BTC,0.54% (24h),,
2026-08-12 06:12:35,"$64,097.80",$1.28T,$22.57B,20.06M BTC,0.17% (24h),,
2026-08-12 07:13:51,"$64,082.02",$1.28T,$22.79B,20.06M BTC,0.37% (24h),,
2026-08-12 08:04:45,"$64,201.31",$1.28T,$22.77B,20.06M BTC,0.25% (24h),,
2026-08-12 09:43:37,"$63,929.02",$1.28T,$23.77B,20.06M BTC,0.33% (24h),,
2026-08-12 10:47:38,"$63,559.40",$1.27T,$23.75B,20.06M BTC,0.59% (24h),,
2026-08-12 11:45:10,"$63,458.87",$1.27T,$23.18B,20.06M BTC,0.07% (24h),,
2026-08-12 12:42:11,"$63,454.42",$1.27T,$23.06B,20.06M BTC,0.04% (24h),,
2026-08-12 13:46:17,"$63,386.19",$1.27T,$22.91B,20.06M BTC,0.18% (24h),,
2026-08-12 14:41:59,"$63,380.60",$1.27T,$22.71B,20.06M BTC,0.26% (24h),,
2026-08-12 15:50:40,"$63,260.60",$1.26T,$22.61B,20.06M BTC,0.15% (24h),,
2026-08-12 16:30:57,"$63,440.52",$1.27T,$22.35B,20.06M BTC,0.26% (24h),,
2026-08-12 17:25:21,"$63,478.75",$1.27T,$22.5B,20.06M BTC,0.2% (24h),,
2026-08-12 18:12:52,"$63,469.28",$1.27T,$22.52B,20.06M BTC,0.3% (24h),,
2026-08-12 19:06:53,"$63,318.50",$1.27T,$22.6B,20.06M BTC,0.31% (24h),,
2026-08-12 19:57:47,"$63,354.47",$1.27T,$22.95B,20.06M BTC,0.31% (24h),,
2026-08-12 22:30:56,"$63,365.35",$1.27T,$22.82B,20.06M BTC,0.72% (24h),,
2026-08-13 00:28:56,"$63,531.36",$1.27T,$22.85B,20.06M BTC,0.38% (24h),,
2026-08-13 02:02:02,"$63,796.82",$1.28T,$22.84B,20.06M BTC,0.09% (24h),,
2026-08-13 03:49:11,"$63,787.71",$1.28T,$22.31B,20.06M BTC,0.25% (24h),,
2026-08-13 04:59:15,"$63,698.83",$1.27T,$22.45B,20.06M BTC,0.04% (24h),,
2026-08-13 06:18:35,"$63,604.62",$1.27T,$22.05B,20.06M BTC,0.65% (24h),,
2026-08-13 07:15:13,"$63,556.55",$1.27T,$21.39B,20.06M BTC,0.79% (24h),,
2026-08-13 08:04:57,"$63,391.80",$1.27T,$20.71B,20.06M BTC,1.21% (24h),,
2026-08-13 10:48:42,"$63,858.10",$1.28T,$18.83B,20.06M BTC,0.49% (24h),,
2026-08-13 11:45:43,"$63,656.76",$1.27T,$18.23B,20.06M BTC,0.31% (24h),,
2026-08-13 12:41:26,"$62,955.62",$1.26T,$18.26B,20.06M BTC,0.83% (24h),,
2026-08-13 13:44:58,"$63,176.66",$1.26T,$19.76B,20.06M BTC,0.36% (24h),,
2026-08-13 14:42:29,"$63,108.16",$1.26T,$19.62B,20.06M BTC,0.42% (24h),,
2026-08-13 15:48:24,"$63,348.89",$1.27T,$19.45B,20.06M BTC,0.09% (24h),,
2026-08-13 16:26:42,"$63,370.79",$1.27T,$19.4B,20.06M BTC,0.1% (24h),,
2026-08-13 17:24:28,"$63,383.79",$1.27T,$19.12B,20.06M BTC,0.18% (24h),,
2026-08-13 18:14:11,"$63,549.41",$1.27T,$18.8B,20.06M BTC,0.16% (24h),,
2026-08-13 19:08:24,"$63,414.91",$1.27T,$19.15B,20.06M BTC,0.14% (24h),,
2026-08-13 19:58:02,"$63,391.42",$1.27T,$18.8B,20.06M BTC,0.04% (24h),,
2026-08-13 22:35:02,"$63,469.92",$1.27T,$18.67B,20.06M BTC,0.22% (24h),,
2026-08-14 00:28:03,"$63,332.72",$1.27T,$18.57B,20.06M BTC,0.31% (24h),,
2026-08-14 02:00:58,"$63,310.52",$1.27T,$18.44B,20.06M BTC,0.79% (24h),,
2026-08-14 03:46:10,"$62,957.23",$1.26T,$18.83B,20.06M BTC,1.32% (24h),,
2026-08-14 04:52:40,"$62,839.40",$1.26T,$19.76B,20.06M BTC,1.36% (24h),,
2026-08-14 06:09:29,"$62,738.45",$1.25T,$20.06B,20.07M BTC,1.33% (24h),,
2026-08-14 07:09:36,"$62,777.32",$1.25T,$20.36B,20.07M BTC,1.22% (24h),,
2026-08-14 07:57:45,"$62,841.33",$1.26T,$20.37B,20.07M BTC,0.87% (24h),,
2026-08-14 09:21:41,"$62,574.59",$1.25T,$20.59B,20.07M BTC,1.67% (24h),,
2026-08-14 10:30:20,"$62,605.43",$1.25T,$21.11B,20.07M BTC,1.78% (24h),,
2026-08-14 11:26:28,"$62,669.55",$1.25T,$21.42B,20.07M BTC,1.62% (24h),,
2026-08-14 12:26:04,"$63,029.43",$1.26T,$21.66B,20.07M BTC,0.72% (24h),,
2026-08-14 13:30:57,"$63,123.37",$1.26T,$20.29B,20.07M BTC,0% (24h),,
2026-08-14 14:29:21,"$62,977.08",$1.26T,$20.33B,20.07M BTC,0.14% (24h),,
2026-08-14 15:32:39,"$62,826.44",$1.26T,$20.32B,20.07M BTC,0.83% (24h),,
2026-08-14 16:12:52,"$62,932.85",$1.26T,$20.56B,20.07M BTC,0.65% (24h),,
2026-08-14 16:51:18,"$62,856.76",$1.26T,$20.55B,20.07M BTC,0.74% (24h),,
2026-08-14 17:16:45,"$62,840.99",$1.26T,$20.58B,20.07M BTC,0.82% (24h),,
2026-08-14 17:45:56,"$62,821.49",$1.26T,$20.55B,20.07M BTC,0.89% (24h),,
2026-08-14 18:04:04,"$62,884.61",$1.26T,$20.5B,20.07M BTC,0.9% (24h),,
2026-08-14 18:38:42,"$62,813.88",$1.26T,$20.39B,20.07M BTC,1.1% (24h),,
2026-08-14 19:00:33,"$62,820.76",$1.26T,$20.41B,20.07M BTC,1.01% (24h),,
2026-08-14 19:32:40,"$62,890.34",$1.26T,$20.43B,20.07M BTC,0.84% (24h),,
2026-08-14 19:59:31,"$62,972.02",$1.26T,$20.32B,20.07M BTC,0.67% (24h),,
2026-08-14 21:45:36,"$62,965.55",$1.26T,$20.05B,20.07M BTC,0.84% (24h),,
2026-08-14 22:44:01,"$63,058.22",$1.26T,$19.84B,20.07M BTC,0.63% (24h),,
2026-08-14 23:25:20,"$63,048.85",$1.26T,$19.87B,20.07M BTC,0.68% (24h),,
2026-08-15 00:07:46,"$63,011.34",$1.26T,$19.84B,20.07M BTC,0.48% (24h),,
2026-08-15 00:45:47,"$63,084.31",$1.26T,$19.69B,20.07M BTC,0.39% (24h),,
2026-08-15 01:12:57,"$63,079.76",$1.26T,$19.62B,20.07M BTC,0.32% (24h),,
2026-08-15 01:46:58,"$63,015.42",$1.26T,$19.61B,20.07M BTC,0.42% (24h),,
2026-08-15 02:15:21,"$62,984.64",$1.26T,$19.41B,20.07M BTC,0.4% (24h),,
2026-08-15 03:03:12,"$63,050.53",$1.26T,$19.12B,20.07M BTC,0.14% (24h),,
2026-08-15 03:42:38,"$63,019.66",$1.26T,$19.11B,20.07M BTC,0.09% (24h),,
2026-08-15 04:12:49,"$62,996.21",$1.26T,$18.64B,20.07M BTC,0.19% (24h),,
2026-08-15 04:47:17,"$62,963.62",$1.26T,$17.79B,20.07M BTC,0.25% (24h),,
2026-08-15 05:13:16,"$62,886.09",$1.26T,$17.63B,20.07M BTC,0.13% (24h),,
2026-08-15 05:46:34,"$62,955.53",$1.26T,$17.4B,20.07M BTC,0.39% (24h),,
2026-08-15 06:04:36,"$62,938.75",$1.26T,$17.25B,20.07M BTC,0.3% (24h),,
2026-08-15 06:37:51,"$62,958.75",$1.26T,$16.97B,20.07M BTC,0.15% (24h),,
2026-08-15 06:58:20,"$62,962.75",$1.26T,$16.85B,20.07M BTC,0.33% (24h),,
2026-08-15 07:28:43,"$62,966.69",$1.26T,$16.55B,20.07M BTC,0.21% (24h),,
2026-08-15 07:49:56,"$62,942.70",$1.26T,$16.35B,20.07M BTC,0.24% (24h),,
2026-08-15 08:11:28,"$62,931.76",$1.26T,$16.27B,20.07M BTC,0.32% (24h),,
2026-08-15 09:00:51,"$62,978.15",$1.26T,$15.77B,20.07M BTC,0.48% (24h),,
2026-08-15 09:38:27,"$62,969.83",$1.26T,$15.05B,20.07M BTC,0.56% (24h),,
2026-08-15 09:59:38,"$62,980.79",$1.26T,$14.54B,20.07M BTC,0.7% (24h),,
2026-08-15 10:33:21,"$62,971.75",$1.26T,$13.88B,20.07M BTC,0.52% (24h),,
2026-08-15 10:58:52,"$62,982.26",$1.26T,$13.46B,20.07M BTC,0.7% (24h),,
2026-08-15 11:30:27,"$63,005.80",$1.26T,$12.9B,20.07M BTC,0.38% (24h),,
2026-08-15 11:52:14,"$63,033.96",$1.26T,$12.51B,20.07M BTC,0.2% (24h),,
2026-08-15 12:31:01,"$63,046.44",$1.26T,$12.17B,20.07M BTC,0% (24h),,
2026-08-15 12:55:48,"$63,025.80",$1.26T,$11.91B,20.07M BTC,0.02% (24h),,
2026-08-15 13:25:53,"$63,002.31",$1.26T,$11.5B,20.07M BTC,0.26% (24h),,
2026-08-15 13:49:44,"$62,997.16",$1.26T,$11.38B,20.07M BTC,0.07% (24h),,
2026-08-15 14:09:19,"$63,008.97",$1.26T,$11.28B,20.07M BTC,0.05% (24h),,
2026-08-15 14:48:30,"$62,992.28",$1.26T,$10.89B,20.07M BTC,0.22% (24h),,
2026-08-15 15:12:09,"$63,021.00",$1.26T,$11.04B,20.07M BTC,0.36% (24h),,
2026-08-15 15:40:49,"$63,039.98",$1.26T,$11.18B,20.07M BTC,0.27% (24h),,
2026-08-15 15:57:51,"$63,051.63",$1.26T,$10.99B,20.07M BTC,0.25% (24h),,
2026-08-15 16:32:00,"$63,007.27",$1.26T,$10.72B,20.07M BTC,0.19% (24h),,
2026-08-15 17:52:15,"$63,089.74",$1.26T,$10.6B,20.07M BTC,0.38% (24h),,
2026-08-15 18:09:39,"$63,084.48",$1.26T,$10.44B,20.07M BTC,0.38% (24h),,
2026-08-15 18:38:10,"$63,087.08",$1.26T,$10.32B,20.07M BTC,0.43% (24h),,
2026-08-15 18:59:06,"$63,066.14",$1.26T,$10.32B,20.07M BTC,0.37% (24h),,
2026-08-15 19:28:56,"$63,045.57",$1.26T,$10.18B,20.07M BTC,0.27% (24h),,
2026-08-15 19:49:57,"$63,039.27",$1.26T,$10.06B,20.07M BTC,0.09% (24h),,
2026-08-15 20:27:04,"$63,002.06",$1.26T,$9.97B,20.07M BTC,0.06% (24h),,
2026-08-15 22:08:23,"$62,979.37",$1.26T,$9.7B,20.07M BTC,0.01% (24h),,
2026-08-15 23:13:06,"$63,054.78",$1.26T,$9.46B,20.07M BTC,0.03% (24h),,
2026-08-16 00:05:16,"$63,061.73",$1.26T,$9.29B,20.07M BTC,0.08% (24h),,
2026-08-16 00:49:29,"$63,053.45",$1.26T,$9.14B,20.07M BTC,0.03% (24h),,
2026-08-16 01:16:25,"$63,028.86",$1.26T,$9.15B,20.07M BTC,0.08% (24h),,
2026-08-16 01:49:36,"$62,986.04",$1.26T,$9.08B,20.07M BTC,0.03% (24h),,
2026-08-16 02:17:47,"$62,978.96",$1.26T,$9.07B,20.07M BTC,0% (24h),,
2026-08-16 03:05:57,"$62,985.55",$1.26T,$8.78B,20.07M BTC,0.09% (24h),,
2026-08-16 03:44:27,"$62,987.82",$1.26T,$8.48B,20.07M BTC,0.04% (24h),,
2026-08-16 04:12:21,"$62,997.06",$1.26T,$8.39B,20.07M BTC,0% (24h),,
2026-08-16 04:52:23,"$62,998.25",$1.26T,$8.45B,20.07M BTC,0.04% (24h),,
2026-08-16 05:32:42,"$62,993.10",$1.26T,$8.34B,20.07M BTC,0.11% (24h),,
2026-08-16 05:58:14,"$62,922.85",$1.26T,$8.49B,20.07M BTC,0.07% (24h),,
2026-08-16 06:31:57,"$62,933.23",$1.26T,$8.52B,20.07M BTC,0.01% (24h),,
2026-08-16 06:58:40,"$62,940.12",$1.26T,$8.49B,20.07M BTC,0.03% (24h),,
2026-08-16 07:29:26,"$62,922.68",$1.26T,$8.4B,20.07M BTC,0.06% (24h),,
2026-08-16 07:51:10,"$62,914.56",$1.26T,$8.44B,20.07M BTC,0.03% (24h),,
2026-08-16 08:16:51,"$62,948.54",$1.26T,$8.45B,20.07M BTC,0.04% (24h),,
2026-08-16 09:06:07,"$62,950.25",$1.26T,$8.35B,20.07M BTC,0.08% (24h),,
2026-08-16 09:43:55,"$62,995.14",$1.26T,$8.34B,20.07M BTC,0.04% (24h),,
2026-08-16 10:09:52,"$62,998.54",$1.26T,$8.3B,20.07M BTC,0.03% (24h),,
2026-08-16 10:39:27,"$63,022.23",$1.26T,$8.33B,20.07M BTC,0.09% (24h),,
2026-08-16 11:00:06,"$63,035.18",$1.26T,$8.32B,20.07M BTC,0.09% (24h),,
2026-08-16 11:32:08,"$63,053.82",$1.26T,$8.22B,20.07M BTC,0.08% (24h),,
2026-08-16 11:56:45,"$63,063.51",$1.26T,$8.18B,20.07M BTC,0.05% (24h),,
2026-08-16 12:32:17,"$63,265.91",$1.26T,$8.38B,20.07M BTC,0.35% (24h),,
2026-08-16 12:59:37,"$63,192.50",$1.26T,$8.55B,20.07M BTC,0.26% (24h),,
2026-08-16 13:29:41,"$63,133.41",$1.26T,$8.69B,20.07M BTC,0.21% (24h),,
2026-08-16 13:50:28,"$63,086.01",$1.26T,$8.73B,20.07M BTC,0.14% (24h),,
2026-08-16 14:11:21,"$63,096.76",$1.26T,$8.75B,20.07M BTC,0.12% (24h),,
2026-08-16 14:49:06,"$63,082.43",$1.26T,$8.69B,20.07M BTC,0.15% (24h),,
2026-08-16 15:11:25,"$63,099.52",$1.26T,$8.16B,20.07M BTC,0.13% (24h),,
2026-08-16 15:36:08,"$63,148.70",$1.26T,$8.11B,20.07M BTC,0.18% (24h),,
2026-08-16 15:54:05,"$63,052.19",$1.26T,$8.11B,20.07M BTC,0% (24h),,
2026-08-16 16:29:15,"$63,026.51",$1.26T,$8.17B,20.07M BTC,0.02% (24h),N/A,N/A
